ADALAR->dict_values([1, 2, 3, 4, 5, 6, 7, 8, 9, 10, 11, 12, 13, 14, 15, 16, 17, 18, 19, 20, 21, 22, 23, 24, 25, 26, 27, 28, 29, 30, 31, 32, 33, 34, 35, 36, 37, 38, 39, 40, 41, 42, 43, 44, 45])İSTANBUL BÜYÜKADA MAĞAZASI                 =koordinat:40.873069,29.129949
ARNAVUTKÖY->dict_values([1, 2, 3, 4, 5, 6, 7, 8, 9, 10, 11, 12, 13, 14, 15, 16, 17, 18, 19, 20, 21, 22, 23, 24, 25, 26, 27, 28, 29, 30, 31, 32, 33, 34, 35, 36, 37, 38, 39, 40, 41, 42, 43, 44, 45])İSTANBUL HADIMKÖY MAĞAZASI                 =koordinat:41.181501,28.612411
ARNAVUTKÖY->dict_values([1, 2, 3, 4, 5, 6, 7, 8, 9, 10, 11, 12, 13, 14, 15, 16, 17, 18, 19, 20, 21, 22, 23, 24, 25, 26, 27, 28, 29, 30, 31, 32, 33, 34, 35, 36, 37, 38, 39, 40, 41, 42, 43, 44, 45])İSTANBUL ARNAVUTKÖY NECİP FAZIL MAĞAZASI   =koordinat:41.184272,28.745714
ARNAVUTKÖY->dict_values([1, 2, 3, 4, 5, 6, 7, 8, 9, 10, 11, 12, 13, 14, 15, 16, 17, 18, 19, 20, 21, 22, 23, 24, 25, 26, 27, 28, 29, 30, 31, 32, 33, 34, 35, 36, 37, 38, 39, 40, 41, 42, 43, 44, 45])İSTANBUL ARNAVUTKÖY GÜLLÜBAHÇE MAĞAZASI    =koordinat:41.188274,28.75066
ARNAVUTKÖY->dict_values([1, 2, 3, 4, 5, 6, 7, 8, 9, 10, 11, 12, 13, 14, 15, 16, 17, 18, 19, 20, 21, 22, 23, 24, 25, 26, 27, 28, 29, 30, 31, 32, 33, 34, 35, 36, 37, 38, 39, 40, 41, 42, 43, 44, 45])İSTANBUL ARNAVUTKÖY DÜLDÜL SOKAK MAĞAZASI  =koordinat:41.184557,28.739183
ARNAVUTKÖY->dict_values([1, 2, 3, 4, 5, 6, 7, 8, 9, 10, 11, 12, 13, 14, 15, 16, 17, 18, 19, 20, 21, 22, 23, 24, 25, 26, 27, 28, 29, 30, 31, 32, 33, 34, 35, 36, 37, 38, 39, 40, 41, 42, 43, 44, 45])İSTANBUL ARNAVUTKÖY POLAT MAĞAZASI         =koordinat:41.183281,28.742541
ARNAVUTKÖY->dict_values([1, 2, 3, 4, 5, 6, 7, 8, 9, 10, 11, 12, 13, 14, 15, 16, 17, 18, 19, 20, 21, 22, 23, 24, 25, 26, 27, 28, 29, 30, 31, 32, 33, 34, 35, 36, 37, 38, 39, 40, 41, 42, 43, 44, 45])İSTANBUL ARNAVUTKÖY SELÇUKLU MAĞAZASI      =koordinat:41.1852091,28.7138213
ARNAVUTKÖY->dict_values([1, 2, 3, 4, 5, 6, 7, 8, 9, 10, 11, 12, 13, 14, 15, 16, 17, 18, 19, 20, 21, 22, 23, 24, 25, 26, 27, 28, 29, 30, 31, 32, 33, 34, 35, 36, 37, 38, 39, 40, 41, 42, 43, 44, 45])İSTANBUL HADIMKÖY AYASOFYA MAĞAZASI        =koordinat:41.155984,28.621207
ARNAVUTKÖY->dict_values([1, 2, 3, 4, 5, 6, 7, 8, 9, 10, 11, 12, 13, 14, 15, 16, 17, 18, 19, 20, 21, 22, 23, 24, 25, 26, 27, 28, 29, 30, 31, 32, 33, 34, 35, 36, 37, 38, 39, 40, 41, 42, 43, 44, 45])İSTANBUL ARNAVUTKÖY KOCA YUSUF MAĞAZASI    =koordinat:41.204338,28.767409
ARNAVUTKÖY->dict_values([1, 2, 3, 4, 5, 6, 7, 8, 9, 10, 11, 12, 13, 14, 15, 16, 17, 18, 19, 20, 21, 22, 23, 24, 25, 26, 27, 28, 29, 30, 31, 32, 33, 34, 35, 36, 37, 38, 39, 40, 41, 42, 43, 44, 45])ŞOK MİNİ-BOYALIK MAĞAZASI                  =koordinat:41.263271,28.629853
ARNAVUTKÖY->dict_values([1, 2, 3, 4, 5, 6, 7, 8, 9, 10, 11, 12, 13, 14, 15, 16, 17, 18, 19, 20, 21, 22, 23, 24, 25, 26, 27, 28, 29, 30, 31, 32, 33, 34, 35, 36, 37, 38, 39, 40, 41, 42, 43, 44, 45])ŞOK MİNİ-LOZAN MAĞAZASI                    =koordinat:41.183821,28.748978
ARNAVUTKÖY->dict_values([1, 2, 3, 4, 5, 6, 7, 8, 9, 10, 11, 12, 13, 14, 15, 16, 17, 18, 19, 20, 21, 22, 23, 24, 25, 26, 27, 28, 29, 30, 31, 32, 33, 34, 35, 36, 37, 38, 39, 40, 41, 42, 43, 44, 45])ARNAVUTKÖY TATLIPINAR MAĞAZASI             =koordinat:41.20348,28.741716
ARNAVUTKÖY->dict_values([1, 2, 3, 4, 5, 6, 7, 8, 9, 10, 11, 12, 13, 14, 15, 16, 17, 18, 19, 20, 21, 22, 23, 24, 25, 26, 27, 28, 29, 30, 31, 32, 33, 34, 35, 36, 37, 38, 39, 40, 41, 42, 43, 44, 45])ARNAVUTKÖY YILDIRIM BEYAZIT MAĞAZASI       =koordinat:41.187816,28.742266
ARNAVUTKÖY->dict_values([1, 2, 3, 4, 5, 6, 7, 8, 9, 10, 11, 12, 13, 14, 15, 16, 17, 18, 19, 20, 21, 22, 23, 24, 25, 26, 27, 28, 29, 30, 31, 32, 33, 34, 35, 36, 37, 38, 39, 40, 41, 42, 43, 44, 45])ŞOK MİNİ-DURUSU YENİ MAĞAZASI              =koordinat:41.304054,28.679807
ARNAVUTKÖY->dict_values([1, 2, 3, 4, 5, 6, 7, 8, 9, 10, 11, 12, 13, 14, 15, 16, 17, 18, 19, 20, 21, 22, 23, 24, 25, 26, 27, 28, 29, 30, 31, 32, 33, 34, 35, 36, 37, 38, 39, 40, 41, 42, 43, 44, 45])ŞOK MİNİ-TAYAKADIN MAĞAZASI                =koordinat:41.269043,28.69043
ARNAVUTKÖY->dict_values([1, 2, 3, 4, 5, 6, 7, 8, 9, 10, 11, 12, 13, 14, 15, 16, 17, 18, 19, 20, 21, 22, 23, 24, 25, 26, 27, 28, 29, 30, 31, 32, 33, 34, 35, 36, 37, 38, 39, 40, 41, 42, 43, 44, 45])ŞOK MİNİ-OZGUR MAĞAZASI                    =koordinat:41.197835,28.75426
ARNAVUTKÖY->dict_values([1, 2, 3, 4, 5, 6, 7, 8, 9, 10, 11, 12, 13, 14, 15, 16, 17, 18, 19, 20, 21, 22, 23, 24, 25, 26, 27, 28, 29, 30, 31, 32, 33, 34, 35, 36, 37, 38, 39, 40, 41, 42, 43, 44, 45])ŞOK MİNİ-YENIKOY MAĞAZASI                  =koordinat:41.318044,28.722606
ARNAVUTKÖY->dict_values([1, 2, 3, 4, 5, 6, 7, 8, 9, 10, 11, 12, 13, 14, 15, 16, 17, 18, 19, 20, 21, 22, 23, 24, 25, 26, 27, 28, 29, 30, 31, 32, 33, 34, 35, 36, 37, 38, 39, 40, 41, 42, 43, 44, 45])ŞOK MİNİ -TAŞOLUK MAĞAZASI                 =koordinat:41.198901,28.714268
ARNAVUTKÖY->dict_values([1, 2, 3, 4, 5, 6, 7, 8, 9, 10, 11, 12, 13, 14, 15, 16, 17, 18, 19, 20, 21, 22, 23, 24, 25, 26, 27, 28, 29, 30, 31, 32, 33, 34, 35, 36, 37, 38, 39, 40, 41, 42, 43, 44, 45])İSTANBUL ARNAVUTKÖY BOĞAZKÖY MAĞAZASI      =koordinat:41.186316,28.76208
ARNAVUTKÖY->dict_values([1, 2, 3, 4, 5, 6, 7, 8, 9, 10, 11, 12, 13, 14, 15, 16, 17, 18, 19, 20, 21, 22, 23, 24, 25, 26, 27, 28, 29, 30, 31, 32, 33, 34, 35, 36, 37, 38, 39, 40, 41, 42, 43, 44, 45])İSTANBUL ISTANBUL ARNAVUTKÖY KARABURUN MAĞAZASI=koordinat:41.338066,28.680293
ARNAVUTKÖY->dict_values([1, 2, 3, 4, 5, 6, 7, 8, 9, 10, 11, 12, 13, 14, 15, 16, 17, 18, 19, 20, 21, 22, 23, 24, 25, 26, 27, 28, 29, 30, 31, 32, 33, 34, 35, 36, 37, 38, 39, 40, 41, 42, 43, 44, 45])İSTANBUL ARNAVUTKÖY 23 NİSAN CADDESİ MAĞAZASI=koordinat:41.183708,28.734574
ARNAVUTKÖY->dict_values([1, 2, 3, 4, 5, 6, 7, 8, 9, 10, 11, 12, 13, 14, 15, 16, 17, 18, 19, 20, 21, 22, 23, 24, 25, 26, 27, 28, 29, 30, 31, 32, 33, 34, 35, 36, 37, 38, 39, 40, 41, 42, 43, 44, 45])İSTANBUL HADIMKÖY KORULUK SOKAK MAĞAZASI   =koordinat:41.156262,28.616332
ARNAVUTKÖY->dict_values([1, 2, 3, 4, 5, 6, 7, 8, 9, 10, 11, 12, 13, 14, 15, 16, 17, 18, 19, 20, 21, 22, 23, 24, 25, 26, 27, 28, 29, 30, 31, 32, 33, 34, 35, 36, 37, 38, 39, 40, 41, 42, 43, 44, 45])İSTANBUL HADIMKÖY MEYDAN MAĞAZASI          =koordinat:41.156431,28.623827
ARNAVUTKÖY->dict_values([1, 2, 3, 4, 5, 6, 7, 8, 9, 10, 11, 12, 13, 14, 15, 16, 17, 18, 19, 20, 21, 22, 23, 24, 25, 26, 27, 28, 29, 30, 31, 32, 33, 34, 35, 36, 37, 38, 39, 40, 41, 42, 43, 44, 45])İSTANBUL ARNAVUTKÖY NENE HATUN MAĞAZASI    =koordinat:41.197434,28.727749
ARNAVUTKÖY->dict_values([1, 2, 3, 4, 5, 6, 7, 8, 9, 10, 11, 12, 13, 14, 15, 16, 17, 18, 19, 20, 21, 22, 23, 24, 25, 26, 27, 28, 29, 30, 31, 32, 33, 34, 35, 36, 37, 38, 39, 40, 41, 42, 43, 44, 45])İSTANBUL ARNAVUTKÖY BOLLUCA MAĞAZASI       =koordinat:41.200876,28.765474
ARNAVUTKÖY->dict_values([1, 2, 3, 4, 5, 6, 7, 8, 9, 10, 11, 12, 13, 14, 15, 16, 17, 18, 19, 20, 21, 22, 23, 24, 25, 26, 27, 28, 29, 30, 31, 32, 33, 34, 35, 36, 37, 38, 39, 40, 41, 42, 43, 44, 45])ARNAVUTKÖY AYŞIL SOKAK MAĞAZASI            =koordinat:41.18209289,28.74447763
ARNAVUTKÖY->dict_values([1, 2, 3, 4, 5, 6, 7, 8, 9, 10, 11, 12, 13, 14, 15, 16, 17, 18, 19, 20, 21, 22, 23, 24, 25, 26, 27, 28, 29, 30, 31, 32, 33, 34, 35, 36, 37, 38, 39, 40, 41, 42, 43, 44, 45])ARNAVUTKÖY ÖZCANLAR SOKAK MAĞAZASI         =koordinat:41.183666,28.75916
ARNAVUTKÖY->dict_values([1, 2, 3, 4, 5, 6, 7, 8, 9, 10, 11, 12, 13, 14, 15, 16, 17, 18, 19, 20, 21, 22, 23, 24, 25, 26, 27, 28, 29, 30, 31, 32, 33, 34, 35, 36, 37, 38, 39, 40, 41, 42, 43, 44, 45])ARNAVUTKÖY 30 AĞUSTOS MAĞAZASI             =koordinat:41.185713,28.76376
ARNAVUTKÖY->dict_values([1, 2, 3, 4, 5, 6, 7, 8, 9, 10, 11, 12, 13, 14, 15, 16, 17, 18, 19, 20, 21, 22, 23, 24, 25, 26, 27, 28, 29, 30, 31, 32, 33, 34, 35, 36, 37, 38, 39, 40, 41, 42, 43, 44, 45])GAZİOSMANPAŞA KARADENİZ MAĞAZASI           =koordinat:41.07800964,28.88350993
ARNAVUTKÖY->dict_values([1, 2, 3, 4, 5, 6, 7, 8, 9, 10, 11, 12, 13, 14, 15, 16, 17, 18, 19, 20, 21, 22, 23, 24, 25, 26, 27, 28, 29, 30, 31, 32, 33, 34, 35, 36, 37, 38, 39, 40, 41, 42, 43, 44, 45])ARNAVUTKÖY ÇINARALTI MAĞAZASI              =koordinat:41.18591061,28.74166662
ARNAVUTKÖY->dict_values([1, 2, 3, 4, 5, 6, 7, 8, 9, 10, 11, 12, 13, 14, 15, 16, 17, 18, 19, 20, 21, 22, 23, 24, 25, 26, 27, 28, 29, 30, 31, 32, 33, 34, 35, 36, 37, 38, 39, 40, 41, 42, 43, 44, 45])ARNAVUTKÖY İMAMI AZAM MAĞAZASI             =koordinat:41.19324319,28.74673891
ARNAVUTKÖY->dict_values([1, 2, 3, 4, 5, 6, 7, 8, 9, 10, 11, 12, 13, 14, 15, 16, 17, 18, 19, 20, 21, 22, 23, 24, 25, 26, 27, 28, 29, 30, 31, 32, 33, 34, 35, 36, 37, 38, 39, 40, 41, 42, 43, 44, 45])ARNAVUTKÖY MECNUN SOKAK MAĞAZASI           =koordinat:41.18013,28.741012
ARNAVUTKÖY->dict_values([1, 2, 3, 4, 5, 6, 7, 8, 9, 10, 11, 12, 13, 14, 15, 16, 17, 18, 19, 20, 21, 22, 23, 24, 25, 26, 27, 28, 29, 30, 31, 32, 33, 34, 35, 36, 37, 38, 39, 40, 41, 42, 43, 44, 45])ARNAVUTKÖY HARAÇÇI MAĞAZASI                =koordinat:41.181682,28.712597
ARNAVUTKÖY->dict_values([1, 2, 3, 4, 5, 6, 7, 8, 9, 10, 11, 12, 13, 14, 15, 16, 17, 18, 19, 20, 21, 22, 23, 24, 25, 26, 27, 28, 29, 30, 31, 32, 33, 34, 35, 36, 37, 38, 39, 40, 41, 42, 43, 44, 45])ARNAVUTKÖY GÜR MAĞAZASI                    =koordinat:41.18532271,28.7454915
ARNAVUTKÖY->dict_values([1, 2, 3, 4, 5, 6, 7, 8, 9, 10, 11, 12, 13, 14, 15, 16, 17, 18, 19, 20, 21, 22, 23, 24, 25, 26, 27, 28, 29, 30, 31, 32, 33, 34, 35, 36, 37, 38, 39, 40, 41, 42, 43, 44, 45])ARNAVUTKÖY ŞİRİNDERE MAĞAZASI              =koordinat:41.186065,28.755901
ARNAVUTKÖY->dict_values([1, 2, 3, 4, 5, 6, 7, 8, 9, 10, 11, 12, 13, 14, 15, 16, 17, 18, 19, 20, 21, 22, 23, 24, 25, 26, 27, 28, 29, 30, 31, 32, 33, 34, 35, 36, 37, 38, 39, 40, 41, 42, 43, 44, 45])ARNAVUTKÖY ÖZEL SOKAK MAĞAZASI             =koordinat:41.18335456,28.74727115
ARNAVUTKÖY->dict_values([1, 2, 3, 4, 5, 6, 7, 8, 9, 10, 11, 12, 13, 14, 15, 16, 17, 18, 19, 20, 21, 22, 23, 24, 25, 26, 27, 28, 29, 30, 31, 32, 33, 34, 35, 36, 37, 38, 39, 40, 41, 42, 43, 44, 45])ARNAVUTKÖY YİĞİT MAĞAZASI                  =koordinat:41.2022,28.7424
ARNAVUTKÖY->dict_values([1, 2, 3, 4, 5, 6, 7, 8, 9, 10, 11, 12, 13, 14, 15, 16, 17, 18, 19, 20, 21, 22, 23, 24, 25, 26, 27, 28, 29, 30, 31, 32, 33, 34, 35, 36, 37, 38, 39, 40, 41, 42, 43, 44, 45])ŞOK MİNİ-MÜCEVHER MAĞAZASI                 =koordinat:41.021575,29.069224
ARNAVUTKÖY->dict_values([1, 2, 3, 4, 5, 6, 7, 8, 9, 10, 11, 12, 13, 14, 15, 16, 17, 18, 19, 20, 21, 22, 23, 24, 25, 26, 27, 28, 29, 30, 31, 32, 33, 34, 35, 36, 37, 38, 39, 40, 41, 42, 43, 44, 45])ARNAVUTKÖY KANDIRA MAĞAZASI                =koordinat:41.1746,28.703
ARNAVUTKÖY->dict_values([1, 2, 3, 4, 5, 6, 7, 8, 9, 10, 11, 12, 13, 14, 15, 16, 17, 18, 19, 20, 21, 22, 23, 24, 25, 26, 27, 28, 29, 30, 31, 32, 33, 34, 35, 36, 37, 38, 39, 40, 41, 42, 43, 44, 45])ARNAVUTKÖY HANCI MAĞAZASI                  =koordinat:41.18578,28.750368
ARNAVUTKÖY->dict_values([1, 2, 3, 4, 5, 6, 7, 8, 9, 10, 11, 12, 13, 14, 15, 16, 17, 18, 19, 20, 21, 22, 23, 24, 25, 26, 27, 28, 29, 30, 31, 32, 33, 34, 35, 36, 37, 38, 39, 40, 41, 42, 43, 44, 45])HADIMKÖY DOSTLAR SOKAK MAĞAZASI            =koordinat:41.15141183,28.6199376
ARNAVUTKÖY->dict_values([1, 2, 3, 4, 5, 6, 7, 8, 9, 10, 11, 12, 13, 14, 15, 16, 17, 18, 19, 20, 21, 22, 23, 24, 25, 26, 27, 28, 29, 30, 31, 32, 33, 34, 35, 36, 37, 38, 39, 40, 41, 42, 43, 44, 45])ARNAVUTKÖY DELİKLİKAYA MAĞAZASI            =koordinat:41.11504203,28.66283445
ARNAVUTKÖY->dict_values([1, 2, 3, 4, 5, 6, 7, 8, 9, 10, 11, 12, 13, 14, 15, 16, 17, 18, 19, 20, 21, 22, 23, 24, 25, 26, 27, 28, 29, 30, 31, 32, 33, 34, 35, 36, 37, 38, 39, 40, 41, 42, 43, 44, 45])HADIMKÖY İKRA MAĞAZASI                     =koordinat:41.152388,28.621066
ARNAVUTKÖY->dict_values([1, 2, 3, 4, 5, 6, 7, 8, 9, 10, 11, 12, 13, 14, 15, 16, 17, 18, 19, 20, 21, 22, 23, 24, 25, 26, 27, 28, 29, 30, 31, 32, 33, 34, 35, 36, 37, 38, 39, 40, 41, 42, 43, 44, 45])ARNAVUTKÖY TERKOS MAĞAZASI                 =koordinat:41.3927,28.6741
ARNAVUTKÖY->dict_values([1, 2, 3, 4, 5, 6, 7, 8, 9, 10, 11, 12, 13, 14, 15, 16, 17, 18, 19, 20, 21, 22, 23, 24, 25, 26, 27, 28, 29, 30, 31, 32, 33, 34, 35, 36, 37, 38, 39, 40, 41, 42, 43, 44, 45])HADIMKÖY OGÜN SOKAK MAĞAZASI               =koordinat:41.16655,28.625647
ARNAVUTKÖY->dict_values([1, 2, 3, 4, 5, 6, 7, 8, 9, 10, 11, 12, 13, 14, 15, 16, 17, 18, 19, 20, 21, 22, 23, 24, 25, 26, 27, 28, 29, 30, 31, 32, 33, 34, 35, 36, 37, 38, 39, 40, 41, 42, 43, 44, 45])ARNAVUTKÖY EMEL MAĞAZASI                   =koordinat:41.19387491,28.71767834
ARNAVUTKÖY->dict_values([1, 2, 3, 4, 5, 6, 7, 8, 9, 10, 11, 12, 13, 14, 15, 16, 17, 18, 19, 20, 21, 22, 23, 24, 25, 26, 27, 28, 29, 30, 31, 32, 33, 34, 35, 36, 37, 38, 39, 40, 41, 42, 43, 44, 45])ARNAVUTKÖY YEŞİLYALI MAĞAZASI              =koordinat:41.2072,28.7672
ARNAVUTKÖY->dict_values([1, 2, 3, 4, 5, 6, 7, 8, 9, 10, 11, 12, 13, 14, 15, 16, 17, 18, 19, 20, 21, 22, 23, 24, 25, 26, 27, 28, 29, 30, 31, 32, 33, 34, 35, 36, 37, 38, 39, 40, 41, 42, 43, 44, 45])ARNAVUTKÖY İMRAHOR MAĞAZASI                =koordinat:41.2036,28.7272
ARNAVUTKÖY->dict_values([1, 2, 3, 4, 5, 6, 7, 8, 9, 10, 11, 12, 13, 14, 15, 16, 17, 18, 19, 20, 21, 22, 23, 24, 25, 26, 27, 28, 29, 30, 31, 32, 33, 34, 35, 36, 37, 38, 39, 40, 41, 42, 43, 44, 45])ARNAVUTKÖY 10.YIL MAĞAZASI                 =koordinat:41.1819,28.7372
ATAŞEHİR->dict_values([1, 2, 3, 4, 5, 6, 7, 8, 9, 10, 11, 12, 13, 14, 15, 16, 17, 18, 19, 20, 21, 22, 23, 24, 25, 26, 27, 28, 29, 30, 31, 32, 33, 34, 35, 36, 37, 38, 39, 40, 41, 42, 43, 44, 45])İSTANBUL İÇERENKÖY 1 MAĞAZASI              =koordinat:40.968236,29.115151
ATAŞEHİR->dict_values([1, 2, 3, 4, 5, 6, 7, 8, 9, 10, 11, 12, 13, 14, 15, 16, 17, 18, 19, 20, 21, 22, 23, 24, 25, 26, 27, 28, 29, 30, 31, 32, 33, 34, 35, 36, 37, 38, 39, 40, 41, 42, 43, 44, 45])İSTANBUL İÇERENKÖY İNÖNÜ MAĞAZASI          =koordinat:40.976318,29.133929
ATAŞEHİR->dict_values([1, 2, 3, 4, 5, 6, 7, 8, 9, 10, 11, 12, 13, 14, 15, 16, 17, 18, 19, 20, 21, 22, 23, 24, 25, 26, 27, 28, 29, 30, 31, 32, 33, 34, 35, 36, 37, 38, 39, 40, 41, 42, 43, 44, 45])İSTANBUL İÇERENKÖY CADDE MAĞAZASI          =koordinat:40.9734,29.1199
ATAŞEHİR->dict_values([1, 2, 3, 4, 5, 6, 7, 8, 9, 10, 11, 12, 13, 14, 15, 16, 17, 18, 19, 20, 21, 22, 23, 24, 25, 26, 27, 28, 29, 30, 31, 32, 33, 34, 35, 36, 37, 38, 39, 40, 41, 42, 43, 44, 45])İSTANBUL ATAŞEHİR GÜMRÜK YOLU MAĞAZASI     =koordinat:40.9864,29.135
ATAŞEHİR->dict_values([1, 2, 3, 4, 5, 6, 7, 8, 9, 10, 11, 12, 13, 14, 15, 16, 17, 18, 19, 20, 21, 22, 23, 24, 25, 26, 27, 28, 29, 30, 31, 32, 33, 34, 35, 36, 37, 38, 39, 40, 41, 42, 43, 44, 45])İSTANBUL BOSTANCI DEĞİRMENYOLU MAĞAZASI    =koordinat:40.960684,29.107492
ATAŞEHİR->dict_values([1, 2, 3, 4, 5, 6, 7, 8, 9, 10, 11, 12, 13, 14, 15, 16, 17, 18, 19, 20, 21, 22, 23, 24, 25, 26, 27, 28, 29, 30, 31, 32, 33, 34, 35, 36, 37, 38, 39, 40, 41, 42, 43, 44, 45])İSTANBUL TAÇSPOR MAĞAZASI                  =koordinat:40.983041,29.119217
ATAŞEHİR->dict_values([1, 2, 3, 4, 5, 6, 7, 8, 9, 10, 11, 12, 13, 14, 15, 16, 17, 18, 19, 20, 21, 22, 23, 24, 25, 26, 27, 28, 29, 30, 31, 32, 33, 34, 35, 36, 37, 38, 39, 40, 41, 42, 43, 44, 45])İSTANBUL KAYISDAĞI NASIR MAĞAZASI          =koordinat:40.983887,29.142625
ATAŞEHİR->dict_values([1, 2, 3, 4, 5, 6, 7, 8, 9, 10, 11, 12, 13, 14, 15, 16, 17, 18, 19, 20, 21, 22, 23, 24, 25, 26, 27, 28, 29, 30, 31, 32, 33, 34, 35, 36, 37, 38, 39, 40, 41, 42, 43, 44, 45])İSTANBUL KARAMAN ÇİFTLİK YOLU BULG MAĞAZASI=koordinat:41.003126,29.074762
ATAŞEHİR->dict_values([1, 2, 3, 4, 5, 6, 7, 8, 9, 10, 11, 12, 13, 14, 15, 16, 17, 18, 19, 20, 21, 22, 23, 24, 25, 26, 27, 28, 29, 30, 31, 32, 33, 34, 35, 36, 37, 38, 39, 40, 41, 42, 43, 44, 45])İSTANBUL DAĞ YOLU İÇERENKÖY MAĞAZASI       =koordinat:40.970431,29.117407
ATAŞEHİR->dict_values([1, 2, 3, 4, 5, 6, 7, 8, 9, 10, 11, 12, 13, 14, 15, 16, 17, 18, 19, 20, 21, 22, 23, 24, 25, 26, 27, 28, 29, 30, 31, 32, 33, 34, 35, 36, 37, 38, 39, 40, 41, 42, 43, 44, 45])İSTANBUL KAYIŞDAĞI CAD.ATAŞEHİR MAĞAZASI   =koordinat:40.9762,29.1509
ATAŞEHİR->dict_values([1, 2, 3, 4, 5, 6, 7, 8, 9, 10, 11, 12, 13, 14, 15, 16, 17, 18, 19, 20, 21, 22, 23, 24, 25, 26, 27, 28, 29, 30, 31, 32, 33, 34, 35, 36, 37, 38, 39, 40, 41, 42, 43, 44, 45])İSTANBUL COŞKUN İÇERENKÖY MAĞAZASI         =koordinat:40.969341,29.114349
ATAŞEHİR->dict_values([1, 2, 3, 4, 5, 6, 7, 8, 9, 10, 11, 12, 13, 14, 15, 16, 17, 18, 19, 20, 21, 22, 23, 24, 25, 26, 27, 28, 29, 30, 31, 32, 33, 34, 35, 36, 37, 38, 39, 40, 41, 42, 43, 44, 45])İSTANBUL TOPEL K.BAKKALKÖY MAĞAZASI        =koordinat:40.979633,29.117444
ATAŞEHİR->dict_values([1, 2, 3, 4, 5, 6, 7, 8, 9, 10, 11, 12, 13, 14, 15, 16, 17, 18, 19, 20, 21, 22, 23, 24, 25, 26, 27, 28, 29, 30, 31, 32, 33, 34, 35, 36, 37, 38, 39, 40, 41, 42, 43, 44, 45])İSTANBUL ATATÜRK MAH.ATAŞEHİR MAĞAZASI     =koordinat:40.986231,29.134527
ATAŞEHİR->dict_values([1, 2, 3, 4, 5, 6, 7, 8, 9, 10, 11, 12, 13, 14, 15, 16, 17, 18, 19, 20, 21, 22, 23, 24, 25, 26, 27, 28, 29, 30, 31, 32, 33, 34, 35, 36, 37, 38, 39, 40, 41, 42, 43, 44, 45])İSTANBUL MERDİVENKÖY YOLU KÜÇÜKBAKKALKÖY MAĞAZASI=koordinat:40.981951,29.115349
ATAŞEHİR->dict_values([1, 2, 3, 4, 5, 6, 7, 8, 9, 10, 11, 12, 13, 14, 15, 16, 17, 18, 19, 20, 21, 22, 23, 24, 25, 26, 27, 28, 29, 30, 31, 32, 33, 34, 35, 36, 37, 38, 39, 40, 41, 42, 43, 44, 45])İSTANBUL KAYIŞDAĞI NAR ÇİÇEĞİ MAĞAZASI     =koordinat:40.975939,29.144424
ATAŞEHİR->dict_values([1, 2, 3, 4, 5, 6, 7, 8, 9, 10, 11, 12, 13, 14, 15, 16, 17, 18, 19, 20, 21, 22, 23, 24, 25, 26, 27, 28, 29, 30, 31, 32, 33, 34, 35, 36, 37, 38, 39, 40, 41, 42, 43, 44, 45])İSTANBUL BATANAY CADDESİ ATAŞEHİR MAĞAZASI =koordinat:40.994524,29.085834
ATAŞEHİR->dict_values([1, 2, 3, 4, 5, 6, 7, 8, 9, 10, 11, 12, 13, 14, 15, 16, 17, 18, 19, 20, 21, 22, 23, 24, 25, 26, 27, 28, 29, 30, 31, 32, 33, 34, 35, 36, 37, 38, 39, 40, 41, 42, 43, 44, 45])İSTANBUL ULUSU CD.ATAŞEHİR MAĞAZASI        =koordinat:40.9769,29.1301
ATAŞEHİR->dict_values([1, 2, 3, 4, 5, 6, 7, 8, 9, 10, 11, 12, 13, 14, 15, 16, 17, 18, 19, 20, 21, 22, 23, 24, 25, 26, 27, 28, 29, 30, 31, 32, 33, 34, 35, 36, 37, 38, 39, 40, 41, 42, 43, 44, 45])İSTANBUL TANDOĞAN KÜÇÜKBAKKALKÖY MAĞAZASI  =koordinat:40.979961,29.118045
ATAŞEHİR->dict_values([1, 2, 3, 4, 5, 6, 7, 8, 9, 10, 11, 12, 13, 14, 15, 16, 17, 18, 19, 20, 21, 22, 23, 24, 25, 26, 27, 28, 29, 30, 31, 32, 33, 34, 35, 36, 37, 38, 39, 40, 41, 42, 43, 44, 45])İSTANBUL ATAŞEHİR USLU MAĞAZASI            =koordinat:40.981178,29.155183
ATAŞEHİR->dict_values([1, 2, 3, 4, 5, 6, 7, 8, 9, 10, 11, 12, 13, 14, 15, 16, 17, 18, 19, 20, 21, 22, 23, 24, 25, 26, 27, 28, 29, 30, 31, 32, 33, 34, 35, 36, 37, 38, 39, 40, 41, 42, 43, 44, 45])İSTANBUL ZİYAPAŞA CADDESİ ÜMRANİYE MAĞAZASI=koordinat:41.005314,29.086223
ATAŞEHİR->dict_values([1, 2, 3, 4, 5, 6, 7, 8, 9, 10, 11, 12, 13, 14, 15, 16, 17, 18, 19, 20, 21, 22, 23, 24, 25, 26, 27, 28, 29, 30, 31, 32, 33, 34, 35, 36, 37, 38, 39, 40, 41, 42, 43, 44, 45])İSTANBUL İÇERENKÖY ESTONEVLER MAĞAZASI     =koordinat:40.975565,29.107863
ATAŞEHİR->dict_values([1, 2, 3, 4, 5, 6, 7, 8, 9, 10, 11, 12, 13, 14, 15, 16, 17, 18, 19, 20, 21, 22, 23, 24, 25, 26, 27, 28, 29, 30, 31, 32, 33, 34, 35, 36, 37, 38, 39, 40, 41, 42, 43, 44, 45])ATAŞEHİR YUNUS EMRE CADDESİ MAĞAZASI       =koordinat:40.99828,29.080454
ATAŞEHİR->dict_values([1, 2, 3, 4, 5, 6, 7, 8, 9, 10, 11, 12, 13, 14, 15, 16, 17, 18, 19, 20, 21, 22, 23, 24, 25, 26, 27, 28, 29, 30, 31, 32, 33, 34, 35, 36, 37, 38, 39, 40, 41, 42, 43, 44, 45])İSTANBUL ATAŞEHİR KÜÇÜKBAKKALKÖY MAĞAZASI  =koordinat:40.977189,29.113517
ATAŞEHİR->dict_values([1, 2, 3, 4, 5, 6, 7, 8, 9, 10, 11, 12, 13, 14, 15, 16, 17, 18, 19, 20, 21, 22, 23, 24, 25, 26, 27, 28, 29, 30, 31, 32, 33, 34, 35, 36, 37, 38, 39, 40, 41, 42, 43, 44, 45])ATAŞEHİR BARBAROS MAĞAZASI                 =koordinat:40.9897933,29.1016232
ATAŞEHİR->dict_values([1, 2, 3, 4, 5, 6, 7, 8, 9, 10, 11, 12, 13, 14, 15, 16, 17, 18, 19, 20, 21, 22, 23, 24, 25, 26, 27, 28, 29, 30, 31, 32, 33, 34, 35, 36, 37, 38, 39, 40, 41, 42, 43, 44, 45])FATİH CAD YENİSAHRA MAĞAZASI               =koordinat:40.990177,29.090293
ATAŞEHİR->dict_values([1, 2, 3, 4, 5, 6, 7, 8, 9, 10, 11, 12, 13, 14, 15, 16, 17, 18, 19, 20, 21, 22, 23, 24, 25, 26, 27, 28, 29, 30, 31, 32, 33, 34, 35, 36, 37, 38, 39, 40, 41, 42, 43, 44, 45])MUSTAFA PAŞA ESATPAŞA                      =koordinat:41.006308,29.090523
ATAŞEHİR->dict_values([1, 2, 3, 4, 5, 6, 7, 8, 9, 10, 11, 12, 13, 14, 15, 16, 17, 18, 19, 20, 21, 22, 23, 24, 25, 26, 27, 28, 29, 30, 31, 32, 33, 34, 35, 36, 37, 38, 39, 40, 41, 42, 43, 44, 45])İSTANBUL ATAŞEHİR ATA ÇARŞI MAĞAZASI       =koordinat:40.992745,29.12529
ATAŞEHİR->dict_values([1, 2, 3, 4, 5, 6, 7, 8, 9, 10, 11, 12, 13, 14, 15, 16, 17, 18, 19, 20, 21, 22, 23, 24, 25, 26, 27, 28, 29, 30, 31, 32, 33, 34, 35, 36, 37, 38, 39, 40, 41, 42, 43, 44, 45])DUTLUBAHÇE MAĞAZASI                        =koordinat:40.993376,29.0819
ATAŞEHİR->dict_values([1, 2, 3, 4, 5, 6, 7, 8, 9, 10, 11, 12, 13, 14, 15, 16, 17, 18, 19, 20, 21, 22, 23, 24, 25, 26, 27, 28, 29, 30, 31, 32, 33, 34, 35, 36, 37, 38, 39, 40, 41, 42, 43, 44, 45])İSTANBUL ATAŞEHİR GENERAL TAHSİN YAZICI CAD MAĞAZASI=koordinat:41.006905,29.081355
ATAŞEHİR->dict_values([1, 2, 3, 4, 5, 6, 7, 8, 9, 10, 11, 12, 13, 14, 15, 16, 17, 18, 19, 20, 21, 22, 23, 24, 25, 26, 27, 28, 29, 30, 31, 32, 33, 34, 35, 36, 37, 38, 39, 40, 41, 42, 43, 44, 45])İSTANBUL ESATPAŞA ŞEHİTLER MAĞAZASI        =koordinat:41.00082,29.083454
ATAŞEHİR->dict_values([1, 2, 3, 4, 5, 6, 7, 8, 9, 10, 11, 12, 13, 14, 15, 16, 17, 18, 19, 20, 21, 22, 23, 24, 25, 26, 27, 28, 29, 30, 31, 32, 33, 34, 35, 36, 37, 38, 39, 40, 41, 42, 43, 44, 45])İSTANBUL KAYIŞDAĞI TURNA SOKAK MAĞAZASI    =koordinat:40.980666,29.1576
ATAŞEHİR->dict_values([1, 2, 3, 4, 5, 6, 7, 8, 9, 10, 11, 12, 13, 14, 15, 16, 17, 18, 19, 20, 21, 22, 23, 24, 25, 26, 27, 28, 29, 30, 31, 32, 33, 34, 35, 36, 37, 38, 39, 40, 41, 42, 43, 44, 45])İSTANBUL ATAŞEHİR AKYAZILI CADDE MAĞAZASI  =koordinat:40.97853,29.142042
ATAŞEHİR->dict_values([1, 2, 3, 4, 5, 6, 7, 8, 9, 10, 11, 12, 13, 14, 15, 16, 17, 18, 19, 20, 21, 22, 23, 24, 25, 26, 27, 28, 29, 30, 31, 32, 33, 34, 35, 36, 37, 38, 39, 40, 41, 42, 43, 44, 45])İSTANBUL İÇERENKÖY SONBAHAR MAĞAZASI       =koordinat:40.96942,29.110473
ATAŞEHİR->dict_values([1, 2, 3, 4, 5, 6, 7, 8, 9, 10, 11, 12, 13, 14, 15, 16, 17, 18, 19, 20, 21, 22, 23, 24, 25, 26, 27, 28, 29, 30, 31, 32, 33, 34, 35, 36, 37, 38, 39, 40, 41, 42, 43, 44, 45])İSTANBUL İÇERENKÖY SABİT PAZAR MAĞAZASI    =koordinat:40.973491,29.114738
ATAŞEHİR->dict_values([1, 2, 3, 4, 5, 6, 7, 8, 9, 10, 11, 12, 13, 14, 15, 16, 17, 18, 19, 20, 21, 22, 23, 24, 25, 26, 27, 28, 29, 30, 31, 32, 33, 34, 35, 36, 37, 38, 39, 40, 41, 42, 43, 44, 45])ŞOKMİNİ-KALEBAŞI MAĞAZASI                  =koordinat:41.005717,29.080231
ATAŞEHİR->dict_values([1, 2, 3, 4, 5, 6, 7, 8, 9, 10, 11, 12, 13, 14, 15, 16, 17, 18, 19, 20, 21, 22, 23, 24, 25, 26, 27, 28, 29, 30, 31, 32, 33, 34, 35, 36, 37, 38, 39, 40, 41, 42, 43, 44, 45])ŞOKMİNİ-METİN MAĞAZASI                     =koordinat:41.001021,29.095016
ATAŞEHİR->dict_values([1, 2, 3, 4, 5, 6, 7, 8, 9, 10, 11, 12, 13, 14, 15, 16, 17, 18, 19, 20, 21, 22, 23, 24, 25, 26, 27, 28, 29, 30, 31, 32, 33, 34, 35, 36, 37, 38, 39, 40, 41, 42, 43, 44, 45])İSTANBUL ATAŞEHİR ORDU DERNEĞİ MAĞAZASI    =koordinat:40.984632,29.176748
ATAŞEHİR->dict_values([1, 2, 3, 4, 5, 6, 7, 8, 9, 10, 11, 12, 13, 14, 15, 16, 17, 18, 19, 20, 21, 22, 23, 24, 25, 26, 27, 28, 29, 30, 31, 32, 33, 34, 35, 36, 37, 38, 39, 40, 41, 42, 43, 44, 45])İSTANBUL KAYIŞDAĞ HÜRRİYET MAĞAZASI        =koordinat:40.980222,29.151725
ATAŞEHİR->dict_values([1, 2, 3, 4, 5, 6, 7, 8, 9, 10, 11, 12, 13, 14, 15, 16, 17, 18, 19, 20, 21, 22, 23, 24, 25, 26, 27, 28, 29, 30, 31, 32, 33, 34, 35, 36, 37, 38, 39, 40, 41, 42, 43, 44, 45])ŞOK MİNİ - BİRLİK2 MAĞAZASI                =koordinat:40.9933,29.0928
ATAŞEHİR->dict_values([1, 2, 3, 4, 5, 6, 7, 8, 9, 10, 11, 12, 13, 14, 15, 16, 17, 18, 19, 20, 21, 22, 23, 24, 25, 26, 27, 28, 29, 30, 31, 32, 33, 34, 35, 36, 37, 38, 39, 40, 41, 42, 43, 44, 45])İSTANBUL İÇERENKÖY ADEM SOKAK MAĞAZASI     =koordinat:40.974408,29.116792
ATAŞEHİR->dict_values([1, 2, 3, 4, 5, 6, 7, 8, 9, 10, 11, 12, 13, 14, 15, 16, 17, 18, 19, 20, 21, 22, 23, 24, 25, 26, 27, 28, 29, 30, 31, 32, 33, 34, 35, 36, 37, 38, 39, 40, 41, 42, 43, 44, 45])İSTANBUL FERHATPAŞA ATAŞEHİR MAĞAZASI      =koordinat:40.985657,29.17697
ATAŞEHİR->dict_values([1, 2, 3, 4, 5, 6, 7, 8, 9, 10, 11, 12, 13, 14, 15, 16, 17, 18, 19, 20, 21, 22, 23, 24, 25, 26, 27, 28, 29, 30, 31, 32, 33, 34, 35, 36, 37, 38, 39, 40, 41, 42, 43, 44, 45])ADNAN MENDERES MAĞAZASI                    =koordinat:41.004326,29.082272
ATAŞEHİR->dict_values([1, 2, 3, 4, 5, 6, 7, 8, 9, 10, 11, 12, 13, 14, 15, 16, 17, 18, 19, 20, 21, 22, 23, 24, 25, 26, 27, 28, 29, 30, 31, 32, 33, 34, 35, 36, 37, 38, 39, 40, 41, 42, 43, 44, 45])TARIK YILMAZ MAĞAZASI                      =koordinat:40.996865,29.075567
ATAŞEHİR->dict_values([1, 2, 3, 4, 5, 6, 7, 8, 9, 10, 11, 12, 13, 14, 15, 16, 17, 18, 19, 20, 21, 22, 23, 24, 25, 26, 27, 28, 29, 30, 31, 32, 33, 34, 35, 36, 37, 38, 39, 40, 41, 42, 43, 44, 45])ATAŞEHİR HACI BEKİR CAD MAĞAZASI           =koordinat:41.002249,29.087389
ATAŞEHİR->dict_values([1, 2, 3, 4, 5, 6, 7, 8, 9, 10, 11, 12, 13, 14, 15, 16, 17, 18, 19, 20, 21, 22, 23, 24, 25, 26, 27, 28, 29, 30, 31, 32, 33, 34, 35, 36, 37, 38, 39, 40, 41, 42, 43, 44, 45])KAYIŞDAĞI RECAİ CAD MAĞAZASI               =koordinat:40.98674,29.144038
ATAŞEHİR->dict_values([1, 2, 3, 4, 5, 6, 7, 8, 9, 10, 11, 12, 13, 14, 15, 16, 17, 18, 19, 20, 21, 22, 23, 24, 25, 26, 27, 28, 29, 30, 31, 32, 33, 34, 35, 36, 37, 38, 39, 40, 41, 42, 43, 44, 45])ATAŞEHİR GÜLDESTE SOKAK MAĞAZASI           =koordinat:40.995049,29.078119
ATAŞEHİR->dict_values([1, 2, 3, 4, 5, 6, 7, 8, 9, 10, 11, 12, 13, 14, 15, 16, 17, 18, 19, 20, 21, 22, 23, 24, 25, 26, 27, 28, 29, 30, 31, 32, 33, 34, 35, 36, 37, 38, 39, 40, 41, 42, 43, 44, 45])ATAŞEHİR BAĞIMSIZLIK BULV MAĞAZASI         =koordinat:41.002012,29.077966
ATAŞEHİR->dict_values([1, 2, 3, 4, 5, 6, 7, 8, 9, 10, 11, 12, 13, 14, 15, 16, 17, 18, 19, 20, 21, 22, 23, 24, 25, 26, 27, 28, 29, 30, 31, 32, 33, 34, 35, 36, 37, 38, 39, 40, 41, 42, 43, 44, 45])ATAŞEHİR KARSLI AHMET CAD MAĞAZASI         =koordinat:40.972306,29.112695
ATAŞEHİR->dict_values([1, 2, 3, 4, 5, 6, 7, 8, 9, 10, 11, 12, 13, 14, 15, 16, 17, 18, 19, 20, 21, 22, 23, 24, 25, 26, 27, 28, 29, 30, 31, 32, 33, 34, 35, 36, 37, 38, 39, 40, 41, 42, 43, 44, 45])ATAŞEHİR YEDİTEPE CAD MAĞAZASI             =koordinat:40.987046,29.171249
ATAŞEHİR->dict_values([1, 2, 3, 4, 5, 6, 7, 8, 9, 10, 11, 12, 13, 14, 15, 16, 17, 18, 19, 20, 21, 22, 23, 24, 25, 26, 27, 28, 29, 30, 31, 32, 33, 34, 35, 36, 37, 38, 39, 40, 41, 42, 43, 44, 45])ATAŞEHİR ŞEHİT CAHAR DUDAYEV CAD MAĞAZASI  =koordinat:40.995488,29.08349
ATAŞEHİR->dict_values([1, 2, 3, 4, 5, 6, 7, 8, 9, 10, 11, 12, 13, 14, 15, 16, 17, 18, 19, 20, 21, 22, 23, 24, 25, 26, 27, 28, 29, 30, 31, 32, 33, 34, 35, 36, 37, 38, 39, 40, 41, 42, 43, 44, 45])ATAŞEHİR ÇEŞMECİ SOK. MAĞAZASI             =koordinat:40.9978,29.0976
ATAŞEHİR->dict_values([1, 2, 3, 4, 5, 6, 7, 8, 9, 10, 11, 12, 13, 14, 15, 16, 17, 18, 19, 20, 21, 22, 23, 24, 25, 26, 27, 28, 29, 30, 31, 32, 33, 34, 35, 36, 37, 38, 39, 40, 41, 42, 43, 44, 45])ATAŞEHİR KEMAL PAŞA CAD MAĞAZASI           =koordinat:40.988875,29.161928
ATAŞEHİR->dict_values([1, 2, 3, 4, 5, 6, 7, 8, 9, 10, 11, 12, 13, 14, 15, 16, 17, 18, 19, 20, 21, 22, 23, 24, 25, 26, 27, 28, 29, 30, 31, 32, 33, 34, 35, 36, 37, 38, 39, 40, 41, 42, 43, 44, 45])ŞOK-ATAŞEHİR NAMIK K                       =koordinat:40.983852,29.157017
ATAŞEHİR->dict_values([1, 2, 3, 4, 5, 6, 7, 8, 9, 10, 11, 12, 13, 14, 15, 16, 17, 18, 19, 20, 21, 22, 23, 24, 25, 26, 27, 28, 29, 30, 31, 32, 33, 34, 35, 36, 37, 38, 39, 40, 41, 42, 43, 44, 45])ATAŞEHİR MUSTAFA KEMAL MAĞAZASI            =koordinat:41.005584,29.095499
ATAŞEHİR->dict_values([1, 2, 3, 4, 5, 6, 7, 8, 9, 10, 11, 12, 13, 14, 15, 16, 17, 18, 19, 20, 21, 22, 23, 24, 25, 26, 27, 28, 29, 30, 31, 32, 33, 34, 35, 36, 37, 38, 39, 40, 41, 42, 43, 44, 45])İÇERENKÖY ATİYE HANIM SOK MAĞAZASI         =koordinat:40.97148,29.110105
ATAŞEHİR->dict_values([1, 2, 3, 4, 5, 6, 7, 8, 9, 10, 11, 12, 13, 14, 15, 16, 17, 18, 19, 20, 21, 22, 23, 24, 25, 26, 27, 28, 29, 30, 31, 32, 33, 34, 35, 36, 37, 38, 39, 40, 41, 42, 43, 44, 45])ATAŞEHİR OLGUN SOKAK MAĞAZASI              =koordinat:40.994008,29.137901
ATAŞEHİR->dict_values([1, 2, 3, 4, 5, 6, 7, 8, 9, 10, 11, 12, 13, 14, 15, 16, 17, 18, 19, 20, 21, 22, 23, 24, 25, 26, 27, 28, 29, 30, 31, 32, 33, 34, 35, 36, 37, 38, 39, 40, 41, 42, 43, 44, 45])ATAŞEHİR VİYANA SOKAK MAĞAZASI             =koordinat:40.99578833,29.13545748
ATAŞEHİR->dict_values([1, 2, 3, 4, 5, 6, 7, 8, 9, 10, 11, 12, 13, 14, 15, 16, 17, 18, 19, 20, 21, 22, 23, 24, 25, 26, 27, 28, 29, 30, 31, 32, 33, 34, 35, 36, 37, 38, 39, 40, 41, 42, 43, 44, 45])FERHATPAŞA ÜSKÜDAR CAD MAĞAZASI            =koordinat:40.985683,29.168253
ATAŞEHİR->dict_values([1, 2, 3, 4, 5, 6, 7, 8, 9, 10, 11, 12, 13, 14, 15, 16, 17, 18, 19, 20, 21, 22, 23, 24, 25, 26, 27, 28, 29, 30, 31, 32, 33, 34, 35, 36, 37, 38, 39, 40, 41, 42, 43, 44, 45])ATAŞEHİR ÖMER HALİS MAĞAZASI               =koordinat:41.00077964,29.09142673
AVCILAR->dict_values([1, 2, 3, 4, 5, 6, 7, 8, 9, 10, 11, 12, 13, 14, 15, 16, 17, 18, 19, 20, 21, 22, 23, 24, 25, 26, 27, 28, 29, 30, 31, 32, 33, 34, 35, 36, 37, 38, 39, 40, 41, 42, 43, 44, 45])İSTANBUL AVCILAR AMBARLI MAĞAZASI          =koordinat:40.978205,28.718653
AVCILAR->dict_values([1, 2, 3, 4, 5, 6, 7, 8, 9, 10, 11, 12, 13, 14, 15, 16, 17, 18, 19, 20, 21, 22, 23, 24, 25, 26, 27, 28, 29, 30, 31, 32, 33, 34, 35, 36, 37, 38, 39, 40, 41, 42, 43, 44, 45])İSTANBUL AVCILAR ÇİĞDEM MAĞAZASI           =koordinat:40.982379,28.719482
AVCILAR->dict_values([1, 2, 3, 4, 5, 6, 7, 8, 9, 10, 11, 12, 13, 14, 15, 16, 17, 18, 19, 20, 21, 22, 23, 24, 25, 26, 27, 28, 29, 30, 31, 32, 33, 34, 35, 36, 37, 38, 39, 40, 41, 42, 43, 44, 45])İSTANBUL AVCILAR ÜNİVERSİTE MAĞAZASI       =koordinat:40.9942,28.7111
AVCILAR->dict_values([1, 2, 3, 4, 5, 6, 7, 8, 9, 10, 11, 12, 13, 14, 15, 16, 17, 18, 19, 20, 21, 22, 23, 24, 25, 26, 27, 28, 29, 30, 31, 32, 33, 34, 35, 36, 37, 38, 39, 40, 41, 42, 43, 44, 45])İSTANBUL AVCILAR PARSELLER MAĞAZASI        =koordinat:41.000537,28.70789
AVCILAR->dict_values([1, 2, 3, 4, 5, 6, 7, 8, 9, 10, 11, 12, 13, 14, 15, 16, 17, 18, 19, 20, 21, 22, 23, 24, 25, 26, 27, 28, 29, 30, 31, 32, 33, 34, 35, 36, 37, 38, 39, 40, 41, 42, 43, 44, 45])İSTANBUL AVCILAR ŞÜKRÜBEY MAĞAZASI         =koordinat:40.9794,28.734956
AVCILAR->dict_values([1, 2, 3, 4, 5, 6, 7, 8, 9, 10, 11, 12, 13, 14, 15, 16, 17, 18, 19, 20, 21, 22, 23, 24, 25, 26, 27, 28, 29, 30, 31, 32, 33, 34, 35, 36, 37, 38, 39, 40, 41, 42, 43, 44, 45])İSTANBUL AVCILAR HACI ŞERİF MAĞAZASI       =koordinat:40.9782,28.7326
AVCILAR->dict_values([1, 2, 3, 4, 5, 6, 7, 8, 9, 10, 11, 12, 13, 14, 15, 16, 17, 18, 19, 20, 21, 22, 23, 24, 25, 26, 27, 28, 29, 30, 31, 32, 33, 34, 35, 36, 37, 38, 39, 40, 41, 42, 43, 44, 45])İSTANBUL AVCILAR GÜMÜŞPALA MAĞAZASI        =koordinat:40.981593,28.740854
AVCILAR->dict_values([1, 2, 3, 4, 5, 6, 7, 8, 9, 10, 11, 12, 13, 14, 15, 16, 17, 18, 19, 20, 21, 22, 23, 24, 25, 26, 27, 28, 29, 30, 31, 32, 33, 34, 35, 36, 37, 38, 39, 40, 41, 42, 43, 44, 45])İSTANBUL ORMANLI AVCILAR MAĞAZASI          =koordinat:40.9845,28.7127
AVCILAR->dict_values([1, 2, 3, 4, 5, 6, 7, 8, 9, 10, 11, 12, 13, 14, 15, 16, 17, 18, 19, 20, 21, 22, 23, 24, 25, 26, 27, 28, 29, 30, 31, 32, 33, 34, 35, 36, 37, 38, 39, 40, 41, 42, 43, 44, 45])İSTANBUL ÖĞRETMENLER AVCILAR MAĞAZASI      =koordinat:40.972246,28.718871
AVCILAR->dict_values([1, 2, 3, 4, 5, 6, 7, 8, 9, 10, 11, 12, 13, 14, 15, 16, 17, 18, 19, 20, 21, 22, 23, 24, 25, 26, 27, 28, 29, 30, 31, 32, 33, 34, 35, 36, 37, 38, 39, 40, 41, 42, 43, 44, 45])İSTANBUL MİHRİMAH AVCILAR MAĞAZASI         =koordinat:40.9773,28.7256
AVCILAR->dict_values([1, 2, 3, 4, 5, 6, 7, 8, 9, 10, 11, 12, 13, 14, 15, 16, 17, 18, 19, 20, 21, 22, 23, 24, 25, 26, 27, 28, 29, 30, 31, 32, 33, 34, 35, 36, 37, 38, 39, 40, 41, 42, 43, 44, 45])İSTANBUL AVCILAR YILDIZ MAĞAZASI           =koordinat:40.98099556,28.72726321
AVCILAR->dict_values([1, 2, 3, 4, 5, 6, 7, 8, 9, 10, 11, 12, 13, 14, 15, 16, 17, 18, 19, 20, 21, 22, 23, 24, 25, 26, 27, 28, 29, 30, 31, 32, 33, 34, 35, 36, 37, 38, 39, 40, 41, 42, 43, 44, 45])İSTANBUL AVCILAR KILIÇ MAĞAZASI            =koordinat:40.98299003,28.71655852
AVCILAR->dict_values([1, 2, 3, 4, 5, 6, 7, 8, 9, 10, 11, 12, 13, 14, 15, 16, 17, 18, 19, 20, 21, 22, 23, 24, 25, 26, 27, 28, 29, 30, 31, 32, 33, 34, 35, 36, 37, 38, 39, 40, 41, 42, 43, 44, 45])İSTANBUL AVCILAR SADIK MAĞAZASI            =koordinat:40.973687,28.732528
AVCILAR->dict_values([1, 2, 3, 4, 5, 6, 7, 8, 9, 10, 11, 12, 13, 14, 15, 16, 17, 18, 19, 20, 21, 22, 23, 24, 25, 26, 27, 28, 29, 30, 31, 32, 33, 34, 35, 36, 37, 38, 39, 40, 41, 42, 43, 44, 45])İSTANBUL AVCILAR DENİZ MAĞAZASI            =koordinat:40.977553,28.72332
AVCILAR->dict_values([1, 2, 3, 4, 5, 6, 7, 8, 9, 10, 11, 12, 13, 14, 15, 16, 17, 18, 19, 20, 21, 22, 23, 24, 25, 26, 27, 28, 29, 30, 31, 32, 33, 34, 35, 36, 37, 38, 39, 40, 41, 42, 43, 44, 45])İSTANBUL STAD AVCILAR MAGAZASI             =koordinat:40.983195,28.720332
AVCILAR->dict_values([1, 2, 3, 4, 5, 6, 7, 8, 9, 10, 11, 12, 13, 14, 15, 16, 17, 18, 19, 20, 21, 22, 23, 24, 25, 26, 27, 28, 29, 30, 31, 32, 33, 34, 35, 36, 37, 38, 39, 40, 41, 42, 43, 44, 45])İSTANBUL AVCILAR FİRUZKÖY BULVAR MAĞAZASI  =koordinat:40.99547,28.712677
AVCILAR->dict_values([1, 2, 3, 4, 5, 6, 7, 8, 9, 10, 11, 12, 13, 14, 15, 16, 17, 18, 19, 20, 21, 22, 23, 24, 25, 26, 27, 28, 29, 30, 31, 32, 33, 34, 35, 36, 37, 38, 39, 40, 41, 42, 43, 44, 45])İSTANBUL CUMHURİYET AMBARLI MAĞAZASI       =koordinat:40.9745,28.7149
AVCILAR->dict_values([1, 2, 3, 4, 5, 6, 7, 8, 9, 10, 11, 12, 13, 14, 15, 16, 17, 18, 19, 20, 21, 22, 23, 24, 25, 26, 27, 28, 29, 30, 31, 32, 33, 34, 35, 36, 37, 38, 39, 40, 41, 42, 43, 44, 45])İSTANBUL AVCILAR NAMIK KEMAL MAĞAZASI      =koordinat:40.984932,28.714132
AVCILAR->dict_values([1, 2, 3, 4, 5, 6, 7, 8, 9, 10, 11, 12, 13, 14, 15, 16, 17, 18, 19, 20, 21, 22, 23, 24, 25, 26, 27, 28, 29, 30, 31, 32, 33, 34, 35, 36, 37, 38, 39, 40, 41, 42, 43, 44, 45])İSTANBUL AVCILAR SARIASMA MAĞAZASI         =koordinat:40.989894,28.709962
AVCILAR->dict_values([1, 2, 3, 4, 5, 6, 7, 8, 9, 10, 11, 12, 13, 14, 15, 16, 17, 18, 19, 20, 21, 22, 23, 24, 25, 26, 27, 28, 29, 30, 31, 32, 33, 34, 35, 36, 37, 38, 39, 40, 41, 42, 43, 44, 45])İSTANBUL AVCILAR TALATPAŞA MAĞAZASI        =koordinat:40.988696,28.71309
AVCILAR->dict_values([1, 2, 3, 4, 5, 6, 7, 8, 9, 10, 11, 12, 13, 14, 15, 16, 17, 18, 19, 20, 21, 22, 23, 24, 25, 26, 27, 28, 29, 30, 31, 32, 33, 34, 35, 36, 37, 38, 39, 40, 41, 42, 43, 44, 45])İSTANBUL AVCILAR EROL HOCA MAĞAZASI        =koordinat:40.975931,28.732075
AVCILAR->dict_values([1, 2, 3, 4, 5, 6, 7, 8, 9, 10, 11, 12, 13, 14, 15, 16, 17, 18, 19, 20, 21, 22, 23, 24, 25, 26, 27, 28, 29, 30, 31, 32, 33, 34, 35, 36, 37, 38, 39, 40, 41, 42, 43, 44, 45])YOZGAT                                     =koordinat:41.039471,28.700096
AVCILAR->dict_values([1, 2, 3, 4, 5, 6, 7, 8, 9, 10, 11, 12, 13, 14, 15, 16, 17, 18, 19, 20, 21, 22, 23, 24, 25, 26, 27, 28, 29, 30, 31, 32, 33, 34, 35, 36, 37, 38, 39, 40, 41, 42, 43, 44, 45])İSTANBUL AVCILAR OKYANUS MAĞAZASI          =koordinat:40.986029,28.701624
AVCILAR->dict_values([1, 2, 3, 4, 5, 6, 7, 8, 9, 10, 11, 12, 13, 14, 15, 16, 17, 18, 19, 20, 21, 22, 23, 24, 25, 26, 27, 28, 29, 30, 31, 32, 33, 34, 35, 36, 37, 38, 39, 40, 41, 42, 43, 44, 45])İSTANBUL AVCILAR DOĞA MAĞAZASI             =koordinat:41.055466,28.722672
AVCILAR->dict_values([1, 2, 3, 4, 5, 6, 7, 8, 9, 10, 11, 12, 13, 14, 15, 16, 17, 18, 19, 20, 21, 22, 23, 24, 25, 26, 27, 28, 29, 30, 31, 32, 33, 34, 35, 36, 37, 38, 39, 40, 41, 42, 43, 44, 45])İSTANBUL AVCILAR BİZİMEVLER 6 MAĞAZASI     =koordinat:41.063348,28.709885
AVCILAR->dict_values([1, 2, 3, 4, 5, 6, 7, 8, 9, 10, 11, 12, 13, 14, 15, 16, 17, 18, 19, 20, 21, 22, 23, 24, 25, 26, 27, 28, 29, 30, 31, 32, 33, 34, 35, 36, 37, 38, 39, 40, 41, 42, 43, 44, 45])İSTANBUL AVCILAR CİHANGİR MAĞAZASI         =koordinat:40.989007,28.712583
AVCILAR->dict_values([1, 2, 3, 4, 5, 6, 7, 8, 9, 10, 11, 12, 13, 14, 15, 16, 17, 18, 19, 20, 21, 22, 23, 24, 25, 26, 27, 28, 29, 30, 31, 32, 33, 34, 35, 36, 37, 38, 39, 40, 41, 42, 43, 44, 45])İSTANBUL AVCILAR BİZİMEVLER 7 MAĞAZASI     =koordinat:41.057715,28.716993
AVCILAR->dict_values([1, 2, 3, 4, 5, 6, 7, 8, 9, 10, 11, 12, 13, 14, 15, 16, 17, 18, 19, 20, 21, 22, 23, 24, 25, 26, 27, 28, 29, 30, 31, 32, 33, 34, 35, 36, 37, 38, 39, 40, 41, 42, 43, 44, 45])İSTANBUL AVCILAR VURAL MAĞAZASI            =koordinat:40.985422,28.709692
AVCILAR->dict_values([1, 2, 3, 4, 5, 6, 7, 8, 9, 10, 11, 12, 13, 14, 15, 16, 17, 18, 19, 20, 21, 22, 23, 24, 25, 26, 27, 28, 29, 30, 31, 32, 33, 34, 35, 36, 37, 38, 39, 40, 41, 42, 43, 44, 45])İSTANBUL AVCILAR MEŞRUTİYET CD MAĞAZASI    =koordinat:40.989448,28.704853
AVCILAR->dict_values([1, 2, 3, 4, 5, 6, 7, 8, 9, 10, 11, 12, 13, 14, 15, 16, 17, 18, 19, 20, 21, 22, 23, 24, 25, 26, 27, 28, 29, 30, 31, 32, 33, 34, 35, 36, 37, 38, 39, 40, 41, 42, 43, 44, 45])İSTANBUL AVCILAR FATİH CAD MAĞAZASI        =koordinat:41.036122,28.703802
AVCILAR->dict_values([1, 2, 3, 4, 5, 6, 7, 8, 9, 10, 11, 12, 13, 14, 15, 16, 17, 18, 19, 20, 21, 22, 23, 24, 25, 26, 27, 28, 29, 30, 31, 32, 33, 34, 35, 36, 37, 38, 39, 40, 41, 42, 43, 44, 45])İSTANBUL AVCILAR GÖL PANAROMA MAĞAZASI     =koordinat:41.054755,28.685598
AVCILAR->dict_values([1, 2, 3, 4, 5, 6, 7, 8, 9, 10, 11, 12, 13, 14, 15, 16, 17, 18, 19, 20, 21, 22, 23, 24, 25, 26, 27, 28, 29, 30, 31, 32, 33, 34, 35, 36, 37, 38, 39, 40, 41, 42, 43, 44, 45])İSTANBUL AVCILAR SERÇE MAĞAZASI            =koordinat:41.001827,28.703096
AVCILAR->dict_values([1, 2, 3, 4, 5, 6, 7, 8, 9, 10, 11, 12, 13, 14, 15, 16, 17, 18, 19, 20, 21, 22, 23, 24, 25, 26, 27, 28, 29, 30, 31, 32, 33, 34, 35, 36, 37, 38, 39, 40, 41, 42, 43, 44, 45])İSTANBUL AVCILAR OSMANPAŞA MAĞAZASI        =koordinat:40.9825142,28.70697498
AVCILAR->dict_values([1, 2, 3, 4, 5, 6, 7, 8, 9, 10, 11, 12, 13, 14, 15, 16, 17, 18, 19, 20, 21, 22, 23, 24, 25, 26, 27, 28, 29, 30, 31, 32, 33, 34, 35, 36, 37, 38, 39, 40, 41, 42, 43, 44, 45])ŞOK MİNİ-RÜZGARLI MAĞAZASI                 =koordinat:40.974801,28.721349
AVCILAR->dict_values([1, 2, 3, 4, 5, 6, 7, 8, 9, 10, 11, 12, 13, 14, 15, 16, 17, 18, 19, 20, 21, 22, 23, 24, 25, 26, 27, 28, 29, 30, 31, 32, 33, 34, 35, 36, 37, 38, 39, 40, 41, 42, 43, 44, 45])ŞOK MİNİ-ALABORA MAĞAZASI                  =koordinat:41.019906,28.705301
AVCILAR->dict_values([1, 2, 3, 4, 5, 6, 7, 8, 9, 10, 11, 12, 13, 14, 15, 16, 17, 18, 19, 20, 21, 22, 23, 24, 25, 26, 27, 28, 29, 30, 31, 32, 33, 34, 35, 36, 37, 38, 39, 40, 41, 42, 43, 44, 45])ŞOK MİNİ-ŞAMLI YENİ MAĞAZASI               =koordinat:40.981413,28.718573
AVCILAR->dict_values([1, 2, 3, 4, 5, 6, 7, 8, 9, 10, 11, 12, 13, 14, 15, 16, 17, 18, 19, 20, 21, 22, 23, 24, 25, 26, 27, 28, 29, 30, 31, 32, 33, 34, 35, 36, 37, 38, 39, 40, 41, 42, 43, 44, 45])İSTANBUL AVCILAR BALCI BÜK MAĞAZASI        =koordinat:41.024261,28.703831
AVCILAR->dict_values([1, 2, 3, 4, 5, 6, 7, 8, 9, 10, 11, 12, 13, 14, 15, 16, 17, 18, 19, 20, 21, 22, 23, 24, 25, 26, 27, 28, 29, 30, 31, 32, 33, 34, 35, 36, 37, 38, 39, 40, 41, 42, 43, 44, 45])ŞOK MİNİ-CİHANGİR MAĞAZASI                 =koordinat:40.983893,28.705138
AVCILAR->dict_values([1, 2, 3, 4, 5, 6, 7, 8, 9, 10, 11, 12, 13, 14, 15, 16, 17, 18, 19, 20, 21, 22, 23, 24, 25, 26, 27, 28, 29, 30, 31, 32, 33, 34, 35, 36, 37, 38, 39, 40, 41, 42, 43, 44, 45])ŞOK MİNİ-FİDAN ÖZGÜR MAĞAZASI              =koordinat:41.000836,28.701672
AVCILAR->dict_values([1, 2, 3, 4, 5, 6, 7, 8, 9, 10, 11, 12, 13, 14, 15, 16, 17, 18, 19, 20, 21, 22, 23, 24, 25, 26, 27, 28, 29, 30, 31, 32, 33, 34, 35, 36, 37, 38, 39, 40, 41, 42, 43, 44, 45])ŞOK MİNİ-POYRAZ CADDESİ MAĞAZASI           =koordinat:41.017833,28.704083
AVCILAR->dict_values([1, 2, 3, 4, 5, 6, 7, 8, 9, 10, 11, 12, 13, 14, 15, 16, 17, 18, 19, 20, 21, 22, 23, 24, 25, 26, 27, 28, 29, 30, 31, 32, 33, 34, 35, 36, 37, 38, 39, 40, 41, 42, 43, 44, 45])İSTANBUL ISPARTAKULE METRO MAĞAZASI        =koordinat:41.062357,28.708008
AVCILAR->dict_values([1, 2, 3, 4, 5, 6, 7, 8, 9, 10, 11, 12, 13, 14, 15, 16, 17, 18, 19, 20, 21, 22, 23, 24, 25, 26, 27, 28, 29, 30, 31, 32, 33, 34, 35, 36, 37, 38, 39, 40, 41, 42, 43, 44, 45])İSTANBUL KIRAZLI CD.AVCILAR MAĞAZASI       =koordinat:40.9827,28.71
AVCILAR->dict_values([1, 2, 3, 4, 5, 6, 7, 8, 9, 10, 11, 12, 13, 14, 15, 16, 17, 18, 19, 20, 21, 22, 23, 24, 25, 26, 27, 28, 29, 30, 31, 32, 33, 34, 35, 36, 37, 38, 39, 40, 41, 42, 43, 44, 45])İSTANBUL ŞAHİNTEPE MAĞAZASI                =koordinat:41.071738,28.725565
AVCILAR->dict_values([1, 2, 3, 4, 5, 6, 7, 8, 9, 10, 11, 12, 13, 14, 15, 16, 17, 18, 19, 20, 21, 22, 23, 24, 25, 26, 27, 28, 29, 30, 31, 32, 33, 34, 35, 36, 37, 38, 39, 40, 41, 42, 43, 44, 45])İSTANBUL AVCILAR CAMİ SOKAK MAĞAZASI       =koordinat:40.997674,28.712331
AVCILAR->dict_values([1, 2, 3, 4, 5, 6, 7, 8, 9, 10, 11, 12, 13, 14, 15, 16, 17, 18, 19, 20, 21, 22, 23, 24, 25, 26, 27, 28, 29, 30, 31, 32, 33, 34, 35, 36, 37, 38, 39, 40, 41, 42, 43, 44, 45])İSTANBUL AVCILAR MAREŞAL MAĞAZASI          =koordinat:40.99747,28.708501
AVCILAR->dict_values([1, 2, 3, 4, 5, 6, 7, 8, 9, 10, 11, 12, 13, 14, 15, 16, 17, 18, 19, 20, 21, 22, 23, 24, 25, 26, 27, 28, 29, 30, 31, 32, 33, 34, 35, 36, 37, 38, 39, 40, 41, 42, 43, 44, 45])AVCILAR FIRAT MAĞAZASI                     =koordinat:40.986191,28.711846
AVCILAR->dict_values([1, 2, 3, 4, 5, 6, 7, 8, 9, 10, 11, 12, 13, 14, 15, 16, 17, 18, 19, 20, 21, 22, 23, 24, 25, 26, 27, 28, 29, 30, 31, 32, 33, 34, 35, 36, 37, 38, 39, 40, 41, 42, 43, 44, 45])ŞOK MİNİ-AVCILAR M.SİNAN CAD. MAĞAZASI     =koordinat:41,28.7045
AVCILAR->dict_values([1, 2, 3, 4, 5, 6, 7, 8, 9, 10, 11, 12, 13, 14, 15, 16, 17, 18, 19, 20, 21, 22, 23, 24, 25, 26, 27, 28, 29, 30, 31, 32, 33, 34, 35, 36, 37, 38, 39, 40, 41, 42, 43, 44, 45])ŞOK-MİNİ AVCILAR BUMİN KAĞAN MAĞAZASI      =koordinat:40.9759,28.7219
AVCILAR->dict_values([1, 2, 3, 4, 5, 6, 7, 8, 9, 10, 11, 12, 13, 14, 15, 16, 17, 18, 19, 20, 21, 22, 23, 24, 25, 26, 27, 28, 29, 30, 31, 32, 33, 34, 35, 36, 37, 38, 39, 40, 41, 42, 43, 44, 45])AVCILAR KARACA MAĞAZASI                    =koordinat:40.976394,28.735087
AVCILAR->dict_values([1, 2, 3, 4, 5, 6, 7, 8, 9, 10, 11, 12, 13, 14, 15, 16, 17, 18, 19, 20, 21, 22, 23, 24, 25, 26, 27, 28, 29, 30, 31, 32, 33, 34, 35, 36, 37, 38, 39, 40, 41, 42, 43, 44, 45])AVCILAR FİRUZKÖY PEHLİVAN CAD. MAĞAZASI    =koordinat:41.01151547,28.70653778
AVCILAR->dict_values([1, 2, 3, 4, 5, 6, 7, 8, 9, 10, 11, 12, 13, 14, 15, 16, 17, 18, 19, 20, 21, 22, 23, 24, 25, 26, 27, 28, 29, 30, 31, 32, 33, 34, 35, 36, 37, 38, 39, 40, 41, 42, 43, 44, 45])AVCILAR BİZİMEVLER 8 MAĞAZASI              =koordinat:41.06191907,28.71329875
AVCILAR->dict_values([1, 2, 3, 4, 5, 6, 7, 8, 9, 10, 11, 12, 13, 14, 15, 16, 17, 18, 19, 20, 21, 22, 23, 24, 25, 26, 27, 28, 29, 30, 31, 32, 33, 34, 35, 36, 37, 38, 39, 40, 41, 42, 43, 44, 45])AVCILAR ÇİMEN MAĞAZASI                     =koordinat:40.978462,28.725125
AVCILAR->dict_values([1, 2, 3, 4, 5, 6, 7, 8, 9, 10, 11, 12, 13, 14, 15, 16, 17, 18, 19, 20, 21, 22, 23, 24, 25, 26, 27, 28, 29, 30, 31, 32, 33, 34, 35, 36, 37, 38, 39, 40, 41, 42, 43, 44, 45])AVCILAR REŞİTPAŞA MAĞAZASI                 =koordinat:40.98111253,28.71493993
AVCILAR->dict_values([1, 2, 3, 4, 5, 6, 7, 8, 9, 10, 11, 12, 13, 14, 15, 16, 17, 18, 19, 20, 21, 22, 23, 24, 25, 26, 27, 28, 29, 30, 31, 32, 33, 34, 35, 36, 37, 38, 39, 40, 41, 42, 43, 44, 45])AVCILAR BURNAZ SOKAK MAĞAZASI              =koordinat:40.98575485,28.71495187
AVCILAR->dict_values([1, 2, 3, 4, 5, 6, 7, 8, 9, 10, 11, 12, 13, 14, 15, 16, 17, 18, 19, 20, 21, 22, 23, 24, 25, 26, 27, 28, 29, 30, 31, 32, 33, 34, 35, 36, 37, 38, 39, 40, 41, 42, 43, 44, 45])AVCILAR YEŞİLKENT                          =koordinat:41.035442,28.704977
AVCILAR->dict_values([1, 2, 3, 4, 5, 6, 7, 8, 9, 10, 11, 12, 13, 14, 15, 16, 17, 18, 19, 20, 21, 22, 23, 24, 25, 26, 27, 28, 29, 30, 31, 32, 33, 34, 35, 36, 37, 38, 39, 40, 41, 42, 43, 44, 45])ŞOK MİNİ-KAĞAN MAĞAZASI                    =koordinat:40.992046,28.707522
AVCILAR->dict_values([1, 2, 3, 4, 5, 6, 7, 8, 9, 10, 11, 12, 13, 14, 15, 16, 17, 18, 19, 20, 21, 22, 23, 24, 25, 26, 27, 28, 29, 30, 31, 32, 33, 34, 35, 36, 37, 38, 39, 40, 41, 42, 43, 44, 45])AVCILAR CEREN MAĞAZASI                     =koordinat:40.9772,28.7098
AVCILAR->dict_values([1, 2, 3, 4, 5, 6, 7, 8, 9, 10, 11, 12, 13, 14, 15, 16, 17, 18, 19, 20, 21, 22, 23, 24, 25, 26, 27, 28, 29, 30, 31, 32, 33, 34, 35, 36, 37, 38, 39, 40, 41, 42, 43, 44, 45])AVCILAR ZAFER MAĞAZASI                     =koordinat:40.97534516,28.72619851
AVCILAR->dict_values([1, 2, 3, 4, 5, 6, 7, 8, 9, 10, 11, 12, 13, 14, 15, 16, 17, 18, 19, 20, 21, 22, 23, 24, 25, 26, 27, 28, 29, 30, 31, 32, 33, 34, 35, 36, 37, 38, 39, 40, 41, 42, 43, 44, 45])AVCILAR KIŞLA MAĞAZASI                     =koordinat:40.978637,28.729632
AVCILAR->dict_values([1, 2, 3, 4, 5, 6, 7, 8, 9, 10, 11, 12, 13, 14, 15, 16, 17, 18, 19, 20, 21, 22, 23, 24, 25, 26, 27, 28, 29, 30, 31, 32, 33, 34, 35, 36, 37, 38, 39, 40, 41, 42, 43, 44, 45])AVCILAR ÖZLEM MAĞAZASI                     =koordinat:40.980089,28.705677
AVCILAR->dict_values([1, 2, 3, 4, 5, 6, 7, 8, 9, 10, 11, 12, 13, 14, 15, 16, 17, 18, 19, 20, 21, 22, 23, 24, 25, 26, 27, 28, 29, 30, 31, 32, 33, 34, 35, 36, 37, 38, 39, 40, 41, 42, 43, 44, 45])ŞOK MİNİ-ÇINAR ÇAĞAN MAĞAZASI              =koordinat:40.9842,28.7156
AVCILAR->dict_values([1, 2, 3, 4, 5, 6, 7, 8, 9, 10, 11, 12, 13, 14, 15, 16, 17, 18, 19, 20, 21, 22, 23, 24, 25, 26, 27, 28, 29, 30, 31, 32, 33, 34, 35, 36, 37, 38, 39, 40, 41, 42, 43, 44, 45])AVCILAR SIRMA MAĞAZASI                     =koordinat:40.975565,28.729412
AVCILAR->dict_values([1, 2, 3, 4, 5, 6, 7, 8, 9, 10, 11, 12, 13, 14, 15, 16, 17, 18, 19, 20, 21, 22, 23, 24, 25, 26, 27, 28, 29, 30, 31, 32, 33, 34, 35, 36, 37, 38, 39, 40, 41, 42, 43, 44, 45])AVCILAR MANOLYA MAĞAZASI                   =koordinat:40.981933,28.732558
AVCILAR->dict_values([1, 2, 3, 4, 5, 6, 7, 8, 9, 10, 11, 12, 13, 14, 15, 16, 17, 18, 19, 20, 21, 22, 23, 24, 25, 26, 27, 28, 29, 30, 31, 32, 33, 34, 35, 36, 37, 38, 39, 40, 41, 42, 43, 44, 45])ŞOK MİNİ-BURNAZ CAD MAĞAZASI               =koordinat:40.59086,28.43058
AVCILAR->dict_values([1, 2, 3, 4, 5, 6, 7, 8, 9, 10, 11, 12, 13, 14, 15, 16, 17, 18, 19, 20, 21, 22, 23, 24, 25, 26, 27, 28, 29, 30, 31, 32, 33, 34, 35, 36, 37, 38, 39, 40, 41, 42, 43, 44, 45])AVCILAR AKGÜL MAĞAZASI                     =koordinat:40.97682217,28.73882756
AVCILAR->dict_values([1, 2, 3, 4, 5, 6, 7, 8, 9, 10, 11, 12, 13, 14, 15, 16, 17, 18, 19, 20, 21, 22, 23, 24, 25, 26, 27, 28, 29, 30, 31, 32, 33, 34, 35, 36, 37, 38, 39, 40, 41, 42, 43, 44, 45])AVCILAR FİRUZ AĞA SOKAK MAĞAZASI           =koordinat:41.00866132,28.71080118
AVCILAR->dict_values([1, 2, 3, 4, 5, 6, 7, 8, 9, 10, 11, 12, 13, 14, 15, 16, 17, 18, 19, 20, 21, 22, 23, 24, 25, 26, 27, 28, 29, 30, 31, 32, 33, 34, 35, 36, 37, 38, 39, 40, 41, 42, 43, 44, 45])AVCILAR TALİMHANE SOKAK MAĞAZASI           =koordinat:40.9810314,28.72426745
AVCILAR->dict_values([1, 2, 3, 4, 5, 6, 7, 8, 9, 10, 11, 12, 13, 14, 15, 16, 17, 18, 19, 20, 21, 22, 23, 24, 25, 26, 27, 28, 29, 30, 31, 32, 33, 34, 35, 36, 37, 38, 39, 40, 41, 42, 43, 44, 45])AVCILAR ZÜMRA SOK. MAĞAZASI                =koordinat:41.0362,28.6987
AVCILAR->dict_values([1, 2, 3, 4, 5, 6, 7, 8, 9, 10, 11, 12, 13, 14, 15, 16, 17, 18, 19, 20, 21, 22, 23, 24, 25, 26, 27, 28, 29, 30, 31, 32, 33, 34, 35, 36, 37, 38, 39, 40, 41, 42, 43, 44, 45])AVCILAR DURAN MAĞAZASI                     =koordinat:41.01457488,28.70670945
AVCILAR->dict_values([1, 2, 3, 4, 5, 6, 7, 8, 9, 10, 11, 12, 13, 14, 15, 16, 17, 18, 19, 20, 21, 22, 23, 24, 25, 26, 27, 28, 29, 30, 31, 32, 33, 34, 35, 36, 37, 38, 39, 40, 41, 42, 43, 44, 45])ŞOKMİNİ-AVCILAR BİLGEHAN MAĞAZASI          =koordinat:41.9755,28.7339
AVCILAR->dict_values([1, 2, 3, 4, 5, 6, 7, 8, 9, 10, 11, 12, 13, 14, 15, 16, 17, 18, 19, 20, 21, 22, 23, 24, 25, 26, 27, 28, 29, 30, 31, 32, 33, 34, 35, 36, 37, 38, 39, 40, 41, 42, 43, 44, 45])ŞOK MİNİ-AVCILAR ASKER MAĞAZASI            =koordinat:40.9807,28.7365
BAĞCILAR->dict_values([1, 2, 3, 4, 5, 6, 7, 8, 9, 10, 11, 12, 13, 14, 15, 16, 17, 18, 19, 20, 21, 22, 23, 24, 25, 26, 27, 28, 29, 30, 31, 32, 33, 34, 35, 36, 37, 38, 39, 40, 41, 42, 43, 44, 45])İSTANBUL BAĞCILAR YAVUZ MAĞAZASI           =koordinat:41.051207,28.849459
BAĞCILAR->dict_values([1, 2, 3, 4, 5, 6, 7, 8, 9, 10, 11, 12, 13, 14, 15, 16, 17, 18, 19, 20, 21, 22, 23, 24, 25, 26, 27, 28, 29, 30, 31, 32, 33, 34, 35, 36, 37, 38, 39, 40, 41, 42, 43, 44, 45])İSTANBUL GÜNEŞLİ MERKEZ MAĞAZASI           =koordinat:41.032603,28.829581
BAĞCILAR->dict_values([1, 2, 3, 4, 5, 6, 7, 8, 9, 10, 11, 12, 13, 14, 15, 16, 17, 18, 19, 20, 21, 22, 23, 24, 25, 26, 27, 28, 29, 30, 31, 32, 33, 34, 35, 36, 37, 38, 39, 40, 41, 42, 43, 44, 45])İSTANBUL BAĞCILAR AYDINLAR MAĞAZASI        =koordinat:41.03389,28.832387
BAĞCILAR->dict_values([1, 2, 3, 4, 5, 6, 7, 8, 9, 10, 11, 12, 13, 14, 15, 16, 17, 18, 19, 20, 21, 22, 23, 24, 25, 26, 27, 28, 29, 30, 31, 32, 33, 34, 35, 36, 37, 38, 39, 40, 41, 42, 43, 44, 45])İSTANBUL BAĞCILAR TAVUKÇUKÖPRÜ MAĞAZASI    =koordinat:41.039897,28.843599
BAĞCILAR->dict_values([1, 2, 3, 4, 5, 6, 7, 8, 9, 10, 11, 12, 13, 14, 15, 16, 17, 18, 19, 20, 21, 22, 23, 24, 25, 26, 27, 28, 29, 30, 31, 32, 33, 34, 35, 36, 37, 38, 39, 40, 41, 42, 43, 44, 45])İSTANBUL BAĞCILAR HÜRRİYET MAĞAZASI        =koordinat:41.027225,28.829342
BAĞCILAR->dict_values([1, 2, 3, 4, 5, 6, 7, 8, 9, 10, 11, 12, 13, 14, 15, 16, 17, 18, 19, 20, 21, 22, 23, 24, 25, 26, 27, 28, 29, 30, 31, 32, 33, 34, 35, 36, 37, 38, 39, 40, 41, 42, 43, 44, 45])İSTANBUL BAĞCILAR FATİH MAĞAZASI           =koordinat:41.050396,28.84623
BAĞCILAR->dict_values([1, 2, 3, 4, 5, 6, 7, 8, 9, 10, 11, 12, 13, 14, 15, 16, 17, 18, 19, 20, 21, 22, 23, 24, 25, 26, 27, 28, 29, 30, 31, 32, 33, 34, 35, 36, 37, 38, 39, 40, 41, 42, 43, 44, 45])İSTANBUL SANAYİ EVREN MAĞAZASI             =koordinat:41.042642,28.818501
BAĞCILAR->dict_values([1, 2, 3, 4, 5, 6, 7, 8, 9, 10, 11, 12, 13, 14, 15, 16, 17, 18, 19, 20, 21, 22, 23, 24, 25, 26, 27, 28, 29, 30, 31, 32, 33, 34, 35, 36, 37, 38, 39, 40, 41, 42, 43, 44, 45])İSTANBUL AZİMKENT MAĞAZASI                 =koordinat:41.041899,28.828578
BAĞCILAR->dict_values([1, 2, 3, 4, 5, 6, 7, 8, 9, 10, 11, 12, 13, 14, 15, 16, 17, 18, 19, 20, 21, 22, 23, 24, 25, 26, 27, 28, 29, 30, 31, 32, 33, 34, 35, 36, 37, 38, 39, 40, 41, 42, 43, 44, 45])İSTANBUL BAĞLARTEPE BAĞCILAR MAĞAZASI      =koordinat:41.0249,28.8572
BAĞCILAR->dict_values([1, 2, 3, 4, 5, 6, 7, 8, 9, 10, 11, 12, 13, 14, 15, 16, 17, 18, 19, 20, 21, 22, 23, 24, 25, 26, 27, 28, 29, 30, 31, 32, 33, 34, 35, 36, 37, 38, 39, 40, 41, 42, 43, 44, 45])İSTANBUL HÜRRİYET MH.GÜNEŞLİ MAĞAZASI      =koordinat:41.0314,28.8278
BAĞCILAR->dict_values([1, 2, 3, 4, 5, 6, 7, 8, 9, 10, 11, 12, 13, 14, 15, 16, 17, 18, 19, 20, 21, 22, 23, 24, 25, 26, 27, 28, 29, 30, 31, 32, 33, 34, 35, 36, 37, 38, 39, 40, 41, 42, 43, 44, 45])İSTANBUL DAĞYOLU BAĞCILAR MAĞAZASI         =koordinat:41.04064,28.85937
BAĞCILAR->dict_values([1, 2, 3, 4, 5, 6, 7, 8, 9, 10, 11, 12, 13, 14, 15, 16, 17, 18, 19, 20, 21, 22, 23, 24, 25, 26, 27, 28, 29, 30, 31, 32, 33, 34, 35, 36, 37, 38, 39, 40, 41, 42, 43, 44, 45])İSTANBUL İKİNCİ SK.BAĞCILAR MAĞAZASI       =koordinat:41.0335,28.8594
BAĞCILAR->dict_values([1, 2, 3, 4, 5, 6, 7, 8, 9, 10, 11, 12, 13, 14, 15, 16, 17, 18, 19, 20, 21, 22, 23, 24, 25, 26, 27, 28, 29, 30, 31, 32, 33, 34, 35, 36, 37, 38, 39, 40, 41, 42, 43, 44, 45])İSTANBUL BAĞCILAR GULBAHAR CAD MAĞAZASI    =koordinat:41.038032,28.813907
BAĞCILAR->dict_values([1, 2, 3, 4, 5, 6, 7, 8, 9, 10, 11, 12, 13, 14, 15, 16, 17, 18, 19, 20, 21, 22, 23, 24, 25, 26, 27, 28, 29, 30, 31, 32, 33, 34, 35, 36, 37, 38, 39, 40, 41, 42, 43, 44, 45])İSTANBUL BAĞCILAR FEVZİ ÇAKMAK MAĞAZASI    =koordinat:41.045055,28.85647
BAĞCILAR->dict_values([1, 2, 3, 4, 5, 6, 7, 8, 9, 10, 11, 12, 13, 14, 15, 16, 17, 18, 19, 20, 21, 22, 23, 24, 25, 26, 27, 28, 29, 30, 31, 32, 33, 34, 35, 36, 37, 38, 39, 40, 41, 42, 43, 44, 45])İSTANBUL BAĞCILAR MİSKET SOKAK MAĞAZASI    =koordinat:41.049376,28.834407
BAĞCILAR->dict_values([1, 2, 3, 4, 5, 6, 7, 8, 9, 10, 11, 12, 13, 14, 15, 16, 17, 18, 19, 20, 21, 22, 23, 24, 25, 26, 27, 28, 29, 30, 31, 32, 33, 34, 35, 36, 37, 38, 39, 40, 41, 42, 43, 44, 45])İSTANBUL BAĞCILAR ŞENCAN SK. MAĞAZASI      =koordinat:41.027144,28.83464
BAĞCILAR->dict_values([1, 2, 3, 4, 5, 6, 7, 8, 9, 10, 11, 12, 13, 14, 15, 16, 17, 18, 19, 20, 21, 22, 23, 24, 25, 26, 27, 28, 29, 30, 31, 32, 33, 34, 35, 36, 37, 38, 39, 40, 41, 42, 43, 44, 45])İSTANBUL BAĞCILAR ŞEHİT MEHMET ÖZCAN SOKAK MAĞAZASI=koordinat:41.060907,28.835163
BAĞCILAR->dict_values([1, 2, 3, 4, 5, 6, 7, 8, 9, 10, 11, 12, 13, 14, 15, 16, 17, 18, 19, 20, 21, 22, 23, 24, 25, 26, 27, 28, 29, 30, 31, 32, 33, 34, 35, 36, 37, 38, 39, 40, 41, 42, 43, 44, 45])İSTANBUL BAĞCILAR ZÜBEYDE HANIM MAĞAZASI   =koordinat:41.034766,28.841013
BAĞCILAR->dict_values([1, 2, 3, 4, 5, 6, 7, 8, 9, 10, 11, 12, 13, 14, 15, 16, 17, 18, 19, 20, 21, 22, 23, 24, 25, 26, 27, 28, 29, 30, 31, 32, 33, 34, 35, 36, 37, 38, 39, 40, 41, 42, 43, 44, 45])İSTANBUL BAĞCILAR YAVUZ SELİM MAĞAZASI     =koordinat:41.033745,28.848271
BAĞCILAR->dict_values([1, 2, 3, 4, 5, 6, 7, 8, 9, 10, 11, 12, 13, 14, 15, 16, 17, 18, 19, 20, 21, 22, 23, 24, 25, 26, 27, 28, 29, 30, 31, 32, 33, 34, 35, 36, 37, 38, 39, 40, 41, 42, 43, 44, 45])İSTANBUL BAĞCILAR PAPAZKÖPRÜSÜ MAĞAZASI    =koordinat:41.033058,28.850561
BAĞCILAR->dict_values([1, 2, 3, 4, 5, 6, 7, 8, 9, 10, 11, 12, 13, 14, 15, 16, 17, 18, 19, 20, 21, 22, 23, 24, 25, 26, 27, 28, 29, 30, 31, 32, 33, 34, 35, 36, 37, 38, 39, 40, 41, 42, 43, 44, 45])İSTANBUL YILDIZ TEPE MAĞAZASI              =koordinat:41.028348,28.853601
BAĞCILAR->dict_values([1, 2, 3, 4, 5, 6, 7, 8, 9, 10, 11, 12, 13, 14, 15, 16, 17, 18, 19, 20, 21, 22, 23, 24, 25, 26, 27, 28, 29, 30, 31, 32, 33, 34, 35, 36, 37, 38, 39, 40, 41, 42, 43, 44, 45])İSTANBUL BAĞCILAR CEVİZLİ SOKAK MAĞAZASI   =koordinat:41.034216,28.835847
BAĞCILAR->dict_values([1, 2, 3, 4, 5, 6, 7, 8, 9, 10, 11, 12, 13, 14, 15, 16, 17, 18, 19, 20, 21, 22, 23, 24, 25, 26, 27, 28, 29, 30, 31, 32, 33, 34, 35, 36, 37, 38, 39, 40, 41, 42, 43, 44, 45])İSTANBUL BAĞCILAR GÜNEŞLİ BİLGE MAĞAZASI   =koordinat:41.041077,28.81462
BAĞCILAR->dict_values([1, 2, 3, 4, 5, 6, 7, 8, 9, 10, 11, 12, 13, 14, 15, 16, 17, 18, 19, 20, 21, 22, 23, 24, 25, 26, 27, 28, 29, 30, 31, 32, 33, 34, 35, 36, 37, 38, 39, 40, 41, 42, 43, 44, 45])İSTANBUL BAĞCILAR ÇINAR MAĞAZASI           =koordinat:41.037022,28.864346
BAĞCILAR->dict_values([1, 2, 3, 4, 5, 6, 7, 8, 9, 10, 11, 12, 13, 14, 15, 16, 17, 18, 19, 20, 21, 22, 23, 24, 25, 26, 27, 28, 29, 30, 31, 32, 33, 34, 35, 36, 37, 38, 39, 40, 41, 42, 43, 44, 45])İSTANBUL BAĞCILAR GÖZTEPE METRO MAĞAZASI   =koordinat:41.055774,28.833613
BAĞCILAR->dict_values([1, 2, 3, 4, 5, 6, 7, 8, 9, 10, 11, 12, 13, 14, 15, 16, 17, 18, 19, 20, 21, 22, 23, 24, 25, 26, 27, 28, 29, 30, 31, 32, 33, 34, 35, 36, 37, 38, 39, 40, 41, 42, 43, 44, 45])İSTANBUL BAĞCILAR SEYİT ÇAVUŞ MAĞAZASI     =koordinat:41.052487,28.843296
BAĞCILAR->dict_values([1, 2, 3, 4, 5, 6, 7, 8, 9, 10, 11, 12, 13, 14, 15, 16, 17, 18, 19, 20, 21, 22, 23, 24, 25, 26, 27, 28, 29, 30, 31, 32, 33, 34, 35, 36, 37, 38, 39, 40, 41, 42, 43, 44, 45])ŞOK MİNİ OSMANPAŞA MAĞAZASI                =koordinat:41.027828,28.831086
BAĞCILAR->dict_values([1, 2, 3, 4, 5, 6, 7, 8, 9, 10, 11, 12, 13, 14, 15, 16, 17, 18, 19, 20, 21, 22, 23, 24, 25, 26, 27, 28, 29, 30, 31, 32, 33, 34, 35, 36, 37, 38, 39, 40, 41, 42, 43, 44, 45])ŞOK MİNİ-PERVİN MAĞAZASI                   =koordinat:41.038684,28.845854
BAĞCILAR->dict_values([1, 2, 3, 4, 5, 6, 7, 8, 9, 10, 11, 12, 13, 14, 15, 16, 17, 18, 19, 20, 21, 22, 23, 24, 25, 26, 27, 28, 29, 30, 31, 32, 33, 34, 35, 36, 37, 38, 39, 40, 41, 42, 43, 44, 45])İSTANBUL BAĞCILAR KIZILIRMAK MAĞAZASI      =koordinat:41.021434,28.856798
BAĞCILAR->dict_values([1, 2, 3, 4, 5, 6, 7, 8, 9, 10, 11, 12, 13, 14, 15, 16, 17, 18, 19, 20, 21, 22, 23, 24, 25, 26, 27, 28, 29, 30, 31, 32, 33, 34, 35, 36, 37, 38, 39, 40, 41, 42, 43, 44, 45])BAĞCILAR GÜMÜŞ MAĞAZASI                    =koordinat:41.0368312,28.823619
BAĞCILAR->dict_values([1, 2, 3, 4, 5, 6, 7, 8, 9, 10, 11, 12, 13, 14, 15, 16, 17, 18, 19, 20, 21, 22, 23, 24, 25, 26, 27, 28, 29, 30, 31, 32, 33, 34, 35, 36, 37, 38, 39, 40, 41, 42, 43, 44, 45])BAĞCILAR M. KEMAL MAĞAZASI                 =koordinat:41.070369,28.855816
BAĞCILAR->dict_values([1, 2, 3, 4, 5, 6, 7, 8, 9, 10, 11, 12, 13, 14, 15, 16, 17, 18, 19, 20, 21, 22, 23, 24, 25, 26, 27, 28, 29, 30, 31, 32, 33, 34, 35, 36, 37, 38, 39, 40, 41, 42, 43, 44, 45])İSTANBUL BAĞCILAR YALMAN                   =koordinat:41.039618,28.864048
BAĞCILAR->dict_values([1, 2, 3, 4, 5, 6, 7, 8, 9, 10, 11, 12, 13, 14, 15, 16, 17, 18, 19, 20, 21, 22, 23, 24, 25, 26, 27, 28, 29, 30, 31, 32, 33, 34, 35, 36, 37, 38, 39, 40, 41, 42, 43, 44, 45])İSTANBUL BAĞCILAR ÇARŞI MAĞAZASI           =koordinat:41.038503,28.852595
BAĞCILAR->dict_values([1, 2, 3, 4, 5, 6, 7, 8, 9, 10, 11, 12, 13, 14, 15, 16, 17, 18, 19, 20, 21, 22, 23, 24, 25, 26, 27, 28, 29, 30, 31, 32, 33, 34, 35, 36, 37, 38, 39, 40, 41, 42, 43, 44, 45])İSTANBUL BAĞCILAR RAGIP PAŞA MAĞAZASI      =koordinat:41.050748,28.852946
BAĞCILAR->dict_values([1, 2, 3, 4, 5, 6, 7, 8, 9, 10, 11, 12, 13, 14, 15, 16, 17, 18, 19, 20, 21, 22, 23, 24, 25, 26, 27, 28, 29, 30, 31, 32, 33, 34, 35, 36, 37, 38, 39, 40, 41, 42, 43, 44, 45])ŞOK MİNİ-ÖZCANCANIK MAĞAZASI               =koordinat:41.029473,28.863004
BAĞCILAR->dict_values([1, 2, 3, 4, 5, 6, 7, 8, 9, 10, 11, 12, 13, 14, 15, 16, 17, 18, 19, 20, 21, 22, 23, 24, 25, 26, 27, 28, 29, 30, 31, 32, 33, 34, 35, 36, 37, 38, 39, 40, 41, 42, 43, 44, 45])İSTANBUL BAĞCILAR BAHAR MAĞAZASI           =koordinat:41.03285,28.814655
BAĞCILAR->dict_values([1, 2, 3, 4, 5, 6, 7, 8, 9, 10, 11, 12, 13, 14, 15, 16, 17, 18, 19, 20, 21, 22, 23, 24, 25, 26, 27, 28, 29, 30, 31, 32, 33, 34, 35, 36, 37, 38, 39, 40, 41, 42, 43, 44, 45])İSTANBUL BAĞCILAR 100. YIL MAĞAZASI        =koordinat:41.058159,28.852179
BAĞCILAR->dict_values([1, 2, 3, 4, 5, 6, 7, 8, 9, 10, 11, 12, 13, 14, 15, 16, 17, 18, 19, 20, 21, 22, 23, 24, 25, 26, 27, 28, 29, 30, 31, 32, 33, 34, 35, 36, 37, 38, 39, 40, 41, 42, 43, 44, 45])İSTANBUL BAĞCILAR MEVLANA CADDESİ MAĞAZASI =koordinat:41.037574,28.841713
BAĞCILAR->dict_values([1, 2, 3, 4, 5, 6, 7, 8, 9, 10, 11, 12, 13, 14, 15, 16, 17, 18, 19, 20, 21, 22, 23, 24, 25, 26, 27, 28, 29, 30, 31, 32, 33, 34, 35, 36, 37, 38, 39, 40, 41, 42, 43, 44, 45])İSTANBUL BAĞCILAR MASLAK CADDESİ MAĞAZASI  =koordinat:41.055594,28.842936
BAĞCILAR->dict_values([1, 2, 3, 4, 5, 6, 7, 8, 9, 10, 11, 12, 13, 14, 15, 16, 17, 18, 19, 20, 21, 22, 23, 24, 25, 26, 27, 28, 29, 30, 31, 32, 33, 34, 35, 36, 37, 38, 39, 40, 41, 42, 43, 44, 45])İSTANBUL BAĞCILAR YONCA MAĞAZASI           =koordinat:41.0472,28.839994
BAĞCILAR->dict_values([1, 2, 3, 4, 5, 6, 7, 8, 9, 10, 11, 12, 13, 14, 15, 16, 17, 18, 19, 20, 21, 22, 23, 24, 25, 26, 27, 28, 29, 30, 31, 32, 33, 34, 35, 36, 37, 38, 39, 40, 41, 42, 43, 44, 45])İSTANBUL BAĞCILAR KAHRAMAN MAĞAZASI        =koordinat:41.036887,28.855524
BAĞCILAR->dict_values([1, 2, 3, 4, 5, 6, 7, 8, 9, 10, 11, 12, 13, 14, 15, 16, 17, 18, 19, 20, 21, 22, 23, 24, 25, 26, 27, 28, 29, 30, 31, 32, 33, 34, 35, 36, 37, 38, 39, 40, 41, 42, 43, 44, 45])İSTANBUL BAĞCILAR PAPATYA MAĞAZASI         =koordinat:41.045628,28.838669
BAĞCILAR->dict_values([1, 2, 3, 4, 5, 6, 7, 8, 9, 10, 11, 12, 13, 14, 15, 16, 17, 18, 19, 20, 21, 22, 23, 24, 25, 26, 27, 28, 29, 30, 31, 32, 33, 34, 35, 36, 37, 38, 39, 40, 41, 42, 43, 44, 45])İSTANBUL BAĞCILAR AKASYA SK. MAĞAZASI      =koordinat:41.041297,28.824796
BAĞCILAR->dict_values([1, 2, 3, 4, 5, 6, 7, 8, 9, 10, 11, 12, 13, 14, 15, 16, 17, 18, 19, 20, 21, 22, 23, 24, 25, 26, 27, 28, 29, 30, 31, 32, 33, 34, 35, 36, 37, 38, 39, 40, 41, 42, 43, 44, 45])İSTANBUL BAĞCILAR ŞURA MAĞAZASI            =koordinat:41.032387,28.861924
BAĞCILAR->dict_values([1, 2, 3, 4, 5, 6, 7, 8, 9, 10, 11, 12, 13, 14, 15, 16, 17, 18, 19, 20, 21, 22, 23, 24, 25, 26, 27, 28, 29, 30, 31, 32, 33, 34, 35, 36, 37, 38, 39, 40, 41, 42, 43, 44, 45])ŞOK MİNİ-HUZUR MAĞAZASI                    =koordinat:41.0484,28.84
BAĞCILAR->dict_values([1, 2, 3, 4, 5, 6, 7, 8, 9, 10, 11, 12, 13, 14, 15, 16, 17, 18, 19, 20, 21, 22, 23, 24, 25, 26, 27, 28, 29, 30, 31, 32, 33, 34, 35, 36, 37, 38, 39, 40, 41, 42, 43, 44, 45])İSTANBUL BAĞCILAR MERKEZ MAH. MAĞAZASI     =koordinat:41.032727,28.8664
BAĞCILAR->dict_values([1, 2, 3, 4, 5, 6, 7, 8, 9, 10, 11, 12, 13, 14, 15, 16, 17, 18, 19, 20, 21, 22, 23, 24, 25, 26, 27, 28, 29, 30, 31, 32, 33, 34, 35, 36, 37, 38, 39, 40, 41, 42, 43, 44, 45])İSTANBUL BAĞCILAR SANCAKTEPE MAH. MAĞAZASI =koordinat:41.041774,28.854
BAĞCILAR->dict_values([1, 2, 3, 4, 5, 6, 7, 8, 9, 10, 11, 12, 13, 14, 15, 16, 17, 18, 19, 20, 21, 22, 23, 24, 25, 26, 27, 28, 29, 30, 31, 32, 33, 34, 35, 36, 37, 38, 39, 40, 41, 42, 43, 44, 45])İSTANBUL BAĞCILAR ASFALTI MAĞAZASI         =koordinat:41.043328,28.844323
BAĞCILAR->dict_values([1, 2, 3, 4, 5, 6, 7, 8, 9, 10, 11, 12, 13, 14, 15, 16, 17, 18, 19, 20, 21, 22, 23, 24, 25, 26, 27, 28, 29, 30, 31, 32, 33, 34, 35, 36, 37, 38, 39, 40, 41, 42, 43, 44, 45])İSTANBUL BAĞCILAR FİDAN SOKAK MAĞAZASI     =koordinat:41.048438,28.845659
BAĞCILAR->dict_values([1, 2, 3, 4, 5, 6, 7, 8, 9, 10, 11, 12, 13, 14, 15, 16, 17, 18, 19, 20, 21, 22, 23, 24, 25, 26, 27, 28, 29, 30, 31, 32, 33, 34, 35, 36, 37, 38, 39, 40, 41, 42, 43, 44, 45])İSTANBUL BAĞCILAR PAZARYOLU SOKAK MAĞAZASI =koordinat:41.028682,28.840047
BAĞCILAR->dict_values([1, 2, 3, 4, 5, 6, 7, 8, 9, 10, 11, 12, 13, 14, 15, 16, 17, 18, 19, 20, 21, 22, 23, 24, 25, 26, 27, 28, 29, 30, 31, 32, 33, 34, 35, 36, 37, 38, 39, 40, 41, 42, 43, 44, 45])İSTANBUL BAĞCILAR KAYA MAĞAZASI            =koordinat:41.031298,28.860585
BAĞCILAR->dict_values([1, 2, 3, 4, 5, 6, 7, 8, 9, 10, 11, 12, 13, 14, 15, 16, 17, 18, 19, 20, 21, 22, 23, 24, 25, 26, 27, 28, 29, 30, 31, 32, 33, 34, 35, 36, 37, 38, 39, 40, 41, 42, 43, 44, 45])İSTANBUL GÜNEŞLİ GARDENYA PARK MAĞAZASI    =koordinat:41.023986,28.825437
BAĞCILAR->dict_values([1, 2, 3, 4, 5, 6, 7, 8, 9, 10, 11, 12, 13, 14, 15, 16, 17, 18, 19, 20, 21, 22, 23, 24, 25, 26, 27, 28, 29, 30, 31, 32, 33, 34, 35, 36, 37, 38, 39, 40, 41, 42, 43, 44, 45])İSTANBUL BAĞCILAR PİRİ REİS MAĞAZASI       =koordinat:41.047691,28.821918
BAĞCILAR->dict_values([1, 2, 3, 4, 5, 6, 7, 8, 9, 10, 11, 12, 13, 14, 15, 16, 17, 18, 19, 20, 21, 22, 23, 24, 25, 26, 27, 28, 29, 30, 31, 32, 33, 34, 35, 36, 37, 38, 39, 40, 41, 42, 43, 44, 45])İSTANBUL BAĞCILAR HANEM EVLERİ MAĞAZASI    =koordinat:41.036974,28.819633
BAĞCILAR->dict_values([1, 2, 3, 4, 5, 6, 7, 8, 9, 10, 11, 12, 13, 14, 15, 16, 17, 18, 19, 20, 21, 22, 23, 24, 25, 26, 27, 28, 29, 30, 31, 32, 33, 34, 35, 36, 37, 38, 39, 40, 41, 42, 43, 44, 45])İSTANBUL BAĞCILAR ÇEŞME MAĞAZASI           =koordinat:41.02957479,28.82727599
BAĞCILAR->dict_values([1, 2, 3, 4, 5, 6, 7, 8, 9, 10, 11, 12, 13, 14, 15, 16, 17, 18, 19, 20, 21, 22, 23, 24, 25, 26, 27, 28, 29, 30, 31, 32, 33, 34, 35, 36, 37, 38, 39, 40, 41, 42, 43, 44, 45])ŞOK MİNİ-SANCAKTEPE MAĞAZASI               =koordinat:41.03777,28.854833
BAĞCILAR->dict_values([1, 2, 3, 4, 5, 6, 7, 8, 9, 10, 11, 12, 13, 14, 15, 16, 17, 18, 19, 20, 21, 22, 23, 24, 25, 26, 27, 28, 29, 30, 31, 32, 33, 34, 35, 36, 37, 38, 39, 40, 41, 42, 43, 44, 45])BAĞCILAR KARAGÜN MAĞAZASI                  =koordinat:41.024332,28.852866
BAĞCILAR->dict_values([1, 2, 3, 4, 5, 6, 7, 8, 9, 10, 11, 12, 13, 14, 15, 16, 17, 18, 19, 20, 21, 22, 23, 24, 25, 26, 27, 28, 29, 30, 31, 32, 33, 34, 35, 36, 37, 38, 39, 40, 41, 42, 43, 44, 45])BAĞCILAR GÜLER MAĞAZASI                    =koordinat:41.036628,28.85821
BAĞCILAR->dict_values([1, 2, 3, 4, 5, 6, 7, 8, 9, 10, 11, 12, 13, 14, 15, 16, 17, 18, 19, 20, 21, 22, 23, 24, 25, 26, 27, 28, 29, 30, 31, 32, 33, 34, 35, 36, 37, 38, 39, 40, 41, 42, 43, 44, 45])BAĞCILAR VELİOĞLU MAĞAZASI                 =koordinat:41.044898,28.846828
BAĞCILAR->dict_values([1, 2, 3, 4, 5, 6, 7, 8, 9, 10, 11, 12, 13, 14, 15, 16, 17, 18, 19, 20, 21, 22, 23, 24, 25, 26, 27, 28, 29, 30, 31, 32, 33, 34, 35, 36, 37, 38, 39, 40, 41, 42, 43, 44, 45])BAĞCILAR BEYAZ MAĞAZASI                    =koordinat:41.0382,28.8567
BAĞCILAR->dict_values([1, 2, 3, 4, 5, 6, 7, 8, 9, 10, 11, 12, 13, 14, 15, 16, 17, 18, 19, 20, 21, 22, 23, 24, 25, 26, 27, 28, 29, 30, 31, 32, 33, 34, 35, 36, 37, 38, 39, 40, 41, 42, 43, 44, 45])BAĞCILAR MEHMET AKİF MAĞAZASI              =koordinat:41.0421,28.51
BAĞCILAR->dict_values([1, 2, 3, 4, 5, 6, 7, 8, 9, 10, 11, 12, 13, 14, 15, 16, 17, 18, 19, 20, 21, 22, 23, 24, 25, 26, 27, 28, 29, 30, 31, 32, 33, 34, 35, 36, 37, 38, 39, 40, 41, 42, 43, 44, 45])BAĞCILAR İTFAİYE MAĞAZASI                  =koordinat:41.05055067,28.85508522
BAĞCILAR->dict_values([1, 2, 3, 4, 5, 6, 7, 8, 9, 10, 11, 12, 13, 14, 15, 16, 17, 18, 19, 20, 21, 22, 23, 24, 25, 26, 27, 28, 29, 30, 31, 32, 33, 34, 35, 36, 37, 38, 39, 40, 41, 42, 43, 44, 45])BAĞCILAR TABYA MAĞAZASI                    =koordinat:41.0406,28.8578
BAĞCILAR->dict_values([1, 2, 3, 4, 5, 6, 7, 8, 9, 10, 11, 12, 13, 14, 15, 16, 17, 18, 19, 20, 21, 22, 23, 24, 25, 26, 27, 28, 29, 30, 31, 32, 33, 34, 35, 36, 37, 38, 39, 40, 41, 42, 43, 44, 45])BAĞCILAR ŞEHİT YILMAZ KAAN CAD. MAĞAZASI   =koordinat:41.0128,28.5129
BAĞCILAR->dict_values([1, 2, 3, 4, 5, 6, 7, 8, 9, 10, 11, 12, 13, 14, 15, 16, 17, 18, 19, 20, 21, 22, 23, 24, 25, 26, 27, 28, 29, 30, 31, 32, 33, 34, 35, 36, 37, 38, 39, 40, 41, 42, 43, 44, 45])BAĞCILAR OSMANGAZİ MAĞAZASI                =koordinat:41.0272,28.5153
BAĞCILAR->dict_values([1, 2, 3, 4, 5, 6, 7, 8, 9, 10, 11, 12, 13, 14, 15, 16, 17, 18, 19, 20, 21, 22, 23, 24, 25, 26, 27, 28, 29, 30, 31, 32, 33, 34, 35, 36, 37, 38, 39, 40, 41, 42, 43, 44, 45])BAĞCILAR KAZIM KARABEKİR MAĞAZASI          =koordinat:41.02890505,28.84447655
BAĞCILAR->dict_values([1, 2, 3, 4, 5, 6, 7, 8, 9, 10, 11, 12, 13, 14, 15, 16, 17, 18, 19, 20, 21, 22, 23, 24, 25, 26, 27, 28, 29, 30, 31, 32, 33, 34, 35, 36, 37, 38, 39, 40, 41, 42, 43, 44, 45])BAĞCILAR KİRAZLI METRO MAĞAZASI            =koordinat:41.03077141,28.84134293
BAĞCILAR->dict_values([1, 2, 3, 4, 5, 6, 7, 8, 9, 10, 11, 12, 13, 14, 15, 16, 17, 18, 19, 20, 21, 22, 23, 24, 25, 26, 27, 28, 29, 30, 31, 32, 33, 34, 35, 36, 37, 38, 39, 40, 41, 42, 43, 44, 45])BAĞCILAR GEYLANİ MAĞAZASI                  =koordinat:41.036883,28.838364
BAĞCILAR->dict_values([1, 2, 3, 4, 5, 6, 7, 8, 9, 10, 11, 12, 13, 14, 15, 16, 17, 18, 19, 20, 21, 22, 23, 24, 25, 26, 27, 28, 29, 30, 31, 32, 33, 34, 35, 36, 37, 38, 39, 40, 41, 42, 43, 44, 45])BAĞCILAR MEYDAN MAĞAZASI                   =koordinat:41.034523,28.863558
BAĞCILAR->dict_values([1, 2, 3, 4, 5, 6, 7, 8, 9, 10, 11, 12, 13, 14, 15, 16, 17, 18, 19, 20, 21, 22, 23, 24, 25, 26, 27, 28, 29, 30, 31, 32, 33, 34, 35, 36, 37, 38, 39, 40, 41, 42, 43, 44, 45])ŞOK MİNİ-ŞAFAK BAGCILAR MAĞAZASI           =koordinat:41.0920519,28.8962852
BAĞCILAR->dict_values([1, 2, 3, 4, 5, 6, 7, 8, 9, 10, 11, 12, 13, 14, 15, 16, 17, 18, 19, 20, 21, 22, 23, 24, 25, 26, 27, 28, 29, 30, 31, 32, 33, 34, 35, 36, 37, 38, 39, 40, 41, 42, 43, 44, 45])BAĞCILAR BARBAROS MAĞAZASI                 =koordinat:41.022766,28.842655
BAĞCILAR->dict_values([1, 2, 3, 4, 5, 6, 7, 8, 9, 10, 11, 12, 13, 14, 15, 16, 17, 18, 19, 20, 21, 22, 23, 24, 25, 26, 27, 28, 29, 30, 31, 32, 33, 34, 35, 36, 37, 38, 39, 40, 41, 42, 43, 44, 45])BAĞCILAR ATATÜRK MAĞAZASI                  =koordinat:41.023732,28.828693
BAĞCILAR->dict_values([1, 2, 3, 4, 5, 6, 7, 8, 9, 10, 11, 12, 13, 14, 15, 16, 17, 18, 19, 20, 21, 22, 23, 24, 25, 26, 27, 28, 29, 30, 31, 32, 33, 34, 35, 36, 37, 38, 39, 40, 41, 42, 43, 44, 45])BAĞCILAR KEMALPAŞA MAĞAZASI                =koordinat:41.052868,28.849432
BAĞCILAR->dict_values([1, 2, 3, 4, 5, 6, 7, 8, 9, 10, 11, 12, 13, 14, 15, 16, 17, 18, 19, 20, 21, 22, 23, 24, 25, 26, 27, 28, 29, 30, 31, 32, 33, 34, 35, 36, 37, 38, 39, 40, 41, 42, 43, 44, 45])İSTANBUL BAĞCILAR DEMİRKAPI GÖKSU MAĞAZASI =koordinat:41.052271,28.83505
BAĞCILAR->dict_values([1, 2, 3, 4, 5, 6, 7, 8, 9, 10, 11, 12, 13, 14, 15, 16, 17, 18, 19, 20, 21, 22, 23, 24, 25, 26, 27, 28, 29, 30, 31, 32, 33, 34, 35, 36, 37, 38, 39, 40, 41, 42, 43, 44, 45])BAĞCILAR ARDA MAĞAZASI                     =koordinat:41.037621,28.860695
BAĞCILAR->dict_values([1, 2, 3, 4, 5, 6, 7, 8, 9, 10, 11, 12, 13, 14, 15, 16, 17, 18, 19, 20, 21, 22, 23, 24, 25, 26, 27, 28, 29, 30, 31, 32, 33, 34, 35, 36, 37, 38, 39, 40, 41, 42, 43, 44, 45])BAĞCILAR ÜÇYOL MAĞAZASI                    =koordinat:41.034249,28.830569
BAĞCILAR->dict_values([1, 2, 3, 4, 5, 6, 7, 8, 9, 10, 11, 12, 13, 14, 15, 16, 17, 18, 19, 20, 21, 22, 23, 24, 25, 26, 27, 28, 29, 30, 31, 32, 33, 34, 35, 36, 37, 38, 39, 40, 41, 42, 43, 44, 45])BAĞCILAR KAAN MAĞAZASI                     =koordinat:41.03178712,28.84586513
BAĞCILAR->dict_values([1, 2, 3, 4, 5, 6, 7, 8, 9, 10, 11, 12, 13, 14, 15, 16, 17, 18, 19, 20, 21, 22, 23, 24, 25, 26, 27, 28, 29, 30, 31, 32, 33, 34, 35, 36, 37, 38, 39, 40, 41, 42, 43, 44, 45])BAĞCILAR METRO HAYAT MAĞAZASI              =koordinat:41.055254,28.831872
BAĞCILAR->dict_values([1, 2, 3, 4, 5, 6, 7, 8, 9, 10, 11, 12, 13, 14, 15, 16, 17, 18, 19, 20, 21, 22, 23, 24, 25, 26, 27, 28, 29, 30, 31, 32, 33, 34, 35, 36, 37, 38, 39, 40, 41, 42, 43, 44, 45])BAĞCILAR BİRLİK MAĞAZASI                   =koordinat:41.0434,28.8441
BAĞCILAR->dict_values([1, 2, 3, 4, 5, 6, 7, 8, 9, 10, 11, 12, 13, 14, 15, 16, 17, 18, 19, 20, 21, 22, 23, 24, 25, 26, 27, 28, 29, 30, 31, 32, 33, 34, 35, 36, 37, 38, 39, 40, 41, 42, 43, 44, 45])BAĞCILAR NENE HATUN SOK. MAĞAZASI          =koordinat:41.2097,28.5165
BAĞCILAR->dict_values([1, 2, 3, 4, 5, 6, 7, 8, 9, 10, 11, 12, 13, 14, 15, 16, 17, 18, 19, 20, 21, 22, 23, 24, 25, 26, 27, 28, 29, 30, 31, 32, 33, 34, 35, 36, 37, 38, 39, 40, 41, 42, 43, 44, 45])BAĞCILAR YENİ MAHALLE MAĞAZASI             =koordinat:41.042163,28.837993
BAĞCILAR->dict_values([1, 2, 3, 4, 5, 6, 7, 8, 9, 10, 11, 12, 13, 14, 15, 16, 17, 18, 19, 20, 21, 22, 23, 24, 25, 26, 27, 28, 29, 30, 31, 32, 33, 34, 35, 36, 37, 38, 39, 40, 41, 42, 43, 44, 45])İSTANBUL BAĞCILAR EBRU MAĞAZASI            =koordinat:41.05298937,28.83787706
BAĞCILAR->dict_values([1, 2, 3, 4, 5, 6, 7, 8, 9, 10, 11, 12, 13, 14, 15, 16, 17, 18, 19, 20, 21, 22, 23, 24, 25, 26, 27, 28, 29, 30, 31, 32, 33, 34, 35, 36, 37, 38, 39, 40, 41, 42, 43, 44, 45])BAĞCILAR ERTUĞRUL GAZİ MAĞAZASI            =koordinat:41.032996,28.855207
BAHÇELİEVLER->dict_values([1, 2, 3, 4, 5, 6, 7, 8, 9, 10, 11, 12, 13, 14, 15, 16, 17, 18, 19, 20, 21, 22, 23, 24, 25, 26, 27, 28, 29, 30, 31, 32, 33, 34, 35, 36, 37, 38, 39, 40, 41, 42, 43, 44, 45])İSTANBUL BAHÇELİEVLER MAĞAZASI             =koordinat:41.001034,28.856878
BAHÇELİEVLER->dict_values([1, 2, 3, 4, 5, 6, 7, 8, 9, 10, 11, 12, 13, 14, 15, 16, 17, 18, 19, 20, 21, 22, 23, 24, 25, 26, 27, 28, 29, 30, 31, 32, 33, 34, 35, 36, 37, 38, 39, 40, 41, 42, 43, 44, 45])İSTANBUL HAZNEDAR CADDE MAĞAZASI           =koordinat:41.008364,28.864273
BAHÇELİEVLER->dict_values([1, 2, 3, 4, 5, 6, 7, 8, 9, 10, 11, 12, 13, 14, 15, 16, 17, 18, 19, 20, 21, 22, 23, 24, 25, 26, 27, 28, 29, 30, 31, 32, 33, 34, 35, 36, 37, 38, 39, 40, 41, 42, 43, 44, 45])İSTANBUL HAZNEDAR MAĞAZASI                 =koordinat:41.007489,28.867086
BAHÇELİEVLER->dict_values([1, 2, 3, 4, 5, 6, 7, 8, 9, 10, 11, 12, 13, 14, 15, 16, 17, 18, 19, 20, 21, 22, 23, 24, 25, 26, 27, 28, 29, 30, 31, 32, 33, 34, 35, 36, 37, 38, 39, 40, 41, 42, 43, 44, 45])İSTANBUL BAHÇELİEVLER MELTEM MAĞAZASI      =koordinat:41.0204,28.8507
BAHÇELİEVLER->dict_values([1, 2, 3, 4, 5, 6, 7, 8, 9, 10, 11, 12, 13, 14, 15, 16, 17, 18, 19, 20, 21, 22, 23, 24, 25, 26, 27, 28, 29, 30, 31, 32, 33, 34, 35, 36, 37, 38, 39, 40, 41, 42, 43, 44, 45])İSTANBUL YENİBOSNA RADAR MAĞAZASI          =koordinat:41.017925,28.822951
BAHÇELİEVLER->dict_values([1, 2, 3, 4, 5, 6, 7, 8, 9, 10, 11, 12, 13, 14, 15, 16, 17, 18, 19, 20, 21, 22, 23, 24, 25, 26, 27, 28, 29, 30, 31, 32, 33, 34, 35, 36, 37, 38, 39, 40, 41, 42, 43, 44, 45])İSTANBUL ÜNVERDİ 2 MAĞAZASI                =koordinat:41.001465,28.864511
BAHÇELİEVLER->dict_values([1, 2, 3, 4, 5, 6, 7, 8, 9, 10, 11, 12, 13, 14, 15, 16, 17, 18, 19, 20, 21, 22, 23, 24, 25, 26, 27, 28, 29, 30, 31, 32, 33, 34, 35, 36, 37, 38, 39, 40, 41, 42, 43, 44, 45])İSTANBUL İSTANBUL EVLERİ MAĞAZASI          =koordinat:41.005559,28.874047
BAHÇELİEVLER->dict_values([1, 2, 3, 4, 5, 6, 7, 8, 9, 10, 11, 12, 13, 14, 15, 16, 17, 18, 19, 20, 21, 22, 23, 24, 25, 26, 27, 28, 29, 30, 31, 32, 33, 34, 35, 36, 37, 38, 39, 40, 41, 42, 43, 44, 45])İSTANBUL YENİBOSNA DEREYOLU MAĞAZASI       =koordinat:41.001855,28.838717
BAHÇELİEVLER->dict_values([1, 2, 3, 4, 5, 6, 7, 8, 9, 10, 11, 12, 13, 14, 15, 16, 17, 18, 19, 20, 21, 22, 23, 24, 25, 26, 27, 28, 29, 30, 31, 32, 33, 34, 35, 36, 37, 38, 39, 40, 41, 42, 43, 44, 45])İSTANBUL YENİBOSNA AHMET YESEVİ MAĞAZASI   =koordinat:41.00902,28.838846
BAHÇELİEVLER->dict_values([1, 2, 3, 4, 5, 6, 7, 8, 9, 10, 11, 12, 13, 14, 15, 16, 17, 18, 19, 20, 21, 22, 23, 24, 25, 26, 27, 28, 29, 30, 31, 32, 33, 34, 35, 36, 37, 38, 39, 40, 41, 42, 43, 44, 45])İSTANBUL ŞİRİNEVLER SALIPAZARI MAĞAZASI    =koordinat:40.9973,28.8409
BAHÇELİEVLER->dict_values([1, 2, 3, 4, 5, 6, 7, 8, 9, 10, 11, 12, 13, 14, 15, 16, 17, 18, 19, 20, 21, 22, 23, 24, 25, 26, 27, 28, 29, 30, 31, 32, 33, 34, 35, 36, 37, 38, 39, 40, 41, 42, 43, 44, 45])İSTANBUL YENİBOSNA ÇİĞDEM SOKAK MAĞAZASI   =koordinat:41.00657,28.838891
BAHÇELİEVLER->dict_values([1, 2, 3, 4, 5, 6, 7, 8, 9, 10, 11, 12, 13, 14, 15, 16, 17, 18, 19, 20, 21, 22, 23, 24, 25, 26, 27, 28, 29, 30, 31, 32, 33, 34, 35, 36, 37, 38, 39, 40, 41, 42, 43, 44, 45])İSTANBUL BESLEN YAYLA MAĞAZASI             =koordinat:41.0017,28.8607
BAHÇELİEVLER->dict_values([1, 2, 3, 4, 5, 6, 7, 8, 9, 10, 11, 12, 13, 14, 15, 16, 17, 18, 19, 20, 21, 22, 23, 24, 25, 26, 27, 28, 29, 30, 31, 32, 33, 34, 35, 36, 37, 38, 39, 40, 41, 42, 43, 44, 45])İSTANBUL FETİH CD.ŞİRİNEVLER MAĞAZASI      =koordinat:40.9948,28.8467
BAHÇELİEVLER->dict_values([1, 2, 3, 4, 5, 6, 7, 8, 9, 10, 11, 12, 13, 14, 15, 16, 17, 18, 19, 20, 21, 22, 23, 24, 25, 26, 27, 28, 29, 30, 31, 32, 33, 34, 35, 36, 37, 38, 39, 40, 41, 42, 43, 44, 45])İSTANBUL HURRIYET MH.ŞİRİNEVLER MAĞAZASI   =koordinat:40.995868,28.840946
BAHÇELİEVLER->dict_values([1, 2, 3, 4, 5, 6, 7, 8, 9, 10, 11, 12, 13, 14, 15, 16, 17, 18, 19, 20, 21, 22, 23, 24, 25, 26, 27, 28, 29, 30, 31, 32, 33, 34, 35, 36, 37, 38, 39, 40, 41, 42, 43, 44, 45])İSTANBUL KOCASİNAN BAHÇELİEVLER MAĞAZASI   =koordinat:40.9982,28.8561
BAHÇELİEVLER->dict_values([1, 2, 3, 4, 5, 6, 7, 8, 9, 10, 11, 12, 13, 14, 15, 16, 17, 18, 19, 20, 21, 22, 23, 24, 25, 26, 27, 28, 29, 30, 31, 32, 33, 34, 35, 36, 37, 38, 39, 40, 41, 42, 43, 44, 45])İSTANBUL ÇAVUŞPAŞA MAĞAZASI                =koordinat:41.011402,28.850379
BAHÇELİEVLER->dict_values([1, 2, 3, 4, 5, 6, 7, 8, 9, 10, 11, 12, 13, 14, 15, 16, 17, 18, 19, 20, 21, 22, 23, 24, 25, 26, 27, 28, 29, 30, 31, 32, 33, 34, 35, 36, 37, 38, 39, 40, 41, 42, 43, 44, 45])İSTANBUL BAHÇELİEVLER DORUK SOKAK MAĞAZASI =koordinat:41.019319,28.855118
BAHÇELİEVLER->dict_values([1, 2, 3, 4, 5, 6, 7, 8, 9, 10, 11, 12, 13, 14, 15, 16, 17, 18, 19, 20, 21, 22, 23, 24, 25, 26, 27, 28, 29, 30, 31, 32, 33, 34, 35, 36, 37, 38, 39, 40, 41, 42, 43, 44, 45])İSTANBUL ŞİRİNEVLER MAREŞAL ÇAKMAK MAĞAZASI=koordinat:40.993215,28.845777
BAHÇELİEVLER->dict_values([1, 2, 3, 4, 5, 6, 7, 8, 9, 10, 11, 12, 13, 14, 15, 16, 17, 18, 19, 20, 21, 22, 23, 24, 25, 26, 27, 28, 29, 30, 31, 32, 33, 34, 35, 36, 37, 38, 39, 40, 41, 42, 43, 44, 45])İSTANBUL KOCA SİNAN MAHMUTBEY MAĞAZASI     =koordinat:41.015246,28.842097
BAHÇELİEVLER->dict_values([1, 2, 3, 4, 5, 6, 7, 8, 9, 10, 11, 12, 13, 14, 15, 16, 17, 18, 19, 20, 21, 22, 23, 24, 25, 26, 27, 28, 29, 30, 31, 32, 33, 34, 35, 36, 37, 38, 39, 40, 41, 42, 43, 44, 45])İSTANBUL BAHÇELİEVLER ÇAYÇİCEĞİ MAĞAZASI   =koordinat:40.997008,28.865536
BAHÇELİEVLER->dict_values([1, 2, 3, 4, 5, 6, 7, 8, 9, 10, 11, 12, 13, 14, 15, 16, 17, 18, 19, 20, 21, 22, 23, 24, 25, 26, 27, 28, 29, 30, 31, 32, 33, 34, 35, 36, 37, 38, 39, 40, 41, 42, 43, 44, 45])İSTANBUL BAHÇELİEVLER SAKIP SABANCI MAĞAZASI=koordinat:41.016279,28.850706
BAHÇELİEVLER->dict_values([1, 2, 3, 4, 5, 6, 7, 8, 9, 10, 11, 12, 13, 14, 15, 16, 17, 18, 19, 20, 21, 22, 23, 24, 25, 26, 27, 28, 29, 30, 31, 32, 33, 34, 35, 36, 37, 38, 39, 40, 41, 42, 43, 44, 45])İSTANBUL BHÇLİEVLER MİTHATPAŞA CD MAĞAZASI =koordinat:41.005825,28.827424
BAHÇELİEVLER->dict_values([1, 2, 3, 4, 5, 6, 7, 8, 9, 10, 11, 12, 13, 14, 15, 16, 17, 18, 19, 20, 21, 22, 23, 24, 25, 26, 27, 28, 29, 30, 31, 32, 33, 34, 35, 36, 37, 38, 39, 40, 41, 42, 43, 44, 45])İSTANBUL BAHÇELİEVLER NİLÜFER MAĞAZASI     =koordinat:41.012386,28.861352
BAHÇELİEVLER->dict_values([1, 2, 3, 4, 5, 6, 7, 8, 9, 10, 11, 12, 13, 14, 15, 16, 17, 18, 19, 20, 21, 22, 23, 24, 25, 26, 27, 28, 29, 30, 31, 32, 33, 34, 35, 36, 37, 38, 39, 40, 41, 42, 43, 44, 45])İSTANBUL BAHÇELİEVLER SOĞANLI MAĞAZASI     =koordinat:41.003626,28.852222
BAHÇELİEVLER->dict_values([1, 2, 3, 4, 5, 6, 7, 8, 9, 10, 11, 12, 13, 14, 15, 16, 17, 18, 19, 20, 21, 22, 23, 24, 25, 26, 27, 28, 29, 30, 31, 32, 33, 34, 35, 36, 37, 38, 39, 40, 41, 42, 43, 44, 45])İSTANBUL BAHÇELİEVLER MARMARA CADDESİ MAĞAZASI=koordinat:41.014027,28.845875
BAHÇELİEVLER->dict_values([1, 2, 3, 4, 5, 6, 7, 8, 9, 10, 11, 12, 13, 14, 15, 16, 17, 18, 19, 20, 21, 22, 23, 24, 25, 26, 27, 28, 29, 30, 31, 32, 33, 34, 35, 36, 37, 38, 39, 40, 41, 42, 43, 44, 45])İSTANBUL YAYLA MAĞAZASI                    =koordinat:41.008229,28.85882
BAHÇELİEVLER->dict_values([1, 2, 3, 4, 5, 6, 7, 8, 9, 10, 11, 12, 13, 14, 15, 16, 17, 18, 19, 20, 21, 22, 23, 24, 25, 26, 27, 28, 29, 30, 31, 32, 33, 34, 35, 36, 37, 38, 39, 40, 41, 42, 43, 44, 45])İSTANBUL YENİBOSNA AKTAŞ MAĞAZASI          =koordinat:40.99714,28.838596
BAHÇELİEVLER->dict_values([1, 2, 3, 4, 5, 6, 7, 8, 9, 10, 11, 12, 13, 14, 15, 16, 17, 18, 19, 20, 21, 22, 23, 24, 25, 26, 27, 28, 29, 30, 31, 32, 33, 34, 35, 36, 37, 38, 39, 40, 41, 42, 43, 44, 45])İSTANBUL BAHÇELİEVLER LEVENT KIRCA MAĞAZASI=koordinat:41.014359,28.853641
BAHÇELİEVLER->dict_values([1, 2, 3, 4, 5, 6, 7, 8, 9, 10, 11, 12, 13, 14, 15, 16, 17, 18, 19, 20, 21, 22, 23, 24, 25, 26, 27, 28, 29, 30, 31, 32, 33, 34, 35, 36, 37, 38, 39, 40, 41, 42, 43, 44, 45])BAHÇELİEVLER OĞUZHAN DS                    =koordinat:41.004334,28.849609
BAHÇELİEVLER->dict_values([1, 2, 3, 4, 5, 6, 7, 8, 9, 10, 11, 12, 13, 14, 15, 16, 17, 18, 19, 20, 21, 22, 23, 24, 25, 26, 27, 28, 29, 30, 31, 32, 33, 34, 35, 36, 37, 38, 39, 40, 41, 42, 43, 44, 45])İSTANBUL BAHÇELİEVLER SÜMBÜL MAĞAZASI      =koordinat:40.992901,28.841099
BAHÇELİEVLER->dict_values([1, 2, 3, 4, 5, 6, 7, 8, 9, 10, 11, 12, 13, 14, 15, 16, 17, 18, 19, 20, 21, 22, 23, 24, 25, 26, 27, 28, 29, 30, 31, 32, 33, 34, 35, 36, 37, 38, 39, 40, 41, 42, 43, 44, 45])BAHÇELİEVLER HALİDE EDİP MAĞAZASI          =koordinat:41.011657,28.853426
BAHÇELİEVLER->dict_values([1, 2, 3, 4, 5, 6, 7, 8, 9, 10, 11, 12, 13, 14, 15, 16, 17, 18, 19, 20, 21, 22, 23, 24, 25, 26, 27, 28, 29, 30, 31, 32, 33, 34, 35, 36, 37, 38, 39, 40, 41, 42, 43, 44, 45])YENİBOSNA SAFA MAĞAZASI                    =koordinat:40.999529,28.838556
BAHÇELİEVLER->dict_values([1, 2, 3, 4, 5, 6, 7, 8, 9, 10, 11, 12, 13, 14, 15, 16, 17, 18, 19, 20, 21, 22, 23, 24, 25, 26, 27, 28, 29, 30, 31, 32, 33, 34, 35, 36, 37, 38, 39, 40, 41, 42, 43, 44, 45])YENİBOSNA YUNUS EMRE MAĞAZASI              =koordinat:41.017808,28.839001
BAHÇELİEVLER->dict_values([1, 2, 3, 4, 5, 6, 7, 8, 9, 10, 11, 12, 13, 14, 15, 16, 17, 18, 19, 20, 21, 22, 23, 24, 25, 26, 27, 28, 29, 30, 31, 32, 33, 34, 35, 36, 37, 38, 39, 40, 41, 42, 43, 44, 45])İSTANBUL BAHÇELİEVLER HASTANE MAĞAZASI     =koordinat:41.011552,28.839849
BAHÇELİEVLER->dict_values([1, 2, 3, 4, 5, 6, 7, 8, 9, 10, 11, 12, 13, 14, 15, 16, 17, 18, 19, 20, 21, 22, 23, 24, 25, 26, 27, 28, 29, 30, 31, 32, 33, 34, 35, 36, 37, 38, 39, 40, 41, 42, 43, 44, 45])İSTANBUL YENİBOSNA NEVAL MAĞAZASI          =koordinat:41.0123737,28.829135
BAHÇELİEVLER->dict_values([1, 2, 3, 4, 5, 6, 7, 8, 9, 10, 11, 12, 13, 14, 15, 16, 17, 18, 19, 20, 21, 22, 23, 24, 25, 26, 27, 28, 29, 30, 31, 32, 33, 34, 35, 36, 37, 38, 39, 40, 41, 42, 43, 44, 45])ŞOK MİNİ-AHMET YESEVİ MAĞAZASI             =koordinat:41.013406,28.839189
BAHÇELİEVLER->dict_values([1, 2, 3, 4, 5, 6, 7, 8, 9, 10, 11, 12, 13, 14, 15, 16, 17, 18, 19, 20, 21, 22, 23, 24, 25, 26, 27, 28, 29, 30, 31, 32, 33, 34, 35, 36, 37, 38, 39, 40, 41, 42, 43, 44, 45])İSTANBUL KOCASİNAN KIZILELMA CADDESİ MAĞAZASI=koordinat:41.01943,28.835694
BAHÇELİEVLER->dict_values([1, 2, 3, 4, 5, 6, 7, 8, 9, 10, 11, 12, 13, 14, 15, 16, 17, 18, 19, 20, 21, 22, 23, 24, 25, 26, 27, 28, 29, 30, 31, 32, 33, 34, 35, 36, 37, 38, 39, 40, 41, 42, 43, 44, 45])İSTANBUL BAHÇELİEVLER DERYA MAĞAZASI       =koordinat:41.00647,28.851653
BAHÇELİEVLER->dict_values([1, 2, 3, 4, 5, 6, 7, 8, 9, 10, 11, 12, 13, 14, 15, 16, 17, 18, 19, 20, 21, 22, 23, 24, 25, 26, 27, 28, 29, 30, 31, 32, 33, 34, 35, 36, 37, 38, 39, 40, 41, 42, 43, 44, 45])İSTANBUL BAHÇELİEVLER KERKÜK MAĞAZASI      =koordinat:41.02113,28.845543
BAHÇELİEVLER->dict_values([1, 2, 3, 4, 5, 6, 7, 8, 9, 10, 11, 12, 13, 14, 15, 16, 17, 18, 19, 20, 21, 22, 23, 24, 25, 26, 27, 28, 29, 30, 31, 32, 33, 34, 35, 36, 37, 38, 39, 40, 41, 42, 43, 44, 45])İSTANBUL YENİBOSNA CAMİ SOKAK MAĞAZASI     =koordinat:41.003979,28.835927
BAHÇELİEVLER->dict_values([1, 2, 3, 4, 5, 6, 7, 8, 9, 10, 11, 12, 13, 14, 15, 16, 17, 18, 19, 20, 21, 22, 23, 24, 25, 26, 27, 28, 29, 30, 31, 32, 33, 34, 35, 36, 37, 38, 39, 40, 41, 42, 43, 44, 45])İSTANBUL BAHÇELİEVLER CEM SULTAN MAĞAZASI  =koordinat:40.995369,28.852477
BAHÇELİEVLER->dict_values([1, 2, 3, 4, 5, 6, 7, 8, 9, 10, 11, 12, 13, 14, 15, 16, 17, 18, 19, 20, 21, 22, 23, 24, 25, 26, 27, 28, 29, 30, 31, 32, 33, 34, 35, 36, 37, 38, 39, 40, 41, 42, 43, 44, 45])İSTANBUL BAHÇELİEVLER YUSUFAĞA MAĞAZASI    =koordinat:41.016006,28.824271
BAHÇELİEVLER->dict_values([1, 2, 3, 4, 5, 6, 7, 8, 9, 10, 11, 12, 13, 14, 15, 16, 17, 18, 19, 20, 21, 22, 23, 24, 25, 26, 27, 28, 29, 30, 31, 32, 33, 34, 35, 36, 37, 38, 39, 40, 41, 42, 43, 44, 45])İSTANBUL SİYAVUŞPAŞA OKUL CAD MAĞAZASI     =koordinat:40.998787,28.85396
BAHÇELİEVLER->dict_values([1, 2, 3, 4, 5, 6, 7, 8, 9, 10, 11, 12, 13, 14, 15, 16, 17, 18, 19, 20, 21, 22, 23, 24, 25, 26, 27, 28, 29, 30, 31, 32, 33, 34, 35, 36, 37, 38, 39, 40, 41, 42, 43, 44, 45])İSTANBUL BAHÇELİEVLER SEVİNÇ SOK. MAĞAZASI =koordinat:41.012869,28.857898
BAHÇELİEVLER->dict_values([1, 2, 3, 4, 5, 6, 7, 8, 9, 10, 11, 12, 13, 14, 15, 16, 17, 18, 19, 20, 21, 22, 23, 24, 25, 26, 27, 28, 29, 30, 31, 32, 33, 34, 35, 36, 37, 38, 39, 40, 41, 42, 43, 44, 45])İSTANBUL BAHÇELİEVLER PAŞA SOKAK MAĞAZASI  =koordinat:41.022387,28.837223
BAHÇELİEVLER->dict_values([1, 2, 3, 4, 5, 6, 7, 8, 9, 10, 11, 12, 13, 14, 15, 16, 17, 18, 19, 20, 21, 22, 23, 24, 25, 26, 27, 28, 29, 30, 31, 32, 33, 34, 35, 36, 37, 38, 39, 40, 41, 42, 43, 44, 45])İSTANBUL KOCASİNAN SEZGİN MAĞAZASI         =koordinat:41.020406,28.843312
BAHÇELİEVLER->dict_values([1, 2, 3, 4, 5, 6, 7, 8, 9, 10, 11, 12, 13, 14, 15, 16, 17, 18, 19, 20, 21, 22, 23, 24, 25, 26, 27, 28, 29, 30, 31, 32, 33, 34, 35, 36, 37, 38, 39, 40, 41, 42, 43, 44, 45])BAHÇELİEVLER SARMAŞIK MAĞAZASI             =koordinat:41.003885,28.875302
BAHÇELİEVLER->dict_values([1, 2, 3, 4, 5, 6, 7, 8, 9, 10, 11, 12, 13, 14, 15, 16, 17, 18, 19, 20, 21, 22, 23, 24, 25, 26, 27, 28, 29, 30, 31, 32, 33, 34, 35, 36, 37, 38, 39, 40, 41, 42, 43, 44, 45])YENİBOSNA SEDEF MAĞAZASI                   =koordinat:40.99442449,28.83851992
BAHÇELİEVLER->dict_values([1, 2, 3, 4, 5, 6, 7, 8, 9, 10, 11, 12, 13, 14, 15, 16, 17, 18, 19, 20, 21, 22, 23, 24, 25, 26, 27, 28, 29, 30, 31, 32, 33, 34, 35, 36, 37, 38, 39, 40, 41, 42, 43, 44, 45])YENİBOSNA MELİS SOKAK MAĞAZASI             =koordinat:41.01465687,28.83341343
BAHÇELİEVLER->dict_values([1, 2, 3, 4, 5, 6, 7, 8, 9, 10, 11, 12, 13, 14, 15, 16, 17, 18, 19, 20, 21, 22, 23, 24, 25, 26, 27, 28, 29, 30, 31, 32, 33, 34, 35, 36, 37, 38, 39, 40, 41, 42, 43, 44, 45])YENİBOSNA ÇAĞLAYAN MAĞAZASI                =koordinat:41.00197193,28.84048462
BAHÇELİEVLER->dict_values([1, 2, 3, 4, 5, 6, 7, 8, 9, 10, 11, 12, 13, 14, 15, 16, 17, 18, 19, 20, 21, 22, 23, 24, 25, 26, 27, 28, 29, 30, 31, 32, 33, 34, 35, 36, 37, 38, 39, 40, 41, 42, 43, 44, 45])B.EVLER GENÇ OSMAN SOKAK MAĞAZASI          =koordinat:41.01011975,28.85518152
BAHÇELİEVLER->dict_values([1, 2, 3, 4, 5, 6, 7, 8, 9, 10, 11, 12, 13, 14, 15, 16, 17, 18, 19, 20, 21, 22, 23, 24, 25, 26, 27, 28, 29, 30, 31, 32, 33, 34, 35, 36, 37, 38, 39, 40, 41, 42, 43, 44, 45])BAHÇELİEVLER ZİYAPAŞA SOK. MAĞAZASI        =koordinat:41.0872,28.8687
BAHÇELİEVLER->dict_values([1, 2, 3, 4, 5, 6, 7, 8, 9, 10, 11, 12, 13, 14, 15, 16, 17, 18, 19, 20, 21, 22, 23, 24, 25, 26, 27, 28, 29, 30, 31, 32, 33, 34, 35, 36, 37, 38, 39, 40, 41, 42, 43, 44, 45])BAHÇELİEVLER BİNGÖL SOKAK MAĞAZASI         =koordinat:41.0116,28.8381
BAHÇELİEVLER->dict_values([1, 2, 3, 4, 5, 6, 7, 8, 9, 10, 11, 12, 13, 14, 15, 16, 17, 18, 19, 20, 21, 22, 23, 24, 25, 26, 27, 28, 29, 30, 31, 32, 33, 34, 35, 36, 37, 38, 39, 40, 41, 42, 43, 44, 45])BAHÇELİEVLER BİLGE SOK. MAĞAZASI           =koordinat:41.1002,28.8487
BAHÇELİEVLER->dict_values([1, 2, 3, 4, 5, 6, 7, 8, 9, 10, 11, 12, 13, 14, 15, 16, 17, 18, 19, 20, 21, 22, 23, 24, 25, 26, 27, 28, 29, 30, 31, 32, 33, 34, 35, 36, 37, 38, 39, 40, 41, 42, 43, 44, 45])BAHÇELİEVLER Y.BEYAZIT MAĞAZASI            =koordinat:41.0082,28.8322
BAHÇELİEVLER->dict_values([1, 2, 3, 4, 5, 6, 7, 8, 9, 10, 11, 12, 13, 14, 15, 16, 17, 18, 19, 20, 21, 22, 23, 24, 25, 26, 27, 28, 29, 30, 31, 32, 33, 34, 35, 36, 37, 38, 39, 40, 41, 42, 43, 44, 45])BAHÇELİEVLER YENİÇERİ MAĞAZASI             =koordinat:41.0382,28.8454
BAHÇELİEVLER->dict_values([1, 2, 3, 4, 5, 6, 7, 8, 9, 10, 11, 12, 13, 14, 15, 16, 17, 18, 19, 20, 21, 22, 23, 24, 25, 26, 27, 28, 29, 30, 31, 32, 33, 34, 35, 36, 37, 38, 39, 40, 41, 42, 43, 44, 45])YENİBOSNA YİĞİT MAĞAZASI                   =koordinat:41.004875,28.838816
BAHÇELİEVLER->dict_values([1, 2, 3, 4, 5, 6, 7, 8, 9, 10, 11, 12, 13, 14, 15, 16, 17, 18, 19, 20, 21, 22, 23, 24, 25, 26, 27, 28, 29, 30, 31, 32, 33, 34, 35, 36, 37, 38, 39, 40, 41, 42, 43, 44, 45])YENİBOSNA ÇOBANÇEŞME MAĞAZASI              =koordinat:40.999391,28.827401
BAHÇELİEVLER->dict_values([1, 2, 3, 4, 5, 6, 7, 8, 9, 10, 11, 12, 13, 14, 15, 16, 17, 18, 19, 20, 21, 22, 23, 24, 25, 26, 27, 28, 29, 30, 31, 32, 33, 34, 35, 36, 37, 38, 39, 40, 41, 42, 43, 44, 45])YENİBOSNA İHLAS EVLERİ MAĞAZASI            =koordinat:41.00957,28.818728
BAHÇELİEVLER->dict_values([1, 2, 3, 4, 5, 6, 7, 8, 9, 10, 11, 12, 13, 14, 15, 16, 17, 18, 19, 20, 21, 22, 23, 24, 25, 26, 27, 28, 29, 30, 31, 32, 33, 34, 35, 36, 37, 38, 39, 40, 41, 42, 43, 44, 45])YENİBOSNA YALÇIN KOREŞ MAĞAZASI            =koordinat:41.019943,28.82496
BAHÇELİEVLER->dict_values([1, 2, 3, 4, 5, 6, 7, 8, 9, 10, 11, 12, 13, 14, 15, 16, 17, 18, 19, 20, 21, 22, 23, 24, 25, 26, 27, 28, 29, 30, 31, 32, 33, 34, 35, 36, 37, 38, 39, 40, 41, 42, 43, 44, 45])BAHÇELİEVLER ŞAMDAN MAĞAZASI               =koordinat:41.018791,28.830628
BAHÇELİEVLER->dict_values([1, 2, 3, 4, 5, 6, 7, 8, 9, 10, 11, 12, 13, 14, 15, 16, 17, 18, 19, 20, 21, 22, 23, 24, 25, 26, 27, 28, 29, 30, 31, 32, 33, 34, 35, 36, 37, 38, 39, 40, 41, 42, 43, 44, 45])ŞOK MİNİ-ÜÇLER MAĞAZASI                    =koordinat:41.013145,28.85499
BAHÇELİEVLER->dict_values([1, 2, 3, 4, 5, 6, 7, 8, 9, 10, 11, 12, 13, 14, 15, 16, 17, 18, 19, 20, 21, 22, 23, 24, 25, 26, 27, 28, 29, 30, 31, 32, 33, 34, 35, 36, 37, 38, 39, 40, 41, 42, 43, 44, 45])YENİBOSNA HALİTPAŞA MAĞAZASI               =koordinat:41.002478,28.826677
BAHÇELİEVLER->dict_values([1, 2, 3, 4, 5, 6, 7, 8, 9, 10, 11, 12, 13, 14, 15, 16, 17, 18, 19, 20, 21, 22, 23, 24, 25, 26, 27, 28, 29, 30, 31, 32, 33, 34, 35, 36, 37, 38, 39, 40, 41, 42, 43, 44, 45])BAHÇELİEVLER AY SOKAK MAĞAZASI             =koordinat:40.994188,28.8413
BAHÇELİEVLER->dict_values([1, 2, 3, 4, 5, 6, 7, 8, 9, 10, 11, 12, 13, 14, 15, 16, 17, 18, 19, 20, 21, 22, 23, 24, 25, 26, 27, 28, 29, 30, 31, 32, 33, 34, 35, 36, 37, 38, 39, 40, 41, 42, 43, 44, 45])GÜNEŞLİ MAHMUTBEY YOLU MAĞAZASI            =koordinat:41.0192,28.8401
BAKIRKÖY->dict_values([1, 2, 3, 4, 5, 6, 7, 8, 9, 10, 11, 12, 13, 14, 15, 16, 17, 18, 19, 20, 21, 22, 23, 24, 25, 26, 27, 28, 29, 30, 31, 32, 33, 34, 35, 36, 37, 38, 39, 40, 41, 42, 43, 44, 45])İSTANBUL BAKIRKÖY ZUHURATBABA MAĞAZASI     =koordinat:40.985112,28.869471
BAKIRKÖY->dict_values([1, 2, 3, 4, 5, 6, 7, 8, 9, 10, 11, 12, 13, 14, 15, 16, 17, 18, 19, 20, 21, 22, 23, 24, 25, 26, 27, 28, 29, 30, 31, 32, 33, 34, 35, 36, 37, 38, 39, 40, 41, 42, 43, 44, 45])İSTANBUL İNCİRLİ CADDE MAĞAZASI            =koordinat:40.995085,28.870098
BAKIRKÖY->dict_values([1, 2, 3, 4, 5, 6, 7, 8, 9, 10, 11, 12, 13, 14, 15, 16, 17, 18, 19, 20, 21, 22, 23, 24, 25, 26, 27, 28, 29, 30, 31, 32, 33, 34, 35, 36, 37, 38, 39, 40, 41, 42, 43, 44, 45])İSTANBUL BAKIRKÖY İSTASYON MAĞAZASI        =koordinat:40.980094,28.874889
BAKIRKÖY->dict_values([1, 2, 3, 4, 5, 6, 7, 8, 9, 10, 11, 12, 13, 14, 15, 16, 17, 18, 19, 20, 21, 22, 23, 24, 25, 26, 27, 28, 29, 30, 31, 32, 33, 34, 35, 36, 37, 38, 39, 40, 41, 42, 43, 44, 45])İSTANBUL YEŞİLKÖY İSTASYON MAĞAZASI        =koordinat:40.961815,28.82478
BAKIRKÖY->dict_values([1, 2, 3, 4, 5, 6, 7, 8, 9, 10, 11, 12, 13, 14, 15, 16, 17, 18, 19, 20, 21, 22, 23, 24, 25, 26, 27, 28, 29, 30, 31, 32, 33, 34, 35, 36, 37, 38, 39, 40, 41, 42, 43, 44, 45])İSTANBUL ÇAMLIK MAĞAZASI                   =koordinat:40.988707,28.873507
BAKIRKÖY->dict_values([1, 2, 3, 4, 5, 6, 7, 8, 9, 10, 11, 12, 13, 14, 15, 16, 17, 18, 19, 20, 21, 22, 23, 24, 25, 26, 27, 28, 29, 30, 31, 32, 33, 34, 35, 36, 37, 38, 39, 40, 41, 42, 43, 44, 45])İSTANBUL İNCİRLİ MAĞAZASI                  =koordinat:40.992404,28.875766
BAKIRKÖY->dict_values([1, 2, 3, 4, 5, 6, 7, 8, 9, 10, 11, 12, 13, 14, 15, 16, 17, 18, 19, 20, 21, 22, 23, 24, 25, 26, 27, 28, 29, 30, 31, 32, 33, 34, 35, 36, 37, 38, 39, 40, 41, 42, 43, 44, 45])İSTANBUL KARTALTEPE MAĞAZASI               =koordinat:40.984964,28.877993
BAKIRKÖY->dict_values([1, 2, 3, 4, 5, 6, 7, 8, 9, 10, 11, 12, 13, 14, 15, 16, 17, 18, 19, 20, 21, 22, 23, 24, 25, 26, 27, 28, 29, 30, 31, 32, 33, 34, 35, 36, 37, 38, 39, 40, 41, 42, 43, 44, 45])İSTANBUL LUNAPARK ZUHURATBABA MAĞAZASI     =koordinat:40.9824,28.8702
BAKIRKÖY->dict_values([1, 2, 3, 4, 5, 6, 7, 8, 9, 10, 11, 12, 13, 14, 15, 16, 17, 18, 19, 20, 21, 22, 23, 24, 25, 26, 27, 28, 29, 30, 31, 32, 33, 34, 35, 36, 37, 38, 39, 40, 41, 42, 43, 44, 45])İSTANBUL ARALIK SK.OSMANİYE MAĞAZASI       =koordinat:40.993075,28.882746
BAKIRKÖY->dict_values([1, 2, 3, 4, 5, 6, 7, 8, 9, 10, 11, 12, 13, 14, 15, 16, 17, 18, 19, 20, 21, 22, 23, 24, 25, 26, 27, 28, 29, 30, 31, 32, 33, 34, 35, 36, 37, 38, 39, 40, 41, 42, 43, 44, 45])İSTANBUL YUCETARLA BAKIRKÖY MAĞAZASI       =koordinat:40.983542,28.868499
BAKIRKÖY->dict_values([1, 2, 3, 4, 5, 6, 7, 8, 9, 10, 11, 12, 13, 14, 15, 16, 17, 18, 19, 20, 21, 22, 23, 24, 25, 26, 27, 28, 29, 30, 31, 32, 33, 34, 35, 36, 37, 38, 39, 40, 41, 42, 43, 44, 45])İSTANBUL TERAKKİ KARTALTEPE MAĞAZASI       =koordinat:40.9886,28.8762
BAKIRKÖY->dict_values([1, 2, 3, 4, 5, 6, 7, 8, 9, 10, 11, 12, 13, 14, 15, 16, 17, 18, 19, 20, 21, 22, 23, 24, 25, 26, 27, 28, 29, 30, 31, 32, 33, 34, 35, 36, 37, 38, 39, 40, 41, 42, 43, 44, 45])İSTANBUL İSTANBUL CD.BAKIRKÖY MAĞAZASI     =koordinat:40.9787,28.8796
BAKIRKÖY->dict_values([1, 2, 3, 4, 5, 6, 7, 8, 9, 10, 11, 12, 13, 14, 15, 16, 17, 18, 19, 20, 21, 22, 23, 24, 25, 26, 27, 28, 29, 30, 31, 32, 33, 34, 35, 36, 37, 38, 39, 40, 41, 42, 43, 44, 45])İSTANBUL FAİK GÖKSEL BAKIRKÖY MAĞAZASI     =koordinat:40.9899,28.8733
BAKIRKÖY->dict_values([1, 2, 3, 4, 5, 6, 7, 8, 9, 10, 11, 12, 13, 14, 15, 16, 17, 18, 19, 20, 21, 22, 23, 24, 25, 26, 27, 28, 29, 30, 31, 32, 33, 34, 35, 36, 37, 38, 39, 40, 41, 42, 43, 44, 45])İSTANBUL BAKIRKÖY CEVİZLİK MAĞAZASI        =koordinat:40.976036,28.876613
BAKIRKÖY->dict_values([1, 2, 3, 4, 5, 6, 7, 8, 9, 10, 11, 12, 13, 14, 15, 16, 17, 18, 19, 20, 21, 22, 23, 24, 25, 26, 27, 28, 29, 30, 31, 32, 33, 34, 35, 36, 37, 38, 39, 40, 41, 42, 43, 44, 45])İSTANBUL KARTALTEPE KOŞUYOLU MAĞAZASI      =koordinat:40.985746,28.879867
BAKIRKÖY->dict_values([1, 2, 3, 4, 5, 6, 7, 8, 9, 10, 11, 12, 13, 14, 15, 16, 17, 18, 19, 20, 21, 22, 23, 24, 25, 26, 27, 28, 29, 30, 31, 32, 33, 34, 35, 36, 37, 38, 39, 40, 41, 42, 43, 44, 45])İSTANBUL BAKIRKÖY REFERANS İSTANBUL MAĞAZASI=koordinat:40.991069,28.882252
BAKIRKÖY->dict_values([1, 2, 3, 4, 5, 6, 7, 8, 9, 10, 11, 12, 13, 14, 15, 16, 17, 18, 19, 20, 21, 22, 23, 24, 25, 26, 27, 28, 29, 30, 31, 32, 33, 34, 35, 36, 37, 38, 39, 40, 41, 42, 43, 44, 45])İSTANBUL OSMANİYE SIĞIRTMAÇ MAĞAZASI       =koordinat:40.994848,28.884022
BAKIRKÖY->dict_values([1, 2, 3, 4, 5, 6, 7, 8, 9, 10, 11, 12, 13, 14, 15, 16, 17, 18, 19, 20, 21, 22, 23, 24, 25, 26, 27, 28, 29, 30, 31, 32, 33, 34, 35, 36, 37, 38, 39, 40, 41, 42, 43, 44, 45])İSTANBUL BAKIRKÖY ZEYTİNLİK MAĞAZASI       =koordinat:40.979209,28.870471
BAKIRKÖY->dict_values([1, 2, 3, 4, 5, 6, 7, 8, 9, 10, 11, 12, 13, 14, 15, 16, 17, 18, 19, 20, 21, 22, 23, 24, 25, 26, 27, 28, 29, 30, 31, 32, 33, 34, 35, 36, 37, 38, 39, 40, 41, 42, 43, 44, 45])İSTANBUL YEŞİLKÖY SAHİL MAĞAZASI           =koordinat:40.95839,28.821548
BAKIRKÖY->dict_values([1, 2, 3, 4, 5, 6, 7, 8, 9, 10, 11, 12, 13, 14, 15, 16, 17, 18, 19, 20, 21, 22, 23, 24, 25, 26, 27, 28, 29, 30, 31, 32, 33, 34, 35, 36, 37, 38, 39, 40, 41, 42, 43, 44, 45])İSTANBUL BAKIRKÖY DEMİRELLİ MAĞAZASI       =koordinat:40.984796,28.880407
BAKIRKÖY->dict_values([1, 2, 3, 4, 5, 6, 7, 8, 9, 10, 11, 12, 13, 14, 15, 16, 17, 18, 19, 20, 21, 22, 23, 24, 25, 26, 27, 28, 29, 30, 31, 32, 33, 34, 35, 36, 37, 38, 39, 40, 41, 42, 43, 44, 45])İSTANBUL BAKIRKÖY AHU MAĞAZASI             =koordinat:40.9934439,28.8736864
BAKIRKÖY->dict_values([1, 2, 3, 4, 5, 6, 7, 8, 9, 10, 11, 12, 13, 14, 15, 16, 17, 18, 19, 20, 21, 22, 23, 24, 25, 26, 27, 28, 29, 30, 31, 32, 33, 34, 35, 36, 37, 38, 39, 40, 41, 42, 43, 44, 45])İSTANBUL ZÜMRÜTEVLER BAKIRKÖY MAĞAZASI     =koordinat:40.9869,28.8691
BAKIRKÖY->dict_values([1, 2, 3, 4, 5, 6, 7, 8, 9, 10, 11, 12, 13, 14, 15, 16, 17, 18, 19, 20, 21, 22, 23, 24, 25, 26, 27, 28, 29, 30, 31, 32, 33, 34, 35, 36, 37, 38, 39, 40, 41, 42, 43, 44, 45])İSTANBUL YEŞİLKÖY ÇEKMECE                  =koordinat:40.959886,28.819389
BAKIRKÖY->dict_values([1, 2, 3, 4, 5, 6, 7, 8, 9, 10, 11, 12, 13, 14, 15, 16, 17, 18, 19, 20, 21, 22, 23, 24, 25, 26, 27, 28, 29, 30, 31, 32, 33, 34, 35, 36, 37, 38, 39, 40, 41, 42, 43, 44, 45])İSTANBUL BAKIRKÖY SAKIZAĞACI MAĞAZASI      =koordinat:40.978323,28.878306
BAKIRKÖY->dict_values([1, 2, 3, 4, 5, 6, 7, 8, 9, 10, 11, 12, 13, 14, 15, 16, 17, 18, 19, 20, 21, 22, 23, 24, 25, 26, 27, 28, 29, 30, 31, 32, 33, 34, 35, 36, 37, 38, 39, 40, 41, 42, 43, 44, 45])BAKIRKÖY ADALET MAĞAZASI                   =koordinat:40.992625,28.884299
BAKIRKÖY->dict_values([1, 2, 3, 4, 5, 6, 7, 8, 9, 10, 11, 12, 13, 14, 15, 16, 17, 18, 19, 20, 21, 22, 23, 24, 25, 26, 27, 28, 29, 30, 31, 32, 33, 34, 35, 36, 37, 38, 39, 40, 41, 42, 43, 44, 45])İSTANBUL KARTALTEPE CADDE MAĞAZASI         =koordinat:40.98632,28.876214
BAŞAKŞEHİR->dict_values([1, 2, 3, 4, 5, 6, 7, 8, 9, 10, 11, 12, 13, 14, 15, 16, 17, 18, 19, 20, 21, 22, 23, 24, 25, 26, 27, 28, 29, 30, 31, 32, 33, 34, 35, 36, 37, 38, 39, 40, 41, 42, 43, 44, 45])İSTANBUL BAŞAKŞEHİR METROKENT MAĞAZASI     =koordinat:41.106267,28.803462
BAŞAKŞEHİR->dict_values([1, 2, 3, 4, 5, 6, 7, 8, 9, 10, 11, 12, 13, 14, 15, 16, 17, 18, 19, 20, 21, 22, 23, 24, 25, 26, 27, 28, 29, 30, 31, 32, 33, 34, 35, 36, 37, 38, 39, 40, 41, 42, 43, 44, 45])İSTANBUL ALTINŞEHİR MAĞAZASI               =koordinat:41.070121,28.752355
BAŞAKŞEHİR->dict_values([1, 2, 3, 4, 5, 6, 7, 8, 9, 10, 11, 12, 13, 14, 15, 16, 17, 18, 19, 20, 21, 22, 23, 24, 25, 26, 27, 28, 29, 30, 31, 32, 33, 34, 35, 36, 37, 38, 39, 40, 41, 42, 43, 44, 45])İSTANBUL KAYAŞEHİR 75.YIL CADDESİ MAĞAZASI =koordinat:41.102803,28.760425
BAŞAKŞEHİR->dict_values([1, 2, 3, 4, 5, 6, 7, 8, 9, 10, 11, 12, 13, 14, 15, 16, 17, 18, 19, 20, 21, 22, 23, 24, 25, 26, 27, 28, 29, 30, 31, 32, 33, 34, 35, 36, 37, 38, 39, 40, 41, 42, 43, 44, 45])İSTANBUL ŞEHİT SEMİH KAYAŞEHİR MAĞAZASI    =koordinat:41.105585,28.763093
BAŞAKŞEHİR->dict_values([1, 2, 3, 4, 5, 6, 7, 8, 9, 10, 11, 12, 13, 14, 15, 16, 17, 18, 19, 20, 21, 22, 23, 24, 25, 26, 27, 28, 29, 30, 31, 32, 33, 34, 35, 36, 37, 38, 39, 40, 41, 42, 43, 44, 45])İSTANBUL KAYAŞEHİR ULUBATLI HASAN CADDE MAĞAZASI=koordinat:41.103983,28.769434
BAŞAKŞEHİR->dict_values([1, 2, 3, 4, 5, 6, 7, 8, 9, 10, 11, 12, 13, 14, 15, 16, 17, 18, 19, 20, 21, 22, 23, 24, 25, 26, 27, 28, 29, 30, 31, 32, 33, 34, 35, 36, 37, 38, 39, 40, 41, 42, 43, 44, 45])İSTANBUL KAYAŞEHİR MAĞAZASI                =koordinat:41.106715,28.751776
BAŞAKŞEHİR->dict_values([1, 2, 3, 4, 5, 6, 7, 8, 9, 10, 11, 12, 13, 14, 15, 16, 17, 18, 19, 20, 21, 22, 23, 24, 25, 26, 27, 28, 29, 30, 31, 32, 33, 34, 35, 36, 37, 38, 39, 40, 41, 42, 43, 44, 45])İSTANBUL BAŞAKŞEHİR İSTİKLAL CD. MAĞAZASI  =koordinat:41.10141,28.787433
BAŞAKŞEHİR->dict_values([1, 2, 3, 4, 5, 6, 7, 8, 9, 10, 11, 12, 13, 14, 15, 16, 17, 18, 19, 20, 21, 22, 23, 24, 25, 26, 27, 28, 29, 30, 31, 32, 33, 34, 35, 36, 37, 38, 39, 40, 41, 42, 43, 44, 45])İSTANBUL KAYAŞEHİR BULVAR MAĞAZASI         =koordinat:41.095567,28.769928
BAŞAKŞEHİR->dict_values([1, 2, 3, 4, 5, 6, 7, 8, 9, 10, 11, 12, 13, 14, 15, 16, 17, 18, 19, 20, 21, 22, 23, 24, 25, 26, 27, 28, 29, 30, 31, 32, 33, 34, 35, 36, 37, 38, 39, 40, 41, 42, 43, 44, 45])İSTANBUL BAŞAKŞEHİR GÜVERCİNTEPE LÜTFÜ KIRDAR MAĞAZASI=koordinat:41.083554,28.752331
BAŞAKŞEHİR->dict_values([1, 2, 3, 4, 5, 6, 7, 8, 9, 10, 11, 12, 13, 14, 15, 16, 17, 18, 19, 20, 21, 22, 23, 24, 25, 26, 27, 28, 29, 30, 31, 32, 33, 34, 35, 36, 37, 38, 39, 40, 41, 42, 43, 44, 45])İSTANBUL BAŞAKŞEHİR KAYABAŞI KİPTAŞ MAĞAZASI=koordinat:41.093441,28.738732
BAŞAKŞEHİR->dict_values([1, 2, 3, 4, 5, 6, 7, 8, 9, 10, 11, 12, 13, 14, 15, 16, 17, 18, 19, 20, 21, 22, 23, 24, 25, 26, 27, 28, 29, 30, 31, 32, 33, 34, 35, 36, 37, 38, 39, 40, 41, 42, 43, 44, 45])İSTANBUL BAŞAKŞEHİR TAŞOLUKYOLU MAĞAZASI   =koordinat:41.091425,28.78584
BAŞAKŞEHİR->dict_values([1, 2, 3, 4, 5, 6, 7, 8, 9, 10, 11, 12, 13, 14, 15, 16, 17, 18, 19, 20, 21, 22, 23, 24, 25, 26, 27, 28, 29, 30, 31, 32, 33, 34, 35, 36, 37, 38, 39, 40, 41, 42, 43, 44, 45])İSTANBUL BAŞAKŞEHİR LİFE MAĞAZASI          =koordinat:41.097327,28.788611
BAŞAKŞEHİR->dict_values([1, 2, 3, 4, 5, 6, 7, 8, 9, 10, 11, 12, 13, 14, 15, 16, 17, 18, 19, 20, 21, 22, 23, 24, 25, 26, 27, 28, 29, 30, 31, 32, 33, 34, 35, 36, 37, 38, 39, 40, 41, 42, 43, 44, 45])İSTANBUL BAHÇEKENT MERCEDES MAĞAZASI       =koordinat:41.089125,28.649048
BAŞAKŞEHİR->dict_values([1, 2, 3, 4, 5, 6, 7, 8, 9, 10, 11, 12, 13, 14, 15, 16, 17, 18, 19, 20, 21, 22, 23, 24, 25, 26, 27, 28, 29, 30, 31, 32, 33, 34, 35, 36, 37, 38, 39, 40, 41, 42, 43, 44, 45])KAYAŞEHİR FENERTEPE MAĞAZASI               =koordinat:41.132482,28.789496
BAŞAKŞEHİR->dict_values([1, 2, 3, 4, 5, 6, 7, 8, 9, 10, 11, 12, 13, 14, 15, 16, 17, 18, 19, 20, 21, 22, 23, 24, 25, 26, 27, 28, 29, 30, 31, 32, 33, 34, 35, 36, 37, 38, 39, 40, 41, 42, 43, 44, 45])İSTANBUL BAŞAKŞEHİR BAHÇEKENT AVRUPARK MAĞAZASI=koordinat:41.087426,28.655105
BAŞAKŞEHİR->dict_values([1, 2, 3, 4, 5, 6, 7, 8, 9, 10, 11, 12, 13, 14, 15, 16, 17, 18, 19, 20, 21, 22, 23, 24, 25, 26, 27, 28, 29, 30, 31, 32, 33, 34, 35, 36, 37, 38, 39, 40, 41, 42, 43, 44, 45])KAYAŞEHİR KARAHASAN MAĞAZASI               =koordinat:41.124289,28.803437
BAŞAKŞEHİR->dict_values([1, 2, 3, 4, 5, 6, 7, 8, 9, 10, 11, 12, 13, 14, 15, 16, 17, 18, 19, 20, 21, 22, 23, 24, 25, 26, 27, 28, 29, 30, 31, 32, 33, 34, 35, 36, 37, 38, 39, 40, 41, 42, 43, 44, 45])İSTANBUL KAYAŞEHİR VADİ YAKA MAĞAZASI      =koordinat:41.113136,28.786027
BAŞAKŞEHİR->dict_values([1, 2, 3, 4, 5, 6, 7, 8, 9, 10, 11, 12, 13, 14, 15, 16, 17, 18, 19, 20, 21, 22, 23, 24, 25, 26, 27, 28, 29, 30, 31, 32, 33, 34, 35, 36, 37, 38, 39, 40, 41, 42, 43, 44, 45])İSTANBUL KAYAŞEHİR AVRUPA KONUTLARI MAĞAZASI=koordinat:41.124593,28.76935
BAŞAKŞEHİR->dict_values([1, 2, 3, 4, 5, 6, 7, 8, 9, 10, 11, 12, 13, 14, 15, 16, 17, 18, 19, 20, 21, 22, 23, 24, 25, 26, 27, 28, 29, 30, 31, 32, 33, 34, 35, 36, 37, 38, 39, 40, 41, 42, 43, 44, 45])İSTANBUL GÜVERCİNTEPE BEYTEPE SOKAK MAĞAZASI=koordinat:41.08221,28.749056
BAŞAKŞEHİR->dict_values([1, 2, 3, 4, 5, 6, 7, 8, 9, 10, 11, 12, 13, 14, 15, 16, 17, 18, 19, 20, 21, 22, 23, 24, 25, 26, 27, 28, 29, 30, 31, 32, 33, 34, 35, 36, 37, 38, 39, 40, 41, 42, 43, 44, 45])İSTANBUL BAŞAKŞEHİR KAYAŞEHİR GÜZELBAHÇE MAĞAZASI=koordinat:41.133155,28.776833
BAŞAKŞEHİR->dict_values([1, 2, 3, 4, 5, 6, 7, 8, 9, 10, 11, 12, 13, 14, 15, 16, 17, 18, 19, 20, 21, 22, 23, 24, 25, 26, 27, 28, 29, 30, 31, 32, 33, 34, 35, 36, 37, 38, 39, 40, 41, 42, 43, 44, 45])İSTANBUL BAŞAKŞEHİR GERGER SOK MAĞAZASI    =koordinat:41.088841,28.751478
BAŞAKŞEHİR->dict_values([1, 2, 3, 4, 5, 6, 7, 8, 9, 10, 11, 12, 13, 14, 15, 16, 17, 18, 19, 20, 21, 22, 23, 24, 25, 26, 27, 28, 29, 30, 31, 32, 33, 34, 35, 36, 37, 38, 39, 40, 41, 42, 43, 44, 45])İSTANBUL BAŞAKŞEHİR ADIM SOKAK MAĞAZASI    =koordinat:41.0675,28.728851
BAŞAKŞEHİR->dict_values([1, 2, 3, 4, 5, 6, 7, 8, 9, 10, 11, 12, 13, 14, 15, 16, 17, 18, 19, 20, 21, 22, 23, 24, 25, 26, 27, 28, 29, 30, 31, 32, 33, 34, 35, 36, 37, 38, 39, 40, 41, 42, 43, 44, 45])İSTANBUL KAYAŞEHİR EVVEL İSTANBUL MAĞAZASI =koordinat:41.122166,28.767987
BAŞAKŞEHİR->dict_values([1, 2, 3, 4, 5, 6, 7, 8, 9, 10, 11, 12, 13, 14, 15, 16, 17, 18, 19, 20, 21, 22, 23, 24, 25, 26, 27, 28, 29, 30, 31, 32, 33, 34, 35, 36, 37, 38, 39, 40, 41, 42, 43, 44, 45])İSTANBUL BAŞAKŞEHİR STARPARK EVLERİ MAĞAZASI=koordinat:41.094408,28.786358
BAŞAKŞEHİR->dict_values([1, 2, 3, 4, 5, 6, 7, 8, 9, 10, 11, 12, 13, 14, 15, 16, 17, 18, 19, 20, 21, 22, 23, 24, 25, 26, 27, 28, 29, 30, 31, 32, 33, 34, 35, 36, 37, 38, 39, 40, 41, 42, 43, 44, 45])İSTANBUL KAYAŞEHİR ÇELEBİ MAĞAZASI         =koordinat:41.116227,28.769967
BAŞAKŞEHİR->dict_values([1, 2, 3, 4, 5, 6, 7, 8, 9, 10, 11, 12, 13, 14, 15, 16, 17, 18, 19, 20, 21, 22, 23, 24, 25, 26, 27, 28, 29, 30, 31, 32, 33, 34, 35, 36, 37, 38, 39, 40, 41, 42, 43, 44, 45])İSTANBUL GÜVERCİNTEPE ALTINŞEHİR MAĞAZASI  =koordinat:41.085044,28.750759
BAŞAKŞEHİR->dict_values([1, 2, 3, 4, 5, 6, 7, 8, 9, 10, 11, 12, 13, 14, 15, 16, 17, 18, 19, 20, 21, 22, 23, 24, 25, 26, 27, 28, 29, 30, 31, 32, 33, 34, 35, 36, 37, 38, 39, 40, 41, 42, 43, 44, 45])İSTANBUL BAŞAKŞEHİR MASAL SOKAK            =koordinat:41.108758,28.786883
BAŞAKŞEHİR->dict_values([1, 2, 3, 4, 5, 6, 7, 8, 9, 10, 11, 12, 13, 14, 15, 16, 17, 18, 19, 20, 21, 22, 23, 24, 25, 26, 27, 28, 29, 30, 31, 32, 33, 34, 35, 36, 37, 38, 39, 40, 41, 42, 43, 44, 45])İSTANBUL BAŞAKŞEHİR BAHÇEKENT MAĞAZASI     =koordinat:41.086132,28.652376
BAŞAKŞEHİR->dict_values([1, 2, 3, 4, 5, 6, 7, 8, 9, 10, 11, 12, 13, 14, 15, 16, 17, 18, 19, 20, 21, 22, 23, 24, 25, 26, 27, 28, 29, 30, 31, 32, 33, 34, 35, 36, 37, 38, 39, 40, 41, 42, 43, 44, 45])GÜVERCİNTEPE GÜL SOKAK MAĞAZASI            =koordinat:41.084986,28.754632
BAŞAKŞEHİR->dict_values([1, 2, 3, 4, 5, 6, 7, 8, 9, 10, 11, 12, 13, 14, 15, 16, 17, 18, 19, 20, 21, 22, 23, 24, 25, 26, 27, 28, 29, 30, 31, 32, 33, 34, 35, 36, 37, 38, 39, 40, 41, 42, 43, 44, 45])BAŞAKŞEHİR EMRE MAĞAZASI                   =koordinat:41.080301,28.750261
BAŞAKŞEHİR->dict_values([1, 2, 3, 4, 5, 6, 7, 8, 9, 10, 11, 12, 13, 14, 15, 16, 17, 18, 19, 20, 21, 22, 23, 24, 25, 26, 27, 28, 29, 30, 31, 32, 33, 34, 35, 36, 37, 38, 39, 40, 41, 42, 43, 44, 45])BAHÇEŞEHİR VADİTEPE MAĞAZASI               =koordinat:41.076305,28.696324
BAŞAKŞEHİR->dict_values([1, 2, 3, 4, 5, 6, 7, 8, 9, 10, 11, 12, 13, 14, 15, 16, 17, 18, 19, 20, 21, 22, 23, 24, 25, 26, 27, 28, 29, 30, 31, 32, 33, 34, 35, 36, 37, 38, 39, 40, 41, 42, 43, 44, 45])BAHÇEŞEHİR FIRAT MAĞAZASI                  =koordinat:41.081563,28.693344
BAŞAKŞEHİR->dict_values([1, 2, 3, 4, 5, 6, 7, 8, 9, 10, 11, 12, 13, 14, 15, 16, 17, 18, 19, 20, 21, 22, 23, 24, 25, 26, 27, 28, 29, 30, 31, 32, 33, 34, 35, 36, 37, 38, 39, 40, 41, 42, 43, 44, 45])FENERTEPE TOKİ MAĞAZASI                    =koordinat:41.14248642,28.78964335
BAŞAKŞEHİR->dict_values([1, 2, 3, 4, 5, 6, 7, 8, 9, 10, 11, 12, 13, 14, 15, 16, 17, 18, 19, 20, 21, 22, 23, 24, 25, 26, 27, 28, 29, 30, 31, 32, 33, 34, 35, 36, 37, 38, 39, 40, 41, 42, 43, 44, 45])GÜVERCİNTEPE ERTEKİN SOK. MAĞAZASI         =koordinat:41.0785937,28.74986373
BAŞAKŞEHİR->dict_values([1, 2, 3, 4, 5, 6, 7, 8, 9, 10, 11, 12, 13, 14, 15, 16, 17, 18, 19, 20, 21, 22, 23, 24, 25, 26, 27, 28, 29, 30, 31, 32, 33, 34, 35, 36, 37, 38, 39, 40, 41, 42, 43, 44, 45])BAHÇEKENT MEDENİYET MAĞAZASI               =koordinat:41.08398,28.655707
BAŞAKŞEHİR->dict_values([1, 2, 3, 4, 5, 6, 7, 8, 9, 10, 11, 12, 13, 14, 15, 16, 17, 18, 19, 20, 21, 22, 23, 24, 25, 26, 27, 28, 29, 30, 31, 32, 33, 34, 35, 36, 37, 38, 39, 40, 41, 42, 43, 44, 45])ŞOK MİNİ-DENİZ MAĞAZASI                    =koordinat:40.0758,28.7547
BAŞAKŞEHİR->dict_values([1, 2, 3, 4, 5, 6, 7, 8, 9, 10, 11, 12, 13, 14, 15, 16, 17, 18, 19, 20, 21, 22, 23, 24, 25, 26, 27, 28, 29, 30, 31, 32, 33, 34, 35, 36, 37, 38, 39, 40, 41, 42, 43, 44, 45])BAŞAKŞEHİR TÜMSAN MAĞAZASI                 =koordinat:41.096466,28.792503
BAŞAKŞEHİR->dict_values([1, 2, 3, 4, 5, 6, 7, 8, 9, 10, 11, 12, 13, 14, 15, 16, 17, 18, 19, 20, 21, 22, 23, 24, 25, 26, 27, 28, 29, 30, 31, 32, 33, 34, 35, 36, 37, 38, 39, 40, 41, 42, 43, 44, 45])BAŞAKŞEHİR MAVERA PARK 3 MAĞAZASI          =koordinat:41.1225,28.7807
BAŞAKŞEHİR->dict_values([1, 2, 3, 4, 5, 6, 7, 8, 9, 10, 11, 12, 13, 14, 15, 16, 17, 18, 19, 20, 21, 22, 23, 24, 25, 26, 27, 28, 29, 30, 31, 32, 33, 34, 35, 36, 37, 38, 39, 40, 41, 42, 43, 44, 45])ALTINŞEHİR BARBAROS CAD. MAĞAZASI          =koordinat:41.0676,28.7374
BAŞAKŞEHİR->dict_values([1, 2, 3, 4, 5, 6, 7, 8, 9, 10, 11, 12, 13, 14, 15, 16, 17, 18, 19, 20, 21, 22, 23, 24, 25, 26, 27, 28, 29, 30, 31, 32, 33, 34, 35, 36, 37, 38, 39, 40, 41, 42, 43, 44, 45])GÜVERCİNTEPE KARADENİZ MAĞAZASI            =koordinat:41.074355,28.754624
BAŞAKŞEHİR->dict_values([1, 2, 3, 4, 5, 6, 7, 8, 9, 10, 11, 12, 13, 14, 15, 16, 17, 18, 19, 20, 21, 22, 23, 24, 25, 26, 27, 28, 29, 30, 31, 32, 33, 34, 35, 36, 37, 38, 39, 40, 41, 42, 43, 44, 45])GÜVERCİNTEPE AKKİRAZ SOK MAĞAZASI          =koordinat:41.07554521,28.75447436
BAŞAKŞEHİR->dict_values([1, 2, 3, 4, 5, 6, 7, 8, 9, 10, 11, 12, 13, 14, 15, 16, 17, 18, 19, 20, 21, 22, 23, 24, 25, 26, 27, 28, 29, 30, 31, 32, 33, 34, 35, 36, 37, 38, 39, 40, 41, 42, 43, 44, 45])ŞOK MİNİ-BAŞAKŞEHİR KAHRAMAN MAĞAZASI      =koordinat:41.0715,28.7526
BAŞAKŞEHİR->dict_values([1, 2, 3, 4, 5, 6, 7, 8, 9, 10, 11, 12, 13, 14, 15, 16, 17, 18, 19, 20, 21, 22, 23, 24, 25, 26, 27, 28, 29, 30, 31, 32, 33, 34, 35, 36, 37, 38, 39, 40, 41, 42, 43, 44, 45])BAŞAKŞEHİR OSMANLI CAD. MAĞAZASI           =koordinat:41.0627,28.7562
BAŞAKŞEHİR->dict_values([1, 2, 3, 4, 5, 6, 7, 8, 9, 10, 11, 12, 13, 14, 15, 16, 17, 18, 19, 20, 21, 22, 23, 24, 25, 26, 27, 28, 29, 30, 31, 32, 33, 34, 35, 36, 37, 38, 39, 40, 41, 42, 43, 44, 45])GÜVERCİNTEPE ORHANGAZİ MAĞAZASI            =koordinat:41.074463,28.74926
BAŞAKŞEHİR->dict_values([1, 2, 3, 4, 5, 6, 7, 8, 9, 10, 11, 12, 13, 14, 15, 16, 17, 18, 19, 20, 21, 22, 23, 24, 25, 26, 27, 28, 29, 30, 31, 32, 33, 34, 35, 36, 37, 38, 39, 40, 41, 42, 43, 44, 45])KAYAŞEHİR AVM MAĞAZASI                     =koordinat:41.1072,28.7567
BAŞAKŞEHİR->dict_values([1, 2, 3, 4, 5, 6, 7, 8, 9, 10, 11, 12, 13, 14, 15, 16, 17, 18, 19, 20, 21, 22, 23, 24, 25, 26, 27, 28, 29, 30, 31, 32, 33, 34, 35, 36, 37, 38, 39, 40, 41, 42, 43, 44, 45])BAŞAKŞEHİR ASKERİ LOJMAN MAĞAZASI          =koordinat:41.0882,28.8073
BAŞAKŞEHİR->dict_values([1, 2, 3, 4, 5, 6, 7, 8, 9, 10, 11, 12, 13, 14, 15, 16, 17, 18, 19, 20, 21, 22, 23, 24, 25, 26, 27, 28, 29, 30, 31, 32, 33, 34, 35, 36, 37, 38, 39, 40, 41, 42, 43, 44, 45])ŞOK-MİNİ MAHMUTPAŞA MAĞAZASI               =koordinat:41.0845,28.7487
BAŞAKŞEHİR->dict_values([1, 2, 3, 4, 5, 6, 7, 8, 9, 10, 11, 12, 13, 14, 15, 16, 17, 18, 19, 20, 21, 22, 23, 24, 25, 26, 27, 28, 29, 30, 31, 32, 33, 34, 35, 36, 37, 38, 39, 40, 41, 42, 43, 44, 45])BAŞAKŞEHİR ÇAĞLAYAN SOKAK MAĞAZASI         =koordinat:41.08541777,28.74683276
BAŞAKŞEHİR->dict_values([1, 2, 3, 4, 5, 6, 7, 8, 9, 10, 11, 12, 13, 14, 15, 16, 17, 18, 19, 20, 21, 22, 23, 24, 25, 26, 27, 28, 29, 30, 31, 32, 33, 34, 35, 36, 37, 38, 39, 40, 41, 42, 43, 44, 45])GÜVERCİNTEPE YILMAZ MAĞAZASI               =koordinat:41.077236,28.750087
BAŞAKŞEHİR->dict_values([1, 2, 3, 4, 5, 6, 7, 8, 9, 10, 11, 12, 13, 14, 15, 16, 17, 18, 19, 20, 21, 22, 23, 24, 25, 26, 27, 28, 29, 30, 31, 32, 33, 34, 35, 36, 37, 38, 39, 40, 41, 42, 43, 44, 45])GÜVERCİNTEPE YAMAN MAĞAZASI                =koordinat:41.0808908,28.7513891
BAŞAKŞEHİR->dict_values([1, 2, 3, 4, 5, 6, 7, 8, 9, 10, 11, 12, 13, 14, 15, 16, 17, 18, 19, 20, 21, 22, 23, 24, 25, 26, 27, 28, 29, 30, 31, 32, 33, 34, 35, 36, 37, 38, 39, 40, 41, 42, 43, 44, 45])BAŞAKŞEHİR BARIŞ SOKAK MAĞAZASI            =koordinat:41.072904,28.685652
BAŞAKŞEHİR->dict_values([1, 2, 3, 4, 5, 6, 7, 8, 9, 10, 11, 12, 13, 14, 15, 16, 17, 18, 19, 20, 21, 22, 23, 24, 25, 26, 27, 28, 29, 30, 31, 32, 33, 34, 35, 36, 37, 38, 39, 40, 41, 42, 43, 44, 45])BAŞAKŞEHİR YEŞİLYURT SOK. MAĞAZASI         =koordinat:41.086686,28.748533
BAŞAKŞEHİR->dict_values([1, 2, 3, 4, 5, 6, 7, 8, 9, 10, 11, 12, 13, 14, 15, 16, 17, 18, 19, 20, 21, 22, 23, 24, 25, 26, 27, 28, 29, 30, 31, 32, 33, 34, 35, 36, 37, 38, 39, 40, 41, 42, 43, 44, 45])BAŞAKŞEHİR PARK MAVERA MAĞAZASI            =koordinat:41.084524,28.773049
BAŞAKŞEHİR->dict_values([1, 2, 3, 4, 5, 6, 7, 8, 9, 10, 11, 12, 13, 14, 15, 16, 17, 18, 19, 20, 21, 22, 23, 24, 25, 26, 27, 28, 29, 30, 31, 32, 33, 34, 35, 36, 37, 38, 39, 40, 41, 42, 43, 44, 45])GÜVERCİNTEPE DEREYOLU MAĞAZASI             =koordinat:41.06946255,28.75518233
BAYRAMPAŞA->dict_values([1, 2, 3, 4, 5, 6, 7, 8, 9, 10, 11, 12, 13, 14, 15, 16, 17, 18, 19, 20, 21, 22, 23, 24, 25, 26, 27, 28, 29, 30, 31, 32, 33, 34, 35, 36, 37, 38, 39, 40, 41, 42, 43, 44, 45])İSTANBUL KULTÜR KARTALTEPE MAĞAZASI        =koordinat:41.055685,28.904056
BAYRAMPAŞA->dict_values([1, 2, 3, 4, 5, 6, 7, 8, 9, 10, 11, 12, 13, 14, 15, 16, 17, 18, 19, 20, 21, 22, 23, 24, 25, 26, 27, 28, 29, 30, 31, 32, 33, 34, 35, 36, 37, 38, 39, 40, 41, 42, 43, 44, 45])İSTANBUL MURATPAŞA MAĞAZASI                =koordinat:41.04777,28.904224
BAYRAMPAŞA->dict_values([1, 2, 3, 4, 5, 6, 7, 8, 9, 10, 11, 12, 13, 14, 15, 16, 17, 18, 19, 20, 21, 22, 23, 24, 25, 26, 27, 28, 29, 30, 31, 32, 33, 34, 35, 36, 37, 38, 39, 40, 41, 42, 43, 44, 45])İSTANBUL B.PAŞA NUMUNEBAĞ MAĞAZASI         =koordinat:41.0358,28.9127
BAYRAMPAŞA->dict_values([1, 2, 3, 4, 5, 6, 7, 8, 9, 10, 11, 12, 13, 14, 15, 16, 17, 18, 19, 20, 21, 22, 23, 24, 25, 26, 27, 28, 29, 30, 31, 32, 33, 34, 35, 36, 37, 38, 39, 40, 41, 42, 43, 44, 45])İSTANBUL TERAZİDERE BAYRAMPAŞA MAĞAZASI    =koordinat:41.0341756,28.9018321
BAYRAMPAŞA->dict_values([1, 2, 3, 4, 5, 6, 7, 8, 9, 10, 11, 12, 13, 14, 15, 16, 17, 18, 19, 20, 21, 22, 23, 24, 25, 26, 27, 28, 29, 30, 31, 32, 33, 34, 35, 36, 37, 38, 39, 40, 41, 42, 43, 44, 45])İSTANBUL SAĞMACILAR BAYRAMPAŞA MAĞAZASI    =koordinat:41.042191,28.908967
BAYRAMPAŞA->dict_values([1, 2, 3, 4, 5, 6, 7, 8, 9, 10, 11, 12, 13, 14, 15, 16, 17, 18, 19, 20, 21, 22, 23, 24, 25, 26, 27, 28, 29, 30, 31, 32, 33, 34, 35, 36, 37, 38, 39, 40, 41, 42, 43, 44, 45])İSTANBUL VATAN MH.BAYRAMPASA MAĞAZASI      =koordinat:41.03175171,28.90869856
BAYRAMPAŞA->dict_values([1, 2, 3, 4, 5, 6, 7, 8, 9, 10, 11, 12, 13, 14, 15, 16, 17, 18, 19, 20, 21, 22, 23, 24, 25, 26, 27, 28, 29, 30, 31, 32, 33, 34, 35, 36, 37, 38, 39, 40, 41, 42, 43, 44, 45])İSTANBUL BAYRAMPASA YILDIRIM MAH. MAĞAZASI =koordinat:41.06335,28.894482
BAYRAMPAŞA->dict_values([1, 2, 3, 4, 5, 6, 7, 8, 9, 10, 11, 12, 13, 14, 15, 16, 17, 18, 19, 20, 21, 22, 23, 24, 25, 26, 27, 28, 29, 30, 31, 32, 33, 34, 35, 36, 37, 38, 39, 40, 41, 42, 43, 44, 45])İSTANBUL ORDU CAD.BAYRAMPAŞA MAĞAZASI      =koordinat:41.0536,28.8997
BAYRAMPAŞA->dict_values([1, 2, 3, 4, 5, 6, 7, 8, 9, 10, 11, 12, 13, 14, 15, 16, 17, 18, 19, 20, 21, 22, 23, 24, 25, 26, 27, 28, 29, 30, 31, 32, 33, 34, 35, 36, 37, 38, 39, 40, 41, 42, 43, 44, 45])İSTANBUL BAYRAMPAŞA ENGİN PEKER MAĞAZASI   =koordinat:41.05345,28.893474
BAYRAMPAŞA->dict_values([1, 2, 3, 4, 5, 6, 7, 8, 9, 10, 11, 12, 13, 14, 15, 16, 17, 18, 19, 20, 21, 22, 23, 24, 25, 26, 27, 28, 29, 30, 31, 32, 33, 34, 35, 36, 37, 38, 39, 40, 41, 42, 43, 44, 45])İSTANBUL BAYRAMPAŞA CİCOZYOLU MAĞAZASI     =koordinat:41.054277,28.906297
BAYRAMPAŞA->dict_values([1, 2, 3, 4, 5, 6, 7, 8, 9, 10, 11, 12, 13, 14, 15, 16, 17, 18, 19, 20, 21, 22, 23, 24, 25, 26, 27, 28, 29, 30, 31, 32, 33, 34, 35, 36, 37, 38, 39, 40, 41, 42, 43, 44, 45])İSTANBUL BAYRAMPAŞA ZAFER CAD. MAĞAZASI    =koordinat:41.066938,28.896814
BAYRAMPAŞA->dict_values([1, 2, 3, 4, 5, 6, 7, 8, 9, 10, 11, 12, 13, 14, 15, 16, 17, 18, 19, 20, 21, 22, 23, 24, 25, 26, 27, 28, 29, 30, 31, 32, 33, 34, 35, 36, 37, 38, 39, 40, 41, 42, 43, 44, 45])İSTANBUL BAYRAMPAŞA ORTA MAHALLE MAĞAZASI  =koordinat:41.036579,28.909068
BAYRAMPAŞA->dict_values([1, 2, 3, 4, 5, 6, 7, 8, 9, 10, 11, 12, 13, 14, 15, 16, 17, 18, 19, 20, 21, 22, 23, 24, 25, 26, 27, 28, 29, 30, 31, 32, 33, 34, 35, 36, 37, 38, 39, 40, 41, 42, 43, 44, 45])İSTANBUL BAYRAMPAŞA ŞENER MAĞAZASI         =koordinat:41.0512644,28.9013964
BAYRAMPAŞA->dict_values([1, 2, 3, 4, 5, 6, 7, 8, 9, 10, 11, 12, 13, 14, 15, 16, 17, 18, 19, 20, 21, 22, 23, 24, 25, 26, 27, 28, 29, 30, 31, 32, 33, 34, 35, 36, 37, 38, 39, 40, 41, 42, 43, 44, 45])İSTANBUL BAYRAMPAŞA FATİH MAĞAZASI         =koordinat:41.055505,28.901685
BAYRAMPAŞA->dict_values([1, 2, 3, 4, 5, 6, 7, 8, 9, 10, 11, 12, 13, 14, 15, 16, 17, 18, 19, 20, 21, 22, 23, 24, 25, 26, 27, 28, 29, 30, 31, 32, 33, 34, 35, 36, 37, 38, 39, 40, 41, 42, 43, 44, 45])İSTANBUL BAYRAMPAŞA MANİSA SK MAĞAZASI     =koordinat:41.050161,28.900923
BAYRAMPAŞA->dict_values([1, 2, 3, 4, 5, 6, 7, 8, 9, 10, 11, 12, 13, 14, 15, 16, 17, 18, 19, 20, 21, 22, 23, 24, 25, 26, 27, 28, 29, 30, 31, 32, 33, 34, 35, 36, 37, 38, 39, 40, 41, 42, 43, 44, 45])İSTANBUL BAYRAMPAŞA BİLGEHAN MAĞAZASI      =koordinat:41.057188,28.903849
BAYRAMPAŞA->dict_values([1, 2, 3, 4, 5, 6, 7, 8, 9, 10, 11, 12, 13, 14, 15, 16, 17, 18, 19, 20, 21, 22, 23, 24, 25, 26, 27, 28, 29, 30, 31, 32, 33, 34, 35, 36, 37, 38, 39, 40, 41, 42, 43, 44, 45])ŞOK MİNİ-KOCATEPE MAĞAZASI                 =koordinat:41.051339,28.898039
BAYRAMPAŞA->dict_values([1, 2, 3, 4, 5, 6, 7, 8, 9, 10, 11, 12, 13, 14, 15, 16, 17, 18, 19, 20, 21, 22, 23, 24, 25, 26, 27, 28, 29, 30, 31, 32, 33, 34, 35, 36, 37, 38, 39, 40, 41, 42, 43, 44, 45])İSTANBUL BAYRAMPAŞA ALTINTEPSİ MAĞAZASI    =koordinat:41.03872,28.9035
BAYRAMPAŞA->dict_values([1, 2, 3, 4, 5, 6, 7, 8, 9, 10, 11, 12, 13, 14, 15, 16, 17, 18, 19, 20, 21, 22, 23, 24, 25, 26, 27, 28, 29, 30, 31, 32, 33, 34, 35, 36, 37, 38, 39, 40, 41, 42, 43, 44, 45])BAYRAMPAŞA OTOGAR MAĞAZASI                 =koordinat:41.033414,28.897539
BAYRAMPAŞA->dict_values([1, 2, 3, 4, 5, 6, 7, 8, 9, 10, 11, 12, 13, 14, 15, 16, 17, 18, 19, 20, 21, 22, 23, 24, 25, 26, 27, 28, 29, 30, 31, 32, 33, 34, 35, 36, 37, 38, 39, 40, 41, 42, 43, 44, 45])ŞOK MİNİ-AMİRAL MAĞAZASI                   =koordinat:41.071257,28.883073
BAYRAMPAŞA->dict_values([1, 2, 3, 4, 5, 6, 7, 8, 9, 10, 11, 12, 13, 14, 15, 16, 17, 18, 19, 20, 21, 22, 23, 24, 25, 26, 27, 28, 29, 30, 31, 32, 33, 34, 35, 36, 37, 38, 39, 40, 41, 42, 43, 44, 45])İSTANBUL BAYRAMPAŞA GÜÇLÜ TUNA CADDESİ     =koordinat:41.04544,28.905689
BAYRAMPAŞA->dict_values([1, 2, 3, 4, 5, 6, 7, 8, 9, 10, 11, 12, 13, 14, 15, 16, 17, 18, 19, 20, 21, 22, 23, 24, 25, 26, 27, 28, 29, 30, 31, 32, 33, 34, 35, 36, 37, 38, 39, 40, 41, 42, 43, 44, 45])ŞOK MİNİ-MİLLET BAYRAMPAŞA MAĞAZASI        =koordinat:41.066353,28.89165
BAYRAMPAŞA->dict_values([1, 2, 3, 4, 5, 6, 7, 8, 9, 10, 11, 12, 13, 14, 15, 16, 17, 18, 19, 20, 21, 22, 23, 24, 25, 26, 27, 28, 29, 30, 31, 32, 33, 34, 35, 36, 37, 38, 39, 40, 41, 42, 43, 44, 45])ŞOK MİNİ-SOFULAR MAĞAZASI                  =koordinat:41.04897,28.905485
BAYRAMPAŞA->dict_values([1, 2, 3, 4, 5, 6, 7, 8, 9, 10, 11, 12, 13, 14, 15, 16, 17, 18, 19, 20, 21, 22, 23, 24, 25, 26, 27, 28, 29, 30, 31, 32, 33, 34, 35, 36, 37, 38, 39, 40, 41, 42, 43, 44, 45])İSTANBUL BAYRAMPAŞA ADAPARK MAĞAZASI       =koordinat:41.063826,28.891044
BAYRAMPAŞA->dict_values([1, 2, 3, 4, 5, 6, 7, 8, 9, 10, 11, 12, 13, 14, 15, 16, 17, 18, 19, 20, 21, 22, 23, 24, 25, 26, 27, 28, 29, 30, 31, 32, 33, 34, 35, 36, 37, 38, 39, 40, 41, 42, 43, 44, 45])ŞOK MİNİ - ORTABAĞLAR MAĞAZASI             =koordinat:41.034528,28.909538
BAYRAMPAŞA->dict_values([1, 2, 3, 4, 5, 6, 7, 8, 9, 10, 11, 12, 13, 14, 15, 16, 17, 18, 19, 20, 21, 22, 23, 24, 25, 26, 27, 28, 29, 30, 31, 32, 33, 34, 35, 36, 37, 38, 39, 40, 41, 42, 43, 44, 45])ŞOK MİNİ-ŞEHZADEBAŞI MAĞAZASI              =koordinat:41.049581,28.902438
BAYRAMPAŞA->dict_values([1, 2, 3, 4, 5, 6, 7, 8, 9, 10, 11, 12, 13, 14, 15, 16, 17, 18, 19, 20, 21, 22, 23, 24, 25, 26, 27, 28, 29, 30, 31, 32, 33, 34, 35, 36, 37, 38, 39, 40, 41, 42, 43, 44, 45])İSTANBUL BAYRAMPAŞA GÜNEŞ CAD. MAĞAZASI    =koordinat:41.031905,28.900984
BAYRAMPAŞA->dict_values([1, 2, 3, 4, 5, 6, 7, 8, 9, 10, 11, 12, 13, 14, 15, 16, 17, 18, 19, 20, 21, 22, 23, 24, 25, 26, 27, 28, 29, 30, 31, 32, 33, 34, 35, 36, 37, 38, 39, 40, 41, 42, 43, 44, 45])İSTANBUL BAYRAMPAŞA AKPINAR MAĞAZASI       =koordinat:41.038588,28.897967
BAYRAMPAŞA->dict_values([1, 2, 3, 4, 5, 6, 7, 8, 9, 10, 11, 12, 13, 14, 15, 16, 17, 18, 19, 20, 21, 22, 23, 24, 25, 26, 27, 28, 29, 30, 31, 32, 33, 34, 35, 36, 37, 38, 39, 40, 41, 42, 43, 44, 45])İSTANBUL BAYRAMPAŞA MAĞAZASI               =koordinat:41.0359,28.9117
BAYRAMPAŞA->dict_values([1, 2, 3, 4, 5, 6, 7, 8, 9, 10, 11, 12, 13, 14, 15, 16, 17, 18, 19, 20, 21, 22, 23, 24, 25, 26, 27, 28, 29, 30, 31, 32, 33, 34, 35, 36, 37, 38, 39, 40, 41, 42, 43, 44, 45])ŞOK MİNİ-CİHAN MAĞAZASI                    =koordinat:41.057203,28.897381
BAYRAMPAŞA->dict_values([1, 2, 3, 4, 5, 6, 7, 8, 9, 10, 11, 12, 13, 14, 15, 16, 17, 18, 19, 20, 21, 22, 23, 24, 25, 26, 27, 28, 29, 30, 31, 32, 33, 34, 35, 36, 37, 38, 39, 40, 41, 42, 43, 44, 45])ŞOK MİNİ-ERTUĞRULGAZİ MAĞAZASI             =koordinat:41.053007,28.89518
BAYRAMPAŞA->dict_values([1, 2, 3, 4, 5, 6, 7, 8, 9, 10, 11, 12, 13, 14, 15, 16, 17, 18, 19, 20, 21, 22, 23, 24, 25, 26, 27, 28, 29, 30, 31, 32, 33, 34, 35, 36, 37, 38, 39, 40, 41, 42, 43, 44, 45])BAYRAMPAŞA KOCATEPE MAĞAZASI               =koordinat:41.050809,28.897447
BAYRAMPAŞA->dict_values([1, 2, 3, 4, 5, 6, 7, 8, 9, 10, 11, 12, 13, 14, 15, 16, 17, 18, 19, 20, 21, 22, 23, 24, 25, 26, 27, 28, 29, 30, 31, 32, 33, 34, 35, 36, 37, 38, 39, 40, 41, 42, 43, 44, 45])BAYRAMPAŞA EBRAR MAĞAZASI                  =koordinat:41.058256,28.902948
BAYRAMPAŞA->dict_values([1, 2, 3, 4, 5, 6, 7, 8, 9, 10, 11, 12, 13, 14, 15, 16, 17, 18, 19, 20, 21, 22, 23, 24, 25, 26, 27, 28, 29, 30, 31, 32, 33, 34, 35, 36, 37, 38, 39, 40, 41, 42, 43, 44, 45])BAYRAMPAŞA ÇAM SOKAK MAĞAZASI              =koordinat:41.065079,28.898265
BAYRAMPAŞA->dict_values([1, 2, 3, 4, 5, 6, 7, 8, 9, 10, 11, 12, 13, 14, 15, 16, 17, 18, 19, 20, 21, 22, 23, 24, 25, 26, 27, 28, 29, 30, 31, 32, 33, 34, 35, 36, 37, 38, 39, 40, 41, 42, 43, 44, 45])İSTANBUL BAYRAMPAŞA YENİDOĞAN MAĞAZASI     =koordinat:41.03641731,28.91574204
BAYRAMPAŞA->dict_values([1, 2, 3, 4, 5, 6, 7, 8, 9, 10, 11, 12, 13, 14, 15, 16, 17, 18, 19, 20, 21, 22, 23, 24, 25, 26, 27, 28, 29, 30, 31, 32, 33, 34, 35, 36, 37, 38, 39, 40, 41, 42, 43, 44, 45])ŞOK MİNİ-MERAM MAĞAZASI                    =koordinat:41.05051,28.906872
BAYRAMPAŞA->dict_values([1, 2, 3, 4, 5, 6, 7, 8, 9, 10, 11, 12, 13, 14, 15, 16, 17, 18, 19, 20, 21, 22, 23, 24, 25, 26, 27, 28, 29, 30, 31, 32, 33, 34, 35, 36, 37, 38, 39, 40, 41, 42, 43, 44, 45])ŞOK MİNİ YALDIRIM MAĞAZASI                 =koordinat:41.021575,29.069224
BAYRAMPAŞA->dict_values([1, 2, 3, 4, 5, 6, 7, 8, 9, 10, 11, 12, 13, 14, 15, 16, 17, 18, 19, 20, 21, 22, 23, 24, 25, 26, 27, 28, 29, 30, 31, 32, 33, 34, 35, 36, 37, 38, 39, 40, 41, 42, 43, 44, 45])ŞOK MİNİ LALE MAĞAZASI                     =koordinat:41.021575,29.069224
BAYRAMPAŞA->dict_values([1, 2, 3, 4, 5, 6, 7, 8, 9, 10, 11, 12, 13, 14, 15, 16, 17, 18, 19, 20, 21, 22, 23, 24, 25, 26, 27, 28, 29, 30, 31, 32, 33, 34, 35, 36, 37, 38, 39, 40, 41, 42, 43, 44, 45])BAYRAMPAŞA CUMHURİYET MAĞAZASI             =koordinat:41.032409,28.901896
BAYRAMPAŞA->dict_values([1, 2, 3, 4, 5, 6, 7, 8, 9, 10, 11, 12, 13, 14, 15, 16, 17, 18, 19, 20, 21, 22, 23, 24, 25, 26, 27, 28, 29, 30, 31, 32, 33, 34, 35, 36, 37, 38, 39, 40, 41, 42, 43, 44, 45])BAYRAMPASA CARSI MAĞAZASI                  =koordinat:41.034546,28.910934
BAYRAMPAŞA->dict_values([1, 2, 3, 4, 5, 6, 7, 8, 9, 10, 11, 12, 13, 14, 15, 16, 17, 18, 19, 20, 21, 22, 23, 24, 25, 26, 27, 28, 29, 30, 31, 32, 33, 34, 35, 36, 37, 38, 39, 40, 41, 42, 43, 44, 45])ŞOK MİNİ-İSTİKLAL MAĞAZASI                 =koordinat:41.0404,28.9024
BAYRAMPAŞA->dict_values([1, 2, 3, 4, 5, 6, 7, 8, 9, 10, 11, 12, 13, 14, 15, 16, 17, 18, 19, 20, 21, 22, 23, 24, 25, 26, 27, 28, 29, 30, 31, 32, 33, 34, 35, 36, 37, 38, 39, 40, 41, 42, 43, 44, 45])BAYRAMPAŞA BUĞDAY SOK MAĞAZASI             =koordinat:41.067435,28.89418
BAYRAMPAŞA->dict_values([1, 2, 3, 4, 5, 6, 7, 8, 9, 10, 11, 12, 13, 14, 15, 16, 17, 18, 19, 20, 21, 22, 23, 24, 25, 26, 27, 28, 29, 30, 31, 32, 33, 34, 35, 36, 37, 38, 39, 40, 41, 42, 43, 44, 45])BAYRAMPAŞA YAHYA KEMAL MAĞAZASI            =koordinat:41.03915055,28.90743256
BAYRAMPAŞA->dict_values([1, 2, 3, 4, 5, 6, 7, 8, 9, 10, 11, 12, 13, 14, 15, 16, 17, 18, 19, 20, 21, 22, 23, 24, 25, 26, 27, 28, 29, 30, 31, 32, 33, 34, 35, 36, 37, 38, 39, 40, 41, 42, 43, 44, 45])BAYRAMPAŞA ÖZTÜRK SOK. MAĞAZASI            =koordinat:41.0382,28.9182
BEŞİKTAŞ->dict_values([1, 2, 3, 4, 5, 6, 7, 8, 9, 10, 11, 12, 13, 14, 15, 16, 17, 18, 19, 20, 21, 22, 23, 24, 25, 26, 27, 28, 29, 30, 31, 32, 33, 34, 35, 36, 37, 38, 39, 40, 41, 42, 43, 44, 45])İSTANBUL BEŞİKTAŞ ARNAVUTKÖY MAĞAZASI      =koordinat:41.06874,29.043844
BEŞİKTAŞ->dict_values([1, 2, 3, 4, 5, 6, 7, 8, 9, 10, 11, 12, 13, 14, 15, 16, 17, 18, 19, 20, 21, 22, 23, 24, 25, 26, 27, 28, 29, 30, 31, 32, 33, 34, 35, 36, 37, 38, 39, 40, 41, 42, 43, 44, 45])İSTANBUL BEŞİKTAŞ YILDIZ MAĞAZASI          =koordinat:41.0486,29.006
BEŞİKTAŞ->dict_values([1, 2, 3, 4, 5, 6, 7, 8, 9, 10, 11, 12, 13, 14, 15, 16, 17, 18, 19, 20, 21, 22, 23, 24, 25, 26, 27, 28, 29, 30, 31, 32, 33, 34, 35, 36, 37, 38, 39, 40, 41, 42, 43, 44, 45])İSTANBUL AKATLAR ZEYTİNOĞLU MAĞAZASI       =koordinat:41.084224,29.026651
BEŞİKTAŞ->dict_values([1, 2, 3, 4, 5, 6, 7, 8, 9, 10, 11, 12, 13, 14, 15, 16, 17, 18, 19, 20, 21, 22, 23, 24, 25, 26, 27, 28, 29, 30, 31, 32, 33, 34, 35, 36, 37, 38, 39, 40, 41, 42, 43, 44, 45])İSTANBUL LEVAZIM SİTESİ MAĞAZASI           =koordinat:41.063708,29.019656
BEŞİKTAŞ->dict_values([1, 2, 3, 4, 5, 6, 7, 8, 9, 10, 11, 12, 13, 14, 15, 16, 17, 18, 19, 20, 21, 22, 23, 24, 25, 26, 27, 28, 29, 30, 31, 32, 33, 34, 35, 36, 37, 38, 39, 40, 41, 42, 43, 44, 45])İSTANBUL DİKİLİTAŞ MAĞAZASI                =koordinat:41.0605,29.0073
BEŞİKTAŞ->dict_values([1, 2, 3, 4, 5, 6, 7, 8, 9, 10, 11, 12, 13, 14, 15, 16, 17, 18, 19, 20, 21, 22, 23, 24, 25, 26, 27, 28, 29, 30, 31, 32, 33, 34, 35, 36, 37, 38, 39, 40, 41, 42, 43, 44, 45])İSTANBUL ETİLER CENGİZ TOPEL MAĞAZASI      =koordinat:41.084379,29.038984
BEŞİKTAŞ->dict_values([1, 2, 3, 4, 5, 6, 7, 8, 9, 10, 11, 12, 13, 14, 15, 16, 17, 18, 19, 20, 21, 22, 23, 24, 25, 26, 27, 28, 29, 30, 31, 32, 33, 34, 35, 36, 37, 38, 39, 40, 41, 42, 43, 44, 45])İSTANBUL BEŞİKTAŞ ZAMBAK MAĞAZASI          =koordinat:41.0538,29.0064
BEŞİKTAŞ->dict_values([1, 2, 3, 4, 5, 6, 7, 8, 9, 10, 11, 12, 13, 14, 15, 16, 17, 18, 19, 20, 21, 22, 23, 24, 25, 26, 27, 28, 29, 30, 31, 32, 33, 34, 35, 36, 37, 38, 39, 40, 41, 42, 43, 44, 45])İSTANBUL NUZHETIYE MAĞAZASI                =koordinat:41.04683,29.000138
BEŞİKTAŞ->dict_values([1, 2, 3, 4, 5, 6, 7, 8, 9, 10, 11, 12, 13, 14, 15, 16, 17, 18, 19, 20, 21, 22, 23, 24, 25, 26, 27, 28, 29, 30, 31, 32, 33, 34, 35, 36, 37, 38, 39, 40, 41, 42, 43, 44, 45])İSTANBUL NİSBETİYE ETİLER MAĞAZASI         =koordinat:41.08032,29.034384
BEŞİKTAŞ->dict_values([1, 2, 3, 4, 5, 6, 7, 8, 9, 10, 11, 12, 13, 14, 15, 16, 17, 18, 19, 20, 21, 22, 23, 24, 25, 26, 27, 28, 29, 30, 31, 32, 33, 34, 35, 36, 37, 38, 39, 40, 41, 42, 43, 44, 45])İSTANBUL ULUS MAĞAZASI                     =koordinat:41.072554,29.029068
BEŞİKTAŞ->dict_values([1, 2, 3, 4, 5, 6, 7, 8, 9, 10, 11, 12, 13, 14, 15, 16, 17, 18, 19, 20, 21, 22, 23, 24, 25, 26, 27, 28, 29, 30, 31, 32, 33, 34, 35, 36, 37, 38, 39, 40, 41, 42, 43, 44, 45])İSTANBUL LEVENT CARSI MAĞAZASI             =koordinat:41.076292,29.016982
BEŞİKTAŞ->dict_values([1, 2, 3, 4, 5, 6, 7, 8, 9, 10, 11, 12, 13, 14, 15, 16, 17, 18, 19, 20, 21, 22, 23, 24, 25, 26, 27, 28, 29, 30, 31, 32, 33, 34, 35, 36, 37, 38, 39, 40, 41, 42, 43, 44, 45])İSTANBUL ETİLER SEHER SK ETİLER            =koordinat:41.084755,29.033612
BEŞİKTAŞ->dict_values([1, 2, 3, 4, 5, 6, 7, 8, 9, 10, 11, 12, 13, 14, 15, 16, 17, 18, 19, 20, 21, 22, 23, 24, 25, 26, 27, 28, 29, 30, 31, 32, 33, 34, 35, 36, 37, 38, 39, 40, 41, 42, 43, 44, 45])İSTANBUL IHLAMUR DERE MAĞAZASI             =koordinat:41.04806164,29.00265098
BEŞİKTAŞ->dict_values([1, 2, 3, 4, 5, 6, 7, 8, 9, 10, 11, 12, 13, 14, 15, 16, 17, 18, 19, 20, 21, 22, 23, 24, 25, 26, 27, 28, 29, 30, 31, 32, 33, 34, 35, 36, 37, 38, 39, 40, 41, 42, 43, 44, 45])İSTANBUL DEFNE ORTAKÖY MAĞAZASI            =koordinat:41.054451,29.023003
BEŞİKTAŞ->dict_values([1, 2, 3, 4, 5, 6, 7, 8, 9, 10, 11, 12, 13, 14, 15, 16, 17, 18, 19, 20, 21, 22, 23, 24, 25, 26, 27, 28, 29, 30, 31, 32, 33, 34, 35, 36, 37, 38, 39, 40, 41, 42, 43, 44, 45])İSTANBUL BEBEK MAĞAZASI                    =koordinat:41.079345,29.04485
BEŞİKTAŞ->dict_values([1, 2, 3, 4, 5, 6, 7, 8, 9, 10, 11, 12, 13, 14, 15, 16, 17, 18, 19, 20, 21, 22, 23, 24, 25, 26, 27, 28, 29, 30, 31, 32, 33, 34, 35, 36, 37, 38, 39, 40, 41, 42, 43, 44, 45])İSTANBUL ORTAKÖY MAĞAZASI                  =koordinat:41.053345,29.023363
BEŞİKTAŞ->dict_values([1, 2, 3, 4, 5, 6, 7, 8, 9, 10, 11, 12, 13, 14, 15, 16, 17, 18, 19, 20, 21, 22, 23, 24, 25, 26, 27, 28, 29, 30, 31, 32, 33, 34, 35, 36, 37, 38, 39, 40, 41, 42, 43, 44, 45])İSTANBUL KARANFİLKÖY AKATLAR MAĞAZASI      =koordinat:41.0869,29.0263
BEŞİKTAŞ->dict_values([1, 2, 3, 4, 5, 6, 7, 8, 9, 10, 11, 12, 13, 14, 15, 16, 17, 18, 19, 20, 21, 22, 23, 24, 25, 26, 27, 28, 29, 30, 31, 32, 33, 34, 35, 36, 37, 38, 39, 40, 41, 42, 43, 44, 45])İSTANBUL BEŞİKTAŞ SERENCEBEY MAĞAZASI      =koordinat:41.0447,29.0079
BEŞİKTAŞ->dict_values([1, 2, 3, 4, 5, 6, 7, 8, 9, 10, 11, 12, 13, 14, 15, 16, 17, 18, 19, 20, 21, 22, 23, 24, 25, 26, 27, 28, 29, 30, 31, 32, 33, 34, 35, 36, 37, 38, 39, 40, 41, 42, 43, 44, 45])BEŞİKTAŞ VEFABEY SOKAK MAĞAZASI            =koordinat:41.065464,29.006122
BEŞİKTAŞ->dict_values([1, 2, 3, 4, 5, 6, 7, 8, 9, 10, 11, 12, 13, 14, 15, 16, 17, 18, 19, 20, 21, 22, 23, 24, 25, 26, 27, 28, 29, 30, 31, 32, 33, 34, 35, 36, 37, 38, 39, 40, 41, 42, 43, 44, 45])İSTANBUL BEŞİKTAŞ AKARETLER ŞAİRLER MAĞAZASI=koordinat:41.042608,28.999945
BEŞİKTAŞ->dict_values([1, 2, 3, 4, 5, 6, 7, 8, 9, 10, 11, 12, 13, 14, 15, 16, 17, 18, 19, 20, 21, 22, 23, 24, 25, 26, 27, 28, 29, 30, 31, 32, 33, 34, 35, 36, 37, 38, 39, 40, 41, 42, 43, 44, 45])İSTANBUL BEŞİKTAŞ BARBAROS MAĞAZASI        =koordinat:41.046174,29.007417
BEŞİKTAŞ->dict_values([1, 2, 3, 4, 5, 6, 7, 8, 9, 10, 11, 12, 13, 14, 15, 16, 17, 18, 19, 20, 21, 22, 23, 24, 25, 26, 27, 28, 29, 30, 31, 32, 33, 34, 35, 36, 37, 38, 39, 40, 41, 42, 43, 44, 45])İSTANBUL SİNANPAŞA BEŞİKTAŞ MAĞAZASI       =koordinat:41.043057,29.00267
BEŞİKTAŞ->dict_values([1, 2, 3, 4, 5, 6, 7, 8, 9, 10, 11, 12, 13, 14, 15, 16, 17, 18, 19, 20, 21, 22, 23, 24, 25, 26, 27, 28, 29, 30, 31, 32, 33, 34, 35, 36, 37, 38, 39, 40, 41, 42, 43, 44, 45])İSTANBUL SELÇUKLAR AKATLAR MAĞAZASI        =koordinat:41.078033,29.026584
BEŞİKTAŞ->dict_values([1, 2, 3, 4, 5, 6, 7, 8, 9, 10, 11, 12, 13, 14, 15, 16, 17, 18, 19, 20, 21, 22, 23, 24, 25, 26, 27, 28, 29, 30, 31, 32, 33, 34, 35, 36, 37, 38, 39, 40, 41, 42, 43, 44, 45])BALMUMCU ASKERİ LOJMANLAR MAĞAZASI         =koordinat:41.0551,29.0101
BEŞİKTAŞ->dict_values([1, 2, 3, 4, 5, 6, 7, 8, 9, 10, 11, 12, 13, 14, 15, 16, 17, 18, 19, 20, 21, 22, 23, 24, 25, 26, 27, 28, 29, 30, 31, 32, 33, 34, 35, 36, 37, 38, 39, 40, 41, 42, 43, 44, 45])LEVENT ASKERİ LOJMANLARI MAĞAZASI          =koordinat:41.0974,29.0214
BEYKOZ->dict_values([1, 2, 3, 4, 5, 6, 7, 8, 9, 10, 11, 12, 13, 14, 15, 16, 17, 18, 19, 20, 21, 22, 23, 24, 25, 26, 27, 28, 29, 30, 31, 32, 33, 34, 35, 36, 37, 38, 39, 40, 41, 42, 43, 44, 45])RÜZGARLIBAHÇE KAVACIK MAĞAZASI             =koordinat:41.0955,29.0983
BEYKOZ->dict_values([1, 2, 3, 4, 5, 6, 7, 8, 9, 10, 11, 12, 13, 14, 15, 16, 17, 18, 19, 20, 21, 22, 23, 24, 25, 26, 27, 28, 29, 30, 31, 32, 33, 34, 35, 36, 37, 38, 39, 40, 41, 42, 43, 44, 45])İSTANBUL KAVACIK MAĞAZASI                  =koordinat:41.095035,29.087519
BEYKOZ->dict_values([1, 2, 3, 4, 5, 6, 7, 8, 9, 10, 11, 12, 13, 14, 15, 16, 17, 18, 19, 20, 21, 22, 23, 24, 25, 26, 27, 28, 29, 30, 31, 32, 33, 34, 35, 36, 37, 38, 39, 40, 41, 42, 43, 44, 45])İSTANBUL ÇUBUKLU MAĞAZASI                  =koordinat:41.1029,29.0849
BEYKOZ->dict_values([1, 2, 3, 4, 5, 6, 7, 8, 9, 10, 11, 12, 13, 14, 15, 16, 17, 18, 19, 20, 21, 22, 23, 24, 25, 26, 27, 28, 29, 30, 31, 32, 33, 34, 35, 36, 37, 38, 39, 40, 41, 42, 43, 44, 45])İSTANBUL BEYAZ ERGUVAN PAŞABAHÇE MAĞAZASI  =koordinat:41.1153,29.0958
BEYKOZ->dict_values([1, 2, 3, 4, 5, 6, 7, 8, 9, 10, 11, 12, 13, 14, 15, 16, 17, 18, 19, 20, 21, 22, 23, 24, 25, 26, 27, 28, 29, 30, 31, 32, 33, 34, 35, 36, 37, 38, 39, 40, 41, 42, 43, 44, 45])İSTANBUL GÜLÇİÇEK KANLICA MAĞAZASI         =koordinat:41.100458,29.066528
BEYKOZ->dict_values([1, 2, 3, 4, 5, 6, 7, 8, 9, 10, 11, 12, 13, 14, 15, 16, 17, 18, 19, 20, 21, 22, 23, 24, 25, 26, 27, 28, 29, 30, 31, 32, 33, 34, 35, 36, 37, 38, 39, 40, 41, 42, 43, 44, 45])İSTANBUL ANADOLU HİSARI MAĞAZASI           =koordinat:41.084153,29.067944
BEYKOZ->dict_values([1, 2, 3, 4, 5, 6, 7, 8, 9, 10, 11, 12, 13, 14, 15, 16, 17, 18, 19, 20, 21, 22, 23, 24, 25, 26, 27, 28, 29, 30, 31, 32, 33, 34, 35, 36, 37, 38, 39, 40, 41, 42, 43, 44, 45])İSTANBUL GÖKSU EVLERİ MAĞAZASI             =koordinat:41.081893,29.085976
BEYKOZ->dict_values([1, 2, 3, 4, 5, 6, 7, 8, 9, 10, 11, 12, 13, 14, 15, 16, 17, 18, 19, 20, 21, 22, 23, 24, 25, 26, 27, 28, 29, 30, 31, 32, 33, 34, 35, 36, 37, 38, 39, 40, 41, 42, 43, 44, 45])İSTANBUL YALIKÖY MAĞAZASI                  =koordinat:41.137209,29.086467
BEYKOZ->dict_values([1, 2, 3, 4, 5, 6, 7, 8, 9, 10, 11, 12, 13, 14, 15, 16, 17, 18, 19, 20, 21, 22, 23, 24, 25, 26, 27, 28, 29, 30, 31, 32, 33, 34, 35, 36, 37, 38, 39, 40, 41, 42, 43, 44, 45])İSTANBUL SULTAN AZİZ BEYKOZ MAĞAZASI       =koordinat:41.1491,29.088
BEYKOZ->dict_values([1, 2, 3, 4, 5, 6, 7, 8, 9, 10, 11, 12, 13, 14, 15, 16, 17, 18, 19, 20, 21, 22, 23, 24, 25, 26, 27, 28, 29, 30, 31, 32, 33, 34, 35, 36, 37, 38, 39, 40, 41, 42, 43, 44, 45])İSTANBUL ÇAVUŞBAŞI ÇİFTLİK MAĞAZASI        =koordinat:41.081375,29.13887
BEYKOZ->dict_values([1, 2, 3, 4, 5, 6, 7, 8, 9, 10, 11, 12, 13, 14, 15, 16, 17, 18, 19, 20, 21, 22, 23, 24, 25, 26, 27, 28, 29, 30, 31, 32, 33, 34, 35, 36, 37, 38, 39, 40, 41, 42, 43, 44, 45])İSTANBUL BEYKOZ ÇAMLIBAHÇE MAĞAZASI        =koordinat:41.148793,29.084954
BEYKOZ->dict_values([1, 2, 3, 4, 5, 6, 7, 8, 9, 10, 11, 12, 13, 14, 15, 16, 17, 18, 19, 20, 21, 22, 23, 24, 25, 26, 27, 28, 29, 30, 31, 32, 33, 34, 35, 36, 37, 38, 39, 40, 41, 42, 43, 44, 45])RİVA ÇAKIRBEY MAĞAZASI                     =koordinat:41.224313,29.218942
BEYKOZ->dict_values([1, 2, 3, 4, 5, 6, 7, 8, 9, 10, 11, 12, 13, 14, 15, 16, 17, 18, 19, 20, 21, 22, 23, 24, 25, 26, 27, 28, 29, 30, 31, 32, 33, 34, 35, 36, 37, 38, 39, 40, 41, 42, 43, 44, 45])ŞOK MİNİ-CUMHURIYET2 MAĞAZASI              =koordinat:41.129815,29.259185
BEYKOZ->dict_values([1, 2, 3, 4, 5, 6, 7, 8, 9, 10, 11, 12, 13, 14, 15, 16, 17, 18, 19, 20, 21, 22, 23, 24, 25, 26, 27, 28, 29, 30, 31, 32, 33, 34, 35, 36, 37, 38, 39, 40, 41, 42, 43, 44, 45])ŞOK MİNİ-YAZICI MAĞAZASI                   =koordinat:41.186464,29.204139
BEYKOZ->dict_values([1, 2, 3, 4, 5, 6, 7, 8, 9, 10, 11, 12, 13, 14, 15, 16, 17, 18, 19, 20, 21, 22, 23, 24, 25, 26, 27, 28, 29, 30, 31, 32, 33, 34, 35, 36, 37, 38, 39, 40, 41, 42, 43, 44, 45])ŞOK MİNİ-BAHÇEEVLİ MAĞAZASI                =koordinat:41.140209,29.09239
BEYKOZ->dict_values([1, 2, 3, 4, 5, 6, 7, 8, 9, 10, 11, 12, 13, 14, 15, 16, 17, 18, 19, 20, 21, 22, 23, 24, 25, 26, 27, 28, 29, 30, 31, 32, 33, 34, 35, 36, 37, 38, 39, 40, 41, 42, 43, 44, 45])ŞOK MİNİ-ANADOLUKAVAGI MAĞAZASI            =koordinat:41.174723,29.088978
BEYKOZ->dict_values([1, 2, 3, 4, 5, 6, 7, 8, 9, 10, 11, 12, 13, 14, 15, 16, 17, 18, 19, 20, 21, 22, 23, 24, 25, 26, 27, 28, 29, 30, 31, 32, 33, 34, 35, 36, 37, 38, 39, 40, 41, 42, 43, 44, 45])İSTANBUL BEYKOZ GÖRELE MAĞAZASI            =koordinat:41.116904,29.146055
BEYKOZ->dict_values([1, 2, 3, 4, 5, 6, 7, 8, 9, 10, 11, 12, 13, 14, 15, 16, 17, 18, 19, 20, 21, 22, 23, 24, 25, 26, 27, 28, 29, 30, 31, 32, 33, 34, 35, 36, 37, 38, 39, 40, 41, 42, 43, 44, 45])İSTANBUL BEYKOZ ŞENEVLER MAĞAZASI          =koordinat:41.100245,29.092629
BEYKOZ->dict_values([1, 2, 3, 4, 5, 6, 7, 8, 9, 10, 11, 12, 13, 14, 15, 16, 17, 18, 19, 20, 21, 22, 23, 24, 25, 26, 27, 28, 29, 30, 31, 32, 33, 34, 35, 36, 37, 38, 39, 40, 41, 42, 43, 44, 45])İSTANBUL BEYKOZ BENT YOLU MAĞAZASI         =koordinat:41.079541,29.076561
BEYKOZ->dict_values([1, 2, 3, 4, 5, 6, 7, 8, 9, 10, 11, 12, 13, 14, 15, 16, 17, 18, 19, 20, 21, 22, 23, 24, 25, 26, 27, 28, 29, 30, 31, 32, 33, 34, 35, 36, 37, 38, 39, 40, 41, 42, 43, 44, 45])İSTANBUL TOKATKÖY BEYKOZ MAĞAZASI          =koordinat:41.158143,29.09575
BEYKOZ->dict_values([1, 2, 3, 4, 5, 6, 7, 8, 9, 10, 11, 12, 13, 14, 15, 16, 17, 18, 19, 20, 21, 22, 23, 24, 25, 26, 27, 28, 29, 30, 31, 32, 33, 34, 35, 36, 37, 38, 39, 40, 41, 42, 43, 44, 45])BEYKOZ KATIRCI CADDESİ MAĞAZASI            =koordinat:41.11245944,29.09851983
BEYKOZ->dict_values([1, 2, 3, 4, 5, 6, 7, 8, 9, 10, 11, 12, 13, 14, 15, 16, 17, 18, 19, 20, 21, 22, 23, 24, 25, 26, 27, 28, 29, 30, 31, 32, 33, 34, 35, 36, 37, 38, 39, 40, 41, 42, 43, 44, 45])BEYKOZ AKBABA MAĞAZASI                     =koordinat:41.152531,29.116802
BEYKOZ->dict_values([1, 2, 3, 4, 5, 6, 7, 8, 9, 10, 11, 12, 13, 14, 15, 16, 17, 18, 19, 20, 21, 22, 23, 24, 25, 26, 27, 28, 29, 30, 31, 32, 33, 34, 35, 36, 37, 38, 39, 40, 41, 42, 43, 44, 45])BEYKOZ ÇAVUŞBAŞI CD. MAĞAZASI              =koordinat:41.092447,29.111702
BEYKOZ->dict_values([1, 2, 3, 4, 5, 6, 7, 8, 9, 10, 11, 12, 13, 14, 15, 16, 17, 18, 19, 20, 21, 22, 23, 24, 25, 26, 27, 28, 29, 30, 31, 32, 33, 34, 35, 36, 37, 38, 39, 40, 41, 42, 43, 44, 45])BEYKOZ ÇAYIRI MAĞAZASI                     =koordinat:41.14568314,29.0845191
BEYKOZ->dict_values([1, 2, 3, 4, 5, 6, 7, 8, 9, 10, 11, 12, 13, 14, 15, 16, 17, 18, 19, 20, 21, 22, 23, 24, 25, 26, 27, 28, 29, 30, 31, 32, 33, 34, 35, 36, 37, 38, 39, 40, 41, 42, 43, 44, 45])ŞOK MİNİ ANADOLU FENERİ MAĞAZASI           =koordinat:41.21741,29.15374
BEYKOZ->dict_values([1, 2, 3, 4, 5, 6, 7, 8, 9, 10, 11, 12, 13, 14, 15, 16, 17, 18, 19, 20, 21, 22, 23, 24, 25, 26, 27, 28, 29, 30, 31, 32, 33, 34, 35, 36, 37, 38, 39, 40, 41, 42, 43, 44, 45])BEYKOZ ON ÇEŞMELER MAĞAZASI                =koordinat:41.1340651,29.09273997
BEYKOZ->dict_values([1, 2, 3, 4, 5, 6, 7, 8, 9, 10, 11, 12, 13, 14, 15, 16, 17, 18, 19, 20, 21, 22, 23, 24, 25, 26, 27, 28, 29, 30, 31, 32, 33, 34, 35, 36, 37, 38, 39, 40, 41, 42, 43, 44, 45])BEYKOZ İNCİRKÖY MAĞAZASI                   =koordinat:41.11844,29.105962
BEYKOZ->dict_values([1, 2, 3, 4, 5, 6, 7, 8, 9, 10, 11, 12, 13, 14, 15, 16, 17, 18, 19, 20, 21, 22, 23, 24, 25, 26, 27, 28, 29, 30, 31, 32, 33, 34, 35, 36, 37, 38, 39, 40, 41, 42, 43, 44, 45])ŞOK-BEYKOZ MAHMUT Ş                        =koordinat:41.15241451,29.19123508
BEYKOZ->dict_values([1, 2, 3, 4, 5, 6, 7, 8, 9, 10, 11, 12, 13, 14, 15, 16, 17, 18, 19, 20, 21, 22, 23, 24, 25, 26, 27, 28, 29, 30, 31, 32, 33, 34, 35, 36, 37, 38, 39, 40, 41, 42, 43, 44, 45])BEYKOZ VAKIFTEPE MAĞAZASI                  =koordinat:41.14716334,29.09119874
BEYKOZ->dict_values([1, 2, 3, 4, 5, 6, 7, 8, 9, 10, 11, 12, 13, 14, 15, 16, 17, 18, 19, 20, 21, 22, 23, 24, 25, 26, 27, 28, 29, 30, 31, 32, 33, 34, 35, 36, 37, 38, 39, 40, 41, 42, 43, 44, 45])BEYKOZ YONCA SOKAK MAĞAZASI                =koordinat:41.067796,29.082072
BEYKOZ->dict_values([1, 2, 3, 4, 5, 6, 7, 8, 9, 10, 11, 12, 13, 14, 15, 16, 17, 18, 19, 20, 21, 22, 23, 24, 25, 26, 27, 28, 29, 30, 31, 32, 33, 34, 35, 36, 37, 38, 39, 40, 41, 42, 43, 44, 45])İSTANBUL BEYKOZ KARAGÖZSIRTI CAMİ MAĞAZASI =koordinat:41.111856,29.090059
BEYKOZ->dict_values([1, 2, 3, 4, 5, 6, 7, 8, 9, 10, 11, 12, 13, 14, 15, 16, 17, 18, 19, 20, 21, 22, 23, 24, 25, 26, 27, 28, 29, 30, 31, 32, 33, 34, 35, 36, 37, 38, 39, 40, 41, 42, 43, 44, 45])BEYKOZ ÇENGELDERE MAĞAZASI                 =koordinat:41.091116,29.141588
BEYKOZ->dict_values([1, 2, 3, 4, 5, 6, 7, 8, 9, 10, 11, 12, 13, 14, 15, 16, 17, 18, 19, 20, 21, 22, 23, 24, 25, 26, 27, 28, 29, 30, 31, 32, 33, 34, 35, 36, 37, 38, 39, 40, 41, 42, 43, 44, 45])BEYKOZ SOĞUKSU MAĞAZASI                    =koordinat:41.114385,29.108971
BEYKOZ->dict_values([1, 2, 3, 4, 5, 6, 7, 8, 9, 10, 11, 12, 13, 14, 15, 16, 17, 18, 19, 20, 21, 22, 23, 24, 25, 26, 27, 28, 29, 30, 31, 32, 33, 34, 35, 36, 37, 38, 39, 40, 41, 42, 43, 44, 45])BEYKOZ PAŞAMANDIRA MAĞAZASI                =koordinat:41.187492,29.233252
BEYKOZ->dict_values([1, 2, 3, 4, 5, 6, 7, 8, 9, 10, 11, 12, 13, 14, 15, 16, 17, 18, 19, 20, 21, 22, 23, 24, 25, 26, 27, 28, 29, 30, 31, 32, 33, 34, 35, 36, 37, 38, 39, 40, 41, 42, 43, 44, 45])BEYKOZ ŞİRİNDERE MAĞAZASI                  =koordinat:41.148142,29.167483
BEYKOZ->dict_values([1, 2, 3, 4, 5, 6, 7, 8, 9, 10, 11, 12, 13, 14, 15, 16, 17, 18, 19, 20, 21, 22, 23, 24, 25, 26, 27, 28, 29, 30, 31, 32, 33, 34, 35, 36, 37, 38, 39, 40, 41, 42, 43, 44, 45])BEYKOZ ÇİFTEHAVUZLAR CAMİ MAĞAZASI         =koordinat:41.123004,29.107464
BEYKOZ->dict_values([1, 2, 3, 4, 5, 6, 7, 8, 9, 10, 11, 12, 13, 14, 15, 16, 17, 18, 19, 20, 21, 22, 23, 24, 25, 26, 27, 28, 29, 30, 31, 32, 33, 34, 35, 36, 37, 38, 39, 40, 41, 42, 43, 44, 45])BEYKOZ KÜRŞAD CADDESİ MAĞAZASI             =koordinat:41.087903,29.081792
BEYKOZ->dict_values([1, 2, 3, 4, 5, 6, 7, 8, 9, 10, 11, 12, 13, 14, 15, 16, 17, 18, 19, 20, 21, 22, 23, 24, 25, 26, 27, 28, 29, 30, 31, 32, 33, 34, 35, 36, 37, 38, 39, 40, 41, 42, 43, 44, 45])ŞOK-İSHAKLI                                =koordinat:41.13826501,29.29334164
BEYKOZ->dict_values([1, 2, 3, 4, 5, 6, 7, 8, 9, 10, 11, 12, 13, 14, 15, 16, 17, 18, 19, 20, 21, 22, 23, 24, 25, 26, 27, 28, 29, 30, 31, 32, 33, 34, 35, 36, 37, 38, 39, 40, 41, 42, 43, 44, 45])BEYKOZ OTAĞTEPE MAĞAZASI                   =koordinat:41.090044,29.080435
BEYLİKDÜZÜ->dict_values([1, 2, 3, 4, 5, 6, 7, 8, 9, 10, 11, 12, 13, 14, 15, 16, 17, 18, 19, 20, 21, 22, 23, 24, 25, 26, 27, 28, 29, 30, 31, 32, 33, 34, 35, 36, 37, 38, 39, 40, 41, 42, 43, 44, 45])İSTANBUL BÜYÜKÇEKMECE YEŞİLKENT MAĞAZASI   =koordinat:41.001604,28.62208
BEYLİKDÜZÜ->dict_values([1, 2, 3, 4, 5, 6, 7, 8, 9, 10, 11, 12, 13, 14, 15, 16, 17, 18, 19, 20, 21, 22, 23, 24, 25, 26, 27, 28, 29, 30, 31, 32, 33, 34, 35, 36, 37, 38, 39, 40, 41, 42, 43, 44, 45])İSTANBUL BEYLİKDÜZÜ ÇARŞI MAĞAZASI         =koordinat:41.005584,28.654964
BEYLİKDÜZÜ->dict_values([1, 2, 3, 4, 5, 6, 7, 8, 9, 10, 11, 12, 13, 14, 15, 16, 17, 18, 19, 20, 21, 22, 23, 24, 25, 26, 27, 28, 29, 30, 31, 32, 33, 34, 35, 36, 37, 38, 39, 40, 41, 42, 43, 44, 45])İSTANBUL BEYLİKDÜZÜ YAKUPLU MERKEZ MAĞAZASI=koordinat:40.985734,28.670049
BEYLİKDÜZÜ->dict_values([1, 2, 3, 4, 5, 6, 7, 8, 9, 10, 11, 12, 13, 14, 15, 16, 17, 18, 19, 20, 21, 22, 23, 24, 25, 26, 27, 28, 29, 30, 31, 32, 33, 34, 35, 36, 37, 38, 39, 40, 41, 42, 43, 44, 45])İSTANBUL BEYKENT OSMANLI MAĞAZASI          =koordinat:41.0028,28.6288
BEYLİKDÜZÜ->dict_values([1, 2, 3, 4, 5, 6, 7, 8, 9, 10, 11, 12, 13, 14, 15, 16, 17, 18, 19, 20, 21, 22, 23, 24, 25, 26, 27, 28, 29, 30, 31, 32, 33, 34, 35, 36, 37, 38, 39, 40, 41, 42, 43, 44, 45])İSTANBUL BEYLİKDÜZÜ MEGAKENT MAĞAZASI      =koordinat:40.992797,28.647827
BEYLİKDÜZÜ->dict_values([1, 2, 3, 4, 5, 6, 7, 8, 9, 10, 11, 12, 13, 14, 15, 16, 17, 18, 19, 20, 21, 22, 23, 24, 25, 26, 27, 28, 29, 30, 31, 32, 33, 34, 35, 36, 37, 38, 39, 40, 41, 42, 43, 44, 45])İSTANBUL YAKUPLU MALAZGİRT MAĞAZASI        =koordinat:40.995109,28.677237
BEYLİKDÜZÜ->dict_values([1, 2, 3, 4, 5, 6, 7, 8, 9, 10, 11, 12, 13, 14, 15, 16, 17, 18, 19, 20, 21, 22, 23, 24, 25, 26, 27, 28, 29, 30, 31, 32, 33, 34, 35, 36, 37, 38, 39, 40, 41, 42, 43, 44, 45])İSTANBUL BEYLİKDÜZÜ PAŞABAHÇE MAĞAZASI     =koordinat:41.000138,28.623161
BEYLİKDÜZÜ->dict_values([1, 2, 3, 4, 5, 6, 7, 8, 9, 10, 11, 12, 13, 14, 15, 16, 17, 18, 19, 20, 21, 22, 23, 24, 25, 26, 27, 28, 29, 30, 31, 32, 33, 34, 35, 36, 37, 38, 39, 40, 41, 42, 43, 44, 45])İSTANBUL BEYLİKDÜZÜ GÜRPINAR MAĞAZASI      =koordinat:40.988758,28.610206
BEYLİKDÜZÜ->dict_values([1, 2, 3, 4, 5, 6, 7, 8, 9, 10, 11, 12, 13, 14, 15, 16, 17, 18, 19, 20, 21, 22, 23, 24, 25, 26, 27, 28, 29, 30, 31, 32, 33, 34, 35, 36, 37, 38, 39, 40, 41, 42, 43, 44, 45])İSTANBUL YAKUPLU OSMANGAZİ MAĞAZASI        =koordinat:40.991172,28.66995
BEYLİKDÜZÜ->dict_values([1, 2, 3, 4, 5, 6, 7, 8, 9, 10, 11, 12, 13, 14, 15, 16, 17, 18, 19, 20, 21, 22, 23, 24, 25, 26, 27, 28, 29, 30, 31, 32, 33, 34, 35, 36, 37, 38, 39, 40, 41, 42, 43, 44, 45])İSTANBUL BEYLİKDÜZÜ ÇAMLITEPE MAĞAZASI     =koordinat:40.997423,28.628888
BEYLİKDÜZÜ->dict_values([1, 2, 3, 4, 5, 6, 7, 8, 9, 10, 11, 12, 13, 14, 15, 16, 17, 18, 19, 20, 21, 22, 23, 24, 25, 26, 27, 28, 29, 30, 31, 32, 33, 34, 35, 36, 37, 38, 39, 40, 41, 42, 43, 44, 45])İSTANBUL BEYLİKDÜZÜ ESENTEPE MAĞAZASI      =koordinat:40.999818,28.629829
BEYLİKDÜZÜ->dict_values([1, 2, 3, 4, 5, 6, 7, 8, 9, 10, 11, 12, 13, 14, 15, 16, 17, 18, 19, 20, 21, 22, 23, 24, 25, 26, 27, 28, 29, 30, 31, 32, 33, 34, 35, 36, 37, 38, 39, 40, 41, 42, 43, 44, 45])İSTANBUL BEYLİKDÜZÜ BARIŞ MAĞAZASI         =koordinat:41.006379,28.654624
BEYLİKDÜZÜ->dict_values([1, 2, 3, 4, 5, 6, 7, 8, 9, 10, 11, 12, 13, 14, 15, 16, 17, 18, 19, 20, 21, 22, 23, 24, 25, 26, 27, 28, 29, 30, 31, 32, 33, 34, 35, 36, 37, 38, 39, 40, 41, 42, 43, 44, 45])İSTANBUL BEYLİKDÜZÜ GÜRPINAR HİRA MAĞAZASI =koordinat:40.984789,28.606525
BEYLİKDÜZÜ->dict_values([1, 2, 3, 4, 5, 6, 7, 8, 9, 10, 11, 12, 13, 14, 15, 16, 17, 18, 19, 20, 21, 22, 23, 24, 25, 26, 27, 28, 29, 30, 31, 32, 33, 34, 35, 36, 37, 38, 39, 40, 41, 42, 43, 44, 45])İSTANBUL BEYLİKDÜZÜ ALİ ÇEBİ MAĞAZASI      =koordinat:40.999968,28.654782
BEYLİKDÜZÜ->dict_values([1, 2, 3, 4, 5, 6, 7, 8, 9, 10, 11, 12, 13, 14, 15, 16, 17, 18, 19, 20, 21, 22, 23, 24, 25, 26, 27, 28, 29, 30, 31, 32, 33, 34, 35, 36, 37, 38, 39, 40, 41, 42, 43, 44, 45])İSTANBUL YAKUPLU TURGUT ÖZAL MAĞAZASI      =koordinat:40.987548,28.679946
BEYLİKDÜZÜ->dict_values([1, 2, 3, 4, 5, 6, 7, 8, 9, 10, 11, 12, 13, 14, 15, 16, 17, 18, 19, 20, 21, 22, 23, 24, 25, 26, 27, 28, 29, 30, 31, 32, 33, 34, 35, 36, 37, 38, 39, 40, 41, 42, 43, 44, 45])İSTANBUL YAKUPLU DUMAN MAĞAZASI            =koordinat:40.986614,28.67753
BEYLİKDÜZÜ->dict_values([1, 2, 3, 4, 5, 6, 7, 8, 9, 10, 11, 12, 13, 14, 15, 16, 17, 18, 19, 20, 21, 22, 23, 24, 25, 26, 27, 28, 29, 30, 31, 32, 33, 34, 35, 36, 37, 38, 39, 40, 41, 42, 43, 44, 45])BEYLİKDÜZÜ BURÇAK MAĞAZASI                 =koordinat:40.991878,28.618637
BEYLİKDÜZÜ->dict_values([1, 2, 3, 4, 5, 6, 7, 8, 9, 10, 11, 12, 13, 14, 15, 16, 17, 18, 19, 20, 21, 22, 23, 24, 25, 26, 27, 28, 29, 30, 31, 32, 33, 34, 35, 36, 37, 38, 39, 40, 41, 42, 43, 44, 45])BEYLİKDÜZÜ BEYAZ                           =koordinat:41.005203,28.65792
BEYLİKDÜZÜ->dict_values([1, 2, 3, 4, 5, 6, 7, 8, 9, 10, 11, 12, 13, 14, 15, 16, 17, 18, 19, 20, 21, 22, 23, 24, 25, 26, 27, 28, 29, 30, 31, 32, 33, 34, 35, 36, 37, 38, 39, 40, 41, 42, 43, 44, 45])İSTANBUL BEYLİKDÜZÜ YAKUPLU SANCAKTAR MAĞAZASI=koordinat:41.002085,28.672989
BEYLİKDÜZÜ->dict_values([1, 2, 3, 4, 5, 6, 7, 8, 9, 10, 11, 12, 13, 14, 15, 16, 17, 18, 19, 20, 21, 22, 23, 24, 25, 26, 27, 28, 29, 30, 31, 32, 33, 34, 35, 36, 37, 38, 39, 40, 41, 42, 43, 44, 45])İSTANBUL BEYLİKDÜZÜ HASIRCILAR MAĞAZASI    =koordinat:41.006255,28.664253
BEYLİKDÜZÜ->dict_values([1, 2, 3, 4, 5, 6, 7, 8, 9, 10, 11, 12, 13, 14, 15, 16, 17, 18, 19, 20, 21, 22, 23, 24, 25, 26, 27, 28, 29, 30, 31, 32, 33, 34, 35, 36, 37, 38, 39, 40, 41, 42, 43, 44, 45])İSTANBUL BEYLİKDÜZÜ SÖĞÜT MAĞAZASI         =koordinat:41.006374,28.640783
BEYLİKDÜZÜ->dict_values([1, 2, 3, 4, 5, 6, 7, 8, 9, 10, 11, 12, 13, 14, 15, 16, 17, 18, 19, 20, 21, 22, 23, 24, 25, 26, 27, 28, 29, 30, 31, 32, 33, 34, 35, 36, 37, 38, 39, 40, 41, 42, 43, 44, 45])İSTANBUL BEYLİKDÜZÜ YAKUPLU KUBİLAY MAĞAZASI=koordinat:41.000464,28.67007
BEYLİKDÜZÜ->dict_values([1, 2, 3, 4, 5, 6, 7, 8, 9, 10, 11, 12, 13, 14, 15, 16, 17, 18, 19, 20, 21, 22, 23, 24, 25, 26, 27, 28, 29, 30, 31, 32, 33, 34, 35, 36, 37, 38, 39, 40, 41, 42, 43, 44, 45])İSTANBUL BEYLİKDÜZÜ HAVADAR MAĞAZASI       =koordinat:40.978686,28.655274
BEYLİKDÜZÜ->dict_values([1, 2, 3, 4, 5, 6, 7, 8, 9, 10, 11, 12, 13, 14, 15, 16, 17, 18, 19, 20, 21, 22, 23, 24, 25, 26, 27, 28, 29, 30, 31, 32, 33, 34, 35, 36, 37, 38, 39, 40, 41, 42, 43, 44, 45])İSTANBUL YAKUPLU KERVAN SARAY MAĞAZASI     =koordinat:40.99232,28.6747
BEYLİKDÜZÜ->dict_values([1, 2, 3, 4, 5, 6, 7, 8, 9, 10, 11, 12, 13, 14, 15, 16, 17, 18, 19, 20, 21, 22, 23, 24, 25, 26, 27, 28, 29, 30, 31, 32, 33, 34, 35, 36, 37, 38, 39, 40, 41, 42, 43, 44, 45])İSTANBUL BEYLİKDÜZÜ ATAKENT MAĞAZASI       =koordinat:40.994491,28.62536
BEYLİKDÜZÜ->dict_values([1, 2, 3, 4, 5, 6, 7, 8, 9, 10, 11, 12, 13, 14, 15, 16, 17, 18, 19, 20, 21, 22, 23, 24, 25, 26, 27, 28, 29, 30, 31, 32, 33, 34, 35, 36, 37, 38, 39, 40, 41, 42, 43, 44, 45])İSTANBUL GÜRPINAR KARACAOĞLAN MAĞAZASI     =koordinat:40.98852,28.61622
BEYLİKDÜZÜ->dict_values([1, 2, 3, 4, 5, 6, 7, 8, 9, 10, 11, 12, 13, 14, 15, 16, 17, 18, 19, 20, 21, 22, 23, 24, 25, 26, 27, 28, 29, 30, 31, 32, 33, 34, 35, 36, 37, 38, 39, 40, 41, 42, 43, 44, 45])İSTANBUL BEYLİKDÜZÜ KAVAKLI KANARYA MAĞAZASI=koordinat:40.981599,28.637264
BEYLİKDÜZÜ->dict_values([1, 2, 3, 4, 5, 6, 7, 8, 9, 10, 11, 12, 13, 14, 15, 16, 17, 18, 19, 20, 21, 22, 23, 24, 25, 26, 27, 28, 29, 30, 31, 32, 33, 34, 35, 36, 37, 38, 39, 40, 41, 42, 43, 44, 45])İSTANBUL YAKUPLU GÖNÜL MAĞAZASI            =koordinat:40.993676,28.674453
BEYLİKDÜZÜ->dict_values([1, 2, 3, 4, 5, 6, 7, 8, 9, 10, 11, 12, 13, 14, 15, 16, 17, 18, 19, 20, 21, 22, 23, 24, 25, 26, 27, 28, 29, 30, 31, 32, 33, 34, 35, 36, 37, 38, 39, 40, 41, 42, 43, 44, 45])İSTANBUL BEYLİKDÜZÜ KUŞTEPE MAĞAZASI       =koordinat:40.995646,28.630983
BEYLİKDÜZÜ->dict_values([1, 2, 3, 4, 5, 6, 7, 8, 9, 10, 11, 12, 13, 14, 15, 16, 17, 18, 19, 20, 21, 22, 23, 24, 25, 26, 27, 28, 29, 30, 31, 32, 33, 34, 35, 36, 37, 38, 39, 40, 41, 42, 43, 44, 45])İSTANBUL YAKUPLU MERKEZ CAMİ MAĞAZASI      =koordinat:40.988732,28.668957
BEYLİKDÜZÜ->dict_values([1, 2, 3, 4, 5, 6, 7, 8, 9, 10, 11, 12, 13, 14, 15, 16, 17, 18, 19, 20, 21, 22, 23, 24, 25, 26, 27, 28, 29, 30, 31, 32, 33, 34, 35, 36, 37, 38, 39, 40, 41, 42, 43, 44, 45])İSTANBUL YAKUPLU FATİH SULTAN MAĞAZASI     =koordinat:40.984642,28.672219
BEYLİKDÜZÜ->dict_values([1, 2, 3, 4, 5, 6, 7, 8, 9, 10, 11, 12, 13, 14, 15, 16, 17, 18, 19, 20, 21, 22, 23, 24, 25, 26, 27, 28, 29, 30, 31, 32, 33, 34, 35, 36, 37, 38, 39, 40, 41, 42, 43, 44, 45])ŞOK MİNİ-TAŞDEMİR MAĞAZASI                 =koordinat:41.00552,28.663861
BEYLİKDÜZÜ->dict_values([1, 2, 3, 4, 5, 6, 7, 8, 9, 10, 11, 12, 13, 14, 15, 16, 17, 18, 19, 20, 21, 22, 23, 24, 25, 26, 27, 28, 29, 30, 31, 32, 33, 34, 35, 36, 37, 38, 39, 40, 41, 42, 43, 44, 45])İSTANBUL GÜRPINAR KEMALPAŞA MAĞAZASI       =koordinat:40.99304,28.606073
BEYLİKDÜZÜ->dict_values([1, 2, 3, 4, 5, 6, 7, 8, 9, 10, 11, 12, 13, 14, 15, 16, 17, 18, 19, 20, 21, 22, 23, 24, 25, 26, 27, 28, 29, 30, 31, 32, 33, 34, 35, 36, 37, 38, 39, 40, 41, 42, 43, 44, 45])ŞOK MİNİ-MALİKAĞA MAĞAZASI                 =koordinat:40.990431,28.612349
BEYLİKDÜZÜ->dict_values([1, 2, 3, 4, 5, 6, 7, 8, 9, 10, 11, 12, 13, 14, 15, 16, 17, 18, 19, 20, 21, 22, 23, 24, 25, 26, 27, 28, 29, 30, 31, 32, 33, 34, 35, 36, 37, 38, 39, 40, 41, 42, 43, 44, 45])ŞOK MİNİ-ÇALIŞKAN MAĞAZASI                 =koordinat:40.995642,28.673777
BEYLİKDÜZÜ->dict_values([1, 2, 3, 4, 5, 6, 7, 8, 9, 10, 11, 12, 13, 14, 15, 16, 17, 18, 19, 20, 21, 22, 23, 24, 25, 26, 27, 28, 29, 30, 31, 32, 33, 34, 35, 36, 37, 38, 39, 40, 41, 42, 43, 44, 45])İSTANBUL BEYLİKDÜZÜ ŞELALE EVLERİ MAĞAZASI =koordinat:40.996747,28.619212
BEYLİKDÜZÜ->dict_values([1, 2, 3, 4, 5, 6, 7, 8, 9, 10, 11, 12, 13, 14, 15, 16, 17, 18, 19, 20, 21, 22, 23, 24, 25, 26, 27, 28, 29, 30, 31, 32, 33, 34, 35, 36, 37, 38, 39, 40, 41, 42, 43, 44, 45])İSTANBUL BEYLİKDÜZÜ ERATA MAĞAZASI         =koordinat:40.993442,28.621436
BEYLİKDÜZÜ->dict_values([1, 2, 3, 4, 5, 6, 7, 8, 9, 10, 11, 12, 13, 14, 15, 16, 17, 18, 19, 20, 21, 22, 23, 24, 25, 26, 27, 28, 29, 30, 31, 32, 33, 34, 35, 36, 37, 38, 39, 40, 41, 42, 43, 44, 45])İSTANBUL BEYLİKDÜZÜ ÖZGÜRLÜK MAĞAZASI      =koordinat:40.99072,28.622043
BEYLİKDÜZÜ->dict_values([1, 2, 3, 4, 5, 6, 7, 8, 9, 10, 11, 12, 13, 14, 15, 16, 17, 18, 19, 20, 21, 22, 23, 24, 25, 26, 27, 28, 29, 30, 31, 32, 33, 34, 35, 36, 37, 38, 39, 40, 41, 42, 43, 44, 45])İSTANBUL BEYLİKDÜZÜ ADNAN KAHVECİ MAĞAZASI =koordinat:40.990787,28.626964
BEYLİKDÜZÜ->dict_values([1, 2, 3, 4, 5, 6, 7, 8, 9, 10, 11, 12, 13, 14, 15, 16, 17, 18, 19, 20, 21, 22, 23, 24, 25, 26, 27, 28, 29, 30, 31, 32, 33, 34, 35, 36, 37, 38, 39, 40, 41, 42, 43, 44, 45])İSTANBUL BEYLİKDÜZÜ SERİN PINAR MAĞAZASI   =koordinat:40.987161,28.619615
BEYLİKDÜZÜ->dict_values([1, 2, 3, 4, 5, 6, 7, 8, 9, 10, 11, 12, 13, 14, 15, 16, 17, 18, 19, 20, 21, 22, 23, 24, 25, 26, 27, 28, 29, 30, 31, 32, 33, 34, 35, 36, 37, 38, 39, 40, 41, 42, 43, 44, 45])İSTANBUL BEYLİKDÜZÜ KUZEY MAĞAZASI         =koordinat:40.998852,28.636081
BEYLİKDÜZÜ->dict_values([1, 2, 3, 4, 5, 6, 7, 8, 9, 10, 11, 12, 13, 14, 15, 16, 17, 18, 19, 20, 21, 22, 23, 24, 25, 26, 27, 28, 29, 30, 31, 32, 33, 34, 35, 36, 37, 38, 39, 40, 41, 42, 43, 44, 45])İSTANBUL BEYLİKDÜZÜ DİDEM SOKAK MAĞAZASI   =koordinat:40.980003,28.641019
BEYLİKDÜZÜ->dict_values([1, 2, 3, 4, 5, 6, 7, 8, 9, 10, 11, 12, 13, 14, 15, 16, 17, 18, 19, 20, 21, 22, 23, 24, 25, 26, 27, 28, 29, 30, 31, 32, 33, 34, 35, 36, 37, 38, 39, 40, 41, 42, 43, 44, 45])İSTANBUL BEYLİKDÜZÜ KARAASLAN MAĞAZASI     =koordinat:40.983089,28.637364
BEYLİKDÜZÜ->dict_values([1, 2, 3, 4, 5, 6, 7, 8, 9, 10, 11, 12, 13, 14, 15, 16, 17, 18, 19, 20, 21, 22, 23, 24, 25, 26, 27, 28, 29, 30, 31, 32, 33, 34, 35, 36, 37, 38, 39, 40, 41, 42, 43, 44, 45])İSTANBUL BEYLİKDÜZÜ ERENLER MAĞAZASI       =koordinat:41.005763,28.632255
BEYLİKDÜZÜ->dict_values([1, 2, 3, 4, 5, 6, 7, 8, 9, 10, 11, 12, 13, 14, 15, 16, 17, 18, 19, 20, 21, 22, 23, 24, 25, 26, 27, 28, 29, 30, 31, 32, 33, 34, 35, 36, 37, 38, 39, 40, 41, 42, 43, 44, 45])İSTANBUL BEYLİKDÜZÜ GÜNER MAĞAZASI         =koordinat:41.008933,28.652918
BEYLİKDÜZÜ->dict_values([1, 2, 3, 4, 5, 6, 7, 8, 9, 10, 11, 12, 13, 14, 15, 16, 17, 18, 19, 20, 21, 22, 23, 24, 25, 26, 27, 28, 29, 30, 31, 32, 33, 34, 35, 36, 37, 38, 39, 40, 41, 42, 43, 44, 45])İSTANBUL BEYLİKDÜZÜ ADNAN MENDERES         =koordinat:40.992492,28.609324
BEYLİKDÜZÜ->dict_values([1, 2, 3, 4, 5, 6, 7, 8, 9, 10, 11, 12, 13, 14, 15, 16, 17, 18, 19, 20, 21, 22, 23, 24, 25, 26, 27, 28, 29, 30, 31, 32, 33, 34, 35, 36, 37, 38, 39, 40, 41, 42, 43, 44, 45])BEYLİKDÜZÜ ATER MAĞAZASI                   =koordinat:40.994072,28.669978
BEYLİKDÜZÜ->dict_values([1, 2, 3, 4, 5, 6, 7, 8, 9, 10, 11, 12, 13, 14, 15, 16, 17, 18, 19, 20, 21, 22, 23, 24, 25, 26, 27, 28, 29, 30, 31, 32, 33, 34, 35, 36, 37, 38, 39, 40, 41, 42, 43, 44, 45])ŞOK MİNİ-MEHMET AKİF MAĞAZASI              =koordinat:40.982243,28.655364
BEYLİKDÜZÜ->dict_values([1, 2, 3, 4, 5, 6, 7, 8, 9, 10, 11, 12, 13, 14, 15, 16, 17, 18, 19, 20, 21, 22, 23, 24, 25, 26, 27, 28, 29, 30, 31, 32, 33, 34, 35, 36, 37, 38, 39, 40, 41, 42, 43, 44, 45])YAKUPLU KANZA MAĞAZASI                     =koordinat:40.9861436,28.67422253
BEYLİKDÜZÜ->dict_values([1, 2, 3, 4, 5, 6, 7, 8, 9, 10, 11, 12, 13, 14, 15, 16, 17, 18, 19, 20, 21, 22, 23, 24, 25, 26, 27, 28, 29, 30, 31, 32, 33, 34, 35, 36, 37, 38, 39, 40, 41, 42, 43, 44, 45])BEYLİKDÜZÜ ÖZAL MAĞAZASI                   =koordinat:40.970528,28.635165
BEYLİKDÜZÜ->dict_values([1, 2, 3, 4, 5, 6, 7, 8, 9, 10, 11, 12, 13, 14, 15, 16, 17, 18, 19, 20, 21, 22, 23, 24, 25, 26, 27, 28, 29, 30, 31, 32, 33, 34, 35, 36, 37, 38, 39, 40, 41, 42, 43, 44, 45])BEYLİKDÜZÜ KAMEROĞLU MAĞAZASI              =koordinat:41.01423255,28.63784641
BEYLİKDÜZÜ->dict_values([1, 2, 3, 4, 5, 6, 7, 8, 9, 10, 11, 12, 13, 14, 15, 16, 17, 18, 19, 20, 21, 22, 23, 24, 25, 26, 27, 28, 29, 30, 31, 32, 33, 34, 35, 36, 37, 38, 39, 40, 41, 42, 43, 44, 45])BEYLİKDÜZÜ YAKUPLU PARK MAĞAZASI           =koordinat:40.99760273,28.6725943
BEYLİKDÜZÜ->dict_values([1, 2, 3, 4, 5, 6, 7, 8, 9, 10, 11, 12, 13, 14, 15, 16, 17, 18, 19, 20, 21, 22, 23, 24, 25, 26, 27, 28, 29, 30, 31, 32, 33, 34, 35, 36, 37, 38, 39, 40, 41, 42, 43, 44, 45])BEYLİKDÜZÜ ELİF MAĞAZASI                   =koordinat:40.988827,28.657384
BEYLİKDÜZÜ->dict_values([1, 2, 3, 4, 5, 6, 7, 8, 9, 10, 11, 12, 13, 14, 15, 16, 17, 18, 19, 20, 21, 22, 23, 24, 25, 26, 27, 28, 29, 30, 31, 32, 33, 34, 35, 36, 37, 38, 39, 40, 41, 42, 43, 44, 45])YAKUPLU LOTUS PARK MAĞAZASI                =koordinat:40.982861,28.666897
BEYLİKDÜZÜ->dict_values([1, 2, 3, 4, 5, 6, 7, 8, 9, 10, 11, 12, 13, 14, 15, 16, 17, 18, 19, 20, 21, 22, 23, 24, 25, 26, 27, 28, 29, 30, 31, 32, 33, 34, 35, 36, 37, 38, 39, 40, 41, 42, 43, 44, 45])BEYLİKDÜZÜ ÖZTÜRK MAĞAZASI                 =koordinat:41.004911,28.621274
BEYLİKDÜZÜ->dict_values([1, 2, 3, 4, 5, 6, 7, 8, 9, 10, 11, 12, 13, 14, 15, 16, 17, 18, 19, 20, 21, 22, 23, 24, 25, 26, 27, 28, 29, 30, 31, 32, 33, 34, 35, 36, 37, 38, 39, 40, 41, 42, 43, 44, 45])BEYLİKDÜZÜ ELİT MAĞAZASI                   =koordinat:41.0071,28.6256
BEYLİKDÜZÜ->dict_values([1, 2, 3, 4, 5, 6, 7, 8, 9, 10, 11, 12, 13, 14, 15, 16, 17, 18, 19, 20, 21, 22, 23, 24, 25, 26, 27, 28, 29, 30, 31, 32, 33, 34, 35, 36, 37, 38, 39, 40, 41, 42, 43, 44, 45])ŞOK MİNİ-MELİKŞAH                          =koordinat:40.985916,28.614896
BEYLİKDÜZÜ->dict_values([1, 2, 3, 4, 5, 6, 7, 8, 9, 10, 11, 12, 13, 14, 15, 16, 17, 18, 19, 20, 21, 22, 23, 24, 25, 26, 27, 28, 29, 30, 31, 32, 33, 34, 35, 36, 37, 38, 39, 40, 41, 42, 43, 44, 45])BEYLİKDÜZÜ ADA MAĞAZASI                    =koordinat:40.991473,28.64949
BEYLİKDÜZÜ->dict_values([1, 2, 3, 4, 5, 6, 7, 8, 9, 10, 11, 12, 13, 14, 15, 16, 17, 18, 19, 20, 21, 22, 23, 24, 25, 26, 27, 28, 29, 30, 31, 32, 33, 34, 35, 36, 37, 38, 39, 40, 41, 42, 43, 44, 45])BEYLİKDÜZÜ KONAKKENT MAĞAZASI              =koordinat:40.99587,28.635084
BEYLİKDÜZÜ->dict_values([1, 2, 3, 4, 5, 6, 7, 8, 9, 10, 11, 12, 13, 14, 15, 16, 17, 18, 19, 20, 21, 22, 23, 24, 25, 26, 27, 28, 29, 30, 31, 32, 33, 34, 35, 36, 37, 38, 39, 40, 41, 42, 43, 44, 45])ENVER ADAKAN CAD. MAĞAZASI                 =koordinat:41.0011,28.6473
BEYLİKDÜZÜ->dict_values([1, 2, 3, 4, 5, 6, 7, 8, 9, 10, 11, 12, 13, 14, 15, 16, 17, 18, 19, 20, 21, 22, 23, 24, 25, 26, 27, 28, 29, 30, 31, 32, 33, 34, 35, 36, 37, 38, 39, 40, 41, 42, 43, 44, 45])YAKUPLU ÇAKMAK MAĞAZASI                    =koordinat:40.988021,28.675421
BEYLİKDÜZÜ->dict_values([1, 2, 3, 4, 5, 6, 7, 8, 9, 10, 11, 12, 13, 14, 15, 16, 17, 18, 19, 20, 21, 22, 23, 24, 25, 26, 27, 28, 29, 30, 31, 32, 33, 34, 35, 36, 37, 38, 39, 40, 41, 42, 43, 44, 45])YAKUPLU KARDELEN MAĞAZASI                  =koordinat:40.980133,28.66495
BEYLİKDÜZÜ->dict_values([1, 2, 3, 4, 5, 6, 7, 8, 9, 10, 11, 12, 13, 14, 15, 16, 17, 18, 19, 20, 21, 22, 23, 24, 25, 26, 27, 28, 29, 30, 31, 32, 33, 34, 35, 36, 37, 38, 39, 40, 41, 42, 43, 44, 45])BEYLİKDÜZÜ REŞİTPAŞA MAĞAZASI              =koordinat:40.994682,28.619713
BEYLİKDÜZÜ->dict_values([1, 2, 3, 4, 5, 6, 7, 8, 9, 10, 11, 12, 13, 14, 15, 16, 17, 18, 19, 20, 21, 22, 23, 24, 25, 26, 27, 28, 29, 30, 31, 32, 33, 34, 35, 36, 37, 38, 39, 40, 41, 42, 43, 44, 45])BEYLİKDÜZÜ GÜMÜŞ MAĞAZASI                  =koordinat:40.997907,28.61645
BEYLİKDÜZÜ->dict_values([1, 2, 3, 4, 5, 6, 7, 8, 9, 10, 11, 12, 13, 14, 15, 16, 17, 18, 19, 20, 21, 22, 23, 24, 25, 26, 27, 28, 29, 30, 31, 32, 33, 34, 35, 36, 37, 38, 39, 40, 41, 42, 43, 44, 45])KAVAKLI BUĞLEM MAĞAZASI                    =koordinat:40.982374,28.641577
BEYLİKDÜZÜ->dict_values([1, 2, 3, 4, 5, 6, 7, 8, 9, 10, 11, 12, 13, 14, 15, 16, 17, 18, 19, 20, 21, 22, 23, 24, 25, 26, 27, 28, 29, 30, 31, 32, 33, 34, 35, 36, 37, 38, 39, 40, 41, 42, 43, 44, 45])BEYLİKDÜZÜ HEKİM MAĞAZASI                  =koordinat:41.012538,28.646802
BEYLİKDÜZÜ->dict_values([1, 2, 3, 4, 5, 6, 7, 8, 9, 10, 11, 12, 13, 14, 15, 16, 17, 18, 19, 20, 21, 22, 23, 24, 25, 26, 27, 28, 29, 30, 31, 32, 33, 34, 35, 36, 37, 38, 39, 40, 41, 42, 43, 44, 45])İSTANBUL BEYLİKDÜZÜ YEŞİLYURT MAĞAZASI     =koordinat:40.981769,28.657378
BEYLİKDÜZÜ->dict_values([1, 2, 3, 4, 5, 6, 7, 8, 9, 10, 11, 12, 13, 14, 15, 16, 17, 18, 19, 20, 21, 22, 23, 24, 25, 26, 27, 28, 29, 30, 31, 32, 33, 34, 35, 36, 37, 38, 39, 40, 41, 42, 43, 44, 45])İSTANBUL BEYLİKDÜZÜ GÜRPINAR MEYDAN MAĞAZASI=koordinat:40.992179,28.614199
BEYLİKDÜZÜ->dict_values([1, 2, 3, 4, 5, 6, 7, 8, 9, 10, 11, 12, 13, 14, 15, 16, 17, 18, 19, 20, 21, 22, 23, 24, 25, 26, 27, 28, 29, 30, 31, 32, 33, 34, 35, 36, 37, 38, 39, 40, 41, 42, 43, 44, 45])BEYLİKDÜZÜ BAKIRCILAR                      =koordinat:41.0062184,28.6612926
BEYLİKDÜZÜ->dict_values([1, 2, 3, 4, 5, 6, 7, 8, 9, 10, 11, 12, 13, 14, 15, 16, 17, 18, 19, 20, 21, 22, 23, 24, 25, 26, 27, 28, 29, 30, 31, 32, 33, 34, 35, 36, 37, 38, 39, 40, 41, 42, 43, 44, 45])YAKUPLU MEHMETPAŞA MAĞAZASI                =koordinat:40.980218,28.658273
BEYLİKDÜZÜ->dict_values([1, 2, 3, 4, 5, 6, 7, 8, 9, 10, 11, 12, 13, 14, 15, 16, 17, 18, 19, 20, 21, 22, 23, 24, 25, 26, 27, 28, 29, 30, 31, 32, 33, 34, 35, 36, 37, 38, 39, 40, 41, 42, 43, 44, 45])BEYLİKDÜZÜ FİRUZE MAĞAZASI                 =koordinat:40.979823,28.629987
BEYLİKDÜZÜ->dict_values([1, 2, 3, 4, 5, 6, 7, 8, 9, 10, 11, 12, 13, 14, 15, 16, 17, 18, 19, 20, 21, 22, 23, 24, 25, 26, 27, 28, 29, 30, 31, 32, 33, 34, 35, 36, 37, 38, 39, 40, 41, 42, 43, 44, 45])SELANİK CADDESİ MAĞAZASI                   =koordinat:40.985329,28.680305
BEYLİKDÜZÜ->dict_values([1, 2, 3, 4, 5, 6, 7, 8, 9, 10, 11, 12, 13, 14, 15, 16, 17, 18, 19, 20, 21, 22, 23, 24, 25, 26, 27, 28, 29, 30, 31, 32, 33, 34, 35, 36, 37, 38, 39, 40, 41, 42, 43, 44, 45])BEYLİKDÜZÜ OLİMPİYAT MAĞAZASI              =koordinat:40.98855,28.660299
BEYLİKDÜZÜ->dict_values([1, 2, 3, 4, 5, 6, 7, 8, 9, 10, 11, 12, 13, 14, 15, 16, 17, 18, 19, 20, 21, 22, 23, 24, 25, 26, 27, 28, 29, 30, 31, 32, 33, 34, 35, 36, 37, 38, 39, 40, 41, 42, 43, 44, 45])YAKUPLU MERT MAĞAZASI                      =koordinat:40.99523697,28.67151216
BEYLİKDÜZÜ->dict_values([1, 2, 3, 4, 5, 6, 7, 8, 9, 10, 11, 12, 13, 14, 15, 16, 17, 18, 19, 20, 21, 22, 23, 24, 25, 26, 27, 28, 29, 30, 31, 32, 33, 34, 35, 36, 37, 38, 39, 40, 41, 42, 43, 44, 45])YAKUPLU DEMOKRASİ MAĞAZASI                 =koordinat:40.9727,28.6412
BEYLİKDÜZÜ->dict_values([1, 2, 3, 4, 5, 6, 7, 8, 9, 10, 11, 12, 13, 14, 15, 16, 17, 18, 19, 20, 21, 22, 23, 24, 25, 26, 27, 28, 29, 30, 31, 32, 33, 34, 35, 36, 37, 38, 39, 40, 41, 42, 43, 44, 45])YAKUPLU KOCATEPE MAĞAZASI                  =koordinat:40.9787,38.8767
BEYOĞLU->dict_values([1, 2, 3, 4, 5, 6, 7, 8, 9, 10, 11, 12, 13, 14, 15, 16, 17, 18, 19, 20, 21, 22, 23, 24, 25, 26, 27, 28, 29, 30, 31, 32, 33, 34, 35, 36, 37, 38, 39, 40, 41, 42, 43, 44, 45])İSTANBUL BEYOĞLU KAPTANPAŞA MAĞAZASI       =koordinat:41.043607,28.963534
BEYOĞLU->dict_values([1, 2, 3, 4, 5, 6, 7, 8, 9, 10, 11, 12, 13, 14, 15, 16, 17, 18, 19, 20, 21, 22, 23, 24, 25, 26, 27, 28, 29, 30, 31, 32, 33, 34, 35, 36, 37, 38, 39, 40, 41, 42, 43, 44, 45])İSTANBUL BEYOĞLU SÜTLÜCE MAĞAZASI          =koordinat:41.051156,28.94431
BEYOĞLU->dict_values([1, 2, 3, 4, 5, 6, 7, 8, 9, 10, 11, 12, 13, 14, 15, 16, 17, 18, 19, 20, 21, 22, 23, 24, 25, 26, 27, 28, 29, 30, 31, 32, 33, 34, 35, 36, 37, 38, 39, 40, 41, 42, 43, 44, 45])İSTANBUL OKMEYDANI PİYALEPAŞA MAĞAZASI     =koordinat:41.0386,28.9655
BEYOĞLU->dict_values([1, 2, 3, 4, 5, 6, 7, 8, 9, 10, 11, 12, 13, 14, 15, 16, 17, 18, 19, 20, 21, 22, 23, 24, 25, 26, 27, 28, 29, 30, 31, 32, 33, 34, 35, 36, 37, 38, 39, 40, 41, 42, 43, 44, 45])İSTANBUL BEYOĞLU GALATASARAY MAĞAZASI      =koordinat:41.033688,28.979077
BEYOĞLU->dict_values([1, 2, 3, 4, 5, 6, 7, 8, 9, 10, 11, 12, 13, 14, 15, 16, 17, 18, 19, 20, 21, 22, 23, 24, 25, 26, 27, 28, 29, 30, 31, 32, 33, 34, 35, 36, 37, 38, 39, 40, 41, 42, 43, 44, 45])İSTANBUL KASIMPASA MAĞAZASI                =koordinat:41.0352,28.9669
BEYOĞLU->dict_values([1, 2, 3, 4, 5, 6, 7, 8, 9, 10, 11, 12, 13, 14, 15, 16, 17, 18, 19, 20, 21, 22, 23, 24, 25, 26, 27, 28, 29, 30, 31, 32, 33, 34, 35, 36, 37, 38, 39, 40, 41, 42, 43, 44, 45])İSTANBUL BEREKETZADE GALATA MAĞAZASI       =koordinat:41.025975,28.97481
BEYOĞLU->dict_values([1, 2, 3, 4, 5, 6, 7, 8, 9, 10, 11, 12, 13, 14, 15, 16, 17, 18, 19, 20, 21, 22, 23, 24, 25, 26, 27, 28, 29, 30, 31, 32, 33, 34, 35, 36, 37, 38, 39, 40, 41, 42, 43, 44, 45])İSTANBUL KULOĞLU CİHANGİR MAĞAZASI         =koordinat:41.0314,28.9826
BEYOĞLU->dict_values([1, 2, 3, 4, 5, 6, 7, 8, 9, 10, 11, 12, 13, 14, 15, 16, 17, 18, 19, 20, 21, 22, 23, 24, 25, 26, 27, 28, 29, 30, 31, 32, 33, 34, 35, 36, 37, 38, 39, 40, 41, 42, 43, 44, 45])İSTANBUL KALYONCU TARLABASI MAĞAZASI       =koordinat:41.036355,28.977047
BEYOĞLU->dict_values([1, 2, 3, 4, 5, 6, 7, 8, 9, 10, 11, 12, 13, 14, 15, 16, 17, 18, 19, 20, 21, 22, 23, 24, 25, 26, 27, 28, 29, 30, 31, 32, 33, 34, 35, 36, 37, 38, 39, 40, 41, 42, 43, 44, 45])İSTANBUL KARAKOY MAĞAZASI                  =koordinat:41.024089,28.978472
BEYOĞLU->dict_values([1, 2, 3, 4, 5, 6, 7, 8, 9, 10, 11, 12, 13, 14, 15, 16, 17, 18, 19, 20, 21, 22, 23, 24, 25, 26, 27, 28, 29, 30, 31, 32, 33, 34, 35, 36, 37, 38, 39, 40, 41, 42, 43, 44, 45])İSTANBUL HOCAZADE TAKSİM MAĞAZASI          =koordinat:41.033761,28.98358
BEYOĞLU->dict_values([1, 2, 3, 4, 5, 6, 7, 8, 9, 10, 11, 12, 13, 14, 15, 16, 17, 18, 19, 20, 21, 22, 23, 24, 25, 26, 27, 28, 29, 30, 31, 32, 33, 34, 35, 36, 37, 38, 39, 40, 41, 42, 43, 44, 45])İSTANBUL CİHANGİR MAĞAZASI                 =koordinat:41.0307,28.9869
BEYOĞLU->dict_values([1, 2, 3, 4, 5, 6, 7, 8, 9, 10, 11, 12, 13, 14, 15, 16, 17, 18, 19, 20, 21, 22, 23, 24, 25, 26, 27, 28, 29, 30, 31, 32, 33, 34, 35, 36, 37, 38, 39, 40, 41, 42, 43, 44, 45])İSTANBUL HÜSEYİNAĞA TARLABAŞI MAĞAZASI     =koordinat:41.036081,28.979324
BEYOĞLU->dict_values([1, 2, 3, 4, 5, 6, 7, 8, 9, 10, 11, 12, 13, 14, 15, 16, 17, 18, 19, 20, 21, 22, 23, 24, 25, 26, 27, 28, 29, 30, 31, 32, 33, 34, 35, 36, 37, 38, 39, 40, 41, 42, 43, 44, 45])İSTANBUL TALIMHANE MAĞAZASI                =koordinat:41.040047,28.983033
BEYOĞLU->dict_values([1, 2, 3, 4, 5, 6, 7, 8, 9, 10, 11, 12, 13, 14, 15, 16, 17, 18, 19, 20, 21, 22, 23, 24, 25, 26, 27, 28, 29, 30, 31, 32, 33, 34, 35, 36, 37, 38, 39, 40, 41, 42, 43, 44, 45])İSTANBUL ÖMER AVNİ GÜMÜŞSUYU MAĞAZASI      =koordinat:41.037248,28.992909
BEYOĞLU->dict_values([1, 2, 3, 4, 5, 6, 7, 8, 9, 10, 11, 12, 13, 14, 15, 16, 17, 18, 19, 20, 21, 22, 23, 24, 25, 26, 27, 28, 29, 30, 31, 32, 33, 34, 35, 36, 37, 38, 39, 40, 41, 42, 43, 44, 45])İSTANBUL ÖMER HAYYAM MAĞAZASI              =koordinat:41.03701,28.97493
BEYOĞLU->dict_values([1, 2, 3, 4, 5, 6, 7, 8, 9, 10, 11, 12, 13, 14, 15, 16, 17, 18, 19, 20, 21, 22, 23, 24, 25, 26, 27, 28, 29, 30, 31, 32, 33, 34, 35, 36, 37, 38, 39, 40, 41, 42, 43, 44, 45])İSTANBUL SAFA MEYDANI MAĞAZASI             =koordinat:41.043538,28.976245
BEYOĞLU->dict_values([1, 2, 3, 4, 5, 6, 7, 8, 9, 10, 11, 12, 13, 14, 15, 16, 17, 18, 19, 20, 21, 22, 23, 24, 25, 26, 27, 28, 29, 30, 31, 32, 33, 34, 35, 36, 37, 38, 39, 40, 41, 42, 43, 44, 45])İSTANBUL KASIMPAŞA BAHARİYE MAĞAZASI       =koordinat:41.033793,28.969917
BEYOĞLU->dict_values([1, 2, 3, 4, 5, 6, 7, 8, 9, 10, 11, 12, 13, 14, 15, 16, 17, 18, 19, 20, 21, 22, 23, 24, 25, 26, 27, 28, 29, 30, 31, 32, 33, 34, 35, 36, 37, 38, 39, 40, 41, 42, 43, 44, 45])İSTANBUL OKMEYDANI FSM MAĞAZASI            =koordinat:41.047888,28.958478
BEYOĞLU->dict_values([1, 2, 3, 4, 5, 6, 7, 8, 9, 10, 11, 12, 13, 14, 15, 16, 17, 18, 19, 20, 21, 22, 23, 24, 25, 26, 27, 28, 29, 30, 31, 32, 33, 34, 35, 36, 37, 38, 39, 40, 41, 42, 43, 44, 45])İSTANBUL OSMANOĞLU MAĞAZASI                =koordinat:41.052071,28.959752
BEYOĞLU->dict_values([1, 2, 3, 4, 5, 6, 7, 8, 9, 10, 11, 12, 13, 14, 15, 16, 17, 18, 19, 20, 21, 22, 23, 24, 25, 26, 27, 28, 29, 30, 31, 32, 33, 34, 35, 36, 37, 38, 39, 40, 41, 42, 43, 44, 45])İSTANBUL BEYOĞLU SÜTLÜCE TAVCI MAĞAZASI    =koordinat:41.050542,28.941851
BEYOĞLU->dict_values([1, 2, 3, 4, 5, 6, 7, 8, 9, 10, 11, 12, 13, 14, 15, 16, 17, 18, 19, 20, 21, 22, 23, 24, 25, 26, 27, 28, 29, 30, 31, 32, 33, 34, 35, 36, 37, 38, 39, 40, 41, 42, 43, 44, 45])İSTANBUL BEYOĞLU SERDAR ÖMER MAĞAZASI      =koordinat:41.039011,28.977714
BEYOĞLU->dict_values([1, 2, 3, 4, 5, 6, 7, 8, 9, 10, 11, 12, 13, 14, 15, 16, 17, 18, 19, 20, 21, 22, 23, 24, 25, 26, 27, 28, 29, 30, 31, 32, 33, 34, 35, 36, 37, 38, 39, 40, 41, 42, 43, 44, 45])İSTANBUL KASIMPAŞA KADI MEHMET MAĞAZASI    =koordinat:41.0325064,28.963045
BEYOĞLU->dict_values([1, 2, 3, 4, 5, 6, 7, 8, 9, 10, 11, 12, 13, 14, 15, 16, 17, 18, 19, 20, 21, 22, 23, 24, 25, 26, 27, 28, 29, 30, 31, 32, 33, 34, 35, 36, 37, 38, 39, 40, 41, 42, 43, 44, 45])ŞOK MİNİ-KASIMPAŞA MAĞAZASI                =koordinat:41.032045,28.971309
BEYOĞLU->dict_values([1, 2, 3, 4, 5, 6, 7, 8, 9, 10, 11, 12, 13, 14, 15, 16, 17, 18, 19, 20, 21, 22, 23, 24, 25, 26, 27, 28, 29, 30, 31, 32, 33, 34, 35, 36, 37, 38, 39, 40, 41, 42, 43, 44, 45])İSTANBUL OKÇULAR TEKKESİ DÖRT YOL MAĞAZASI =koordinat:41.04301,28.959757
BEYOĞLU->dict_values([1, 2, 3, 4, 5, 6, 7, 8, 9, 10, 11, 12, 13, 14, 15, 16, 17, 18, 19, 20, 21, 22, 23, 24, 25, 26, 27, 28, 29, 30, 31, 32, 33, 34, 35, 36, 37, 38, 39, 40, 41, 42, 43, 44, 45])İSTANBUL BEYOĞLU SÜTLÜCE BADEMLİK MAĞAZASI =koordinat:41.050531,28.941867
BEYOĞLU->dict_values([1, 2, 3, 4, 5, 6, 7, 8, 9, 10, 11, 12, 13, 14, 15, 16, 17, 18, 19, 20, 21, 22, 23, 24, 25, 26, 27, 28, 29, 30, 31, 32, 33, 34, 35, 36, 37, 38, 39, 40, 41, 42, 43, 44, 45])İSTANBUL HASKÖY GÜR MAĞAZASI               =koordinat:41.04511,28.952802
BEYOĞLU->dict_values([1, 2, 3, 4, 5, 6, 7, 8, 9, 10, 11, 12, 13, 14, 15, 16, 17, 18, 19, 20, 21, 22, 23, 24, 25, 26, 27, 28, 29, 30, 31, 32, 33, 34, 35, 36, 37, 38, 39, 40, 41, 42, 43, 44, 45])ŞOK MİNİ-NALINCI MAĞAZASI                  =koordinat:41.036597,28.965223
BEYOĞLU->dict_values([1, 2, 3, 4, 5, 6, 7, 8, 9, 10, 11, 12, 13, 14, 15, 16, 17, 18, 19, 20, 21, 22, 23, 24, 25, 26, 27, 28, 29, 30, 31, 32, 33, 34, 35, 36, 37, 38, 39, 40, 41, 42, 43, 44, 45])ŞOK MİNİ-HASBAHÇE MAĞAZASI                 =koordinat:41.038015,28.957686
BEYOĞLU->dict_values([1, 2, 3, 4, 5, 6, 7, 8, 9, 10, 11, 12, 13, 14, 15, 16, 17, 18, 19, 20, 21, 22, 23, 24, 25, 26, 27, 28, 29, 30, 31, 32, 33, 34, 35, 36, 37, 38, 39, 40, 41, 42, 43, 44, 45])ŞOK MİNİ HARMANCI YENİ MAĞAZASI            =koordinat:41.044717,28.947928
BEYOĞLU->dict_values([1, 2, 3, 4, 5, 6, 7, 8, 9, 10, 11, 12, 13, 14, 15, 16, 17, 18, 19, 20, 21, 22, 23, 24, 25, 26, 27, 28, 29, 30, 31, 32, 33, 34, 35, 36, 37, 38, 39, 40, 41, 42, 43, 44, 45])İSTANBUL PİYALEPAŞA ZİNCİRLİKUYU           =koordinat:41.03984,28.965296
BEYOĞLU->dict_values([1, 2, 3, 4, 5, 6, 7, 8, 9, 10, 11, 12, 13, 14, 15, 16, 17, 18, 19, 20, 21, 22, 23, 24, 25, 26, 27, 28, 29, 30, 31, 32, 33, 34, 35, 36, 37, 38, 39, 40, 41, 42, 43, 44, 45])İSTANBUL HALICIOĞLU ÇIKSALIN MAĞAZASI      =koordinat:41.047524,28.950187
BEYOĞLU->dict_values([1, 2, 3, 4, 5, 6, 7, 8, 9, 10, 11, 12, 13, 14, 15, 16, 17, 18, 19, 20, 21, 22, 23, 24, 25, 26, 27, 28, 29, 30, 31, 32, 33, 34, 35, 36, 37, 38, 39, 40, 41, 42, 43, 44, 45])İSTANBUL ASMALIMESCİT TEPEBAŞI MAĞAZASI    =koordinat:41.029524,28.97312
BEYOĞLU->dict_values([1, 2, 3, 4, 5, 6, 7, 8, 9, 10, 11, 12, 13, 14, 15, 16, 17, 18, 19, 20, 21, 22, 23, 24, 25, 26, 27, 28, 29, 30, 31, 32, 33, 34, 35, 36, 37, 38, 39, 40, 41, 42, 43, 44, 45])TOPHANE MAĞAZASI                           =koordinat:41.02923643,28.9795236
BEYOĞLU->dict_values([1, 2, 3, 4, 5, 6, 7, 8, 9, 10, 11, 12, 13, 14, 15, 16, 17, 18, 19, 20, 21, 22, 23, 24, 25, 26, 27, 28, 29, 30, 31, 32, 33, 34, 35, 36, 37, 38, 39, 40, 41, 42, 43, 44, 45])KASIMPAŞA PEÇE MAĞAZASI                    =koordinat:41.041308,28.966078
BEYOĞLU->dict_values([1, 2, 3, 4, 5, 6, 7, 8, 9, 10, 11, 12, 13, 14, 15, 16, 17, 18, 19, 20, 21, 22, 23, 24, 25, 26, 27, 28, 29, 30, 31, 32, 33, 34, 35, 36, 37, 38, 39, 40, 41, 42, 43, 44, 45])İSTANBUL BEYOĞLU SIRASELVİ MAĞAZASI        =koordinat:41.033755,28.984251
BEYOĞLU->dict_values([1, 2, 3, 4, 5, 6, 7, 8, 9, 10, 11, 12, 13, 14, 15, 16, 17, 18, 19, 20, 21, 22, 23, 24, 25, 26, 27, 28, 29, 30, 31, 32, 33, 34, 35, 36, 37, 38, 39, 40, 41, 42, 43, 44, 45])BEYOĞLU MALTIZ MAĞAZASI                    =koordinat:41.048915,28.949339
BEYOĞLU->dict_values([1, 2, 3, 4, 5, 6, 7, 8, 9, 10, 11, 12, 13, 14, 15, 16, 17, 18, 19, 20, 21, 22, 23, 24, 25, 26, 27, 28, 29, 30, 31, 32, 33, 34, 35, 36, 37, 38, 39, 40, 41, 42, 43, 44, 45])OKMEYDANI KUZEY SOKAK MAĞAZASI             =koordinat:41.050291,28.960197
BEYOĞLU->dict_values([1, 2, 3, 4, 5, 6, 7, 8, 9, 10, 11, 12, 13, 14, 15, 16, 17, 18, 19, 20, 21, 22, 23, 24, 25, 26, 27, 28, 29, 30, 31, 32, 33, 34, 35, 36, 37, 38, 39, 40, 41, 42, 43, 44, 45])BEYOĞLU İSTİKLAL MAĞAZASI                  =koordinat:41.034957,28.97841
BEYOĞLU->dict_values([1, 2, 3, 4, 5, 6, 7, 8, 9, 10, 11, 12, 13, 14, 15, 16, 17, 18, 19, 20, 21, 22, 23, 24, 25, 26, 27, 28, 29, 30, 31, 32, 33, 34, 35, 36, 37, 38, 39, 40, 41, 42, 43, 44, 45])OKMEYDANI SEYHAN MAĞAZASI                  =koordinat:41.044077,28.957755
BEYOĞLU->dict_values([1, 2, 3, 4, 5, 6, 7, 8, 9, 10, 11, 12, 13, 14, 15, 16, 17, 18, 19, 20, 21, 22, 23, 24, 25, 26, 27, 28, 29, 30, 31, 32, 33, 34, 35, 36, 37, 38, 39, 40, 41, 42, 43, 44, 45])BEYOĞLU ATİF YILMAZ CAD MAĞAZASI           =koordinat:41.03576213,28.98007068
BEYOĞLU->dict_values([1, 2, 3, 4, 5, 6, 7, 8, 9, 10, 11, 12, 13, 14, 15, 16, 17, 18, 19, 20, 21, 22, 23, 24, 25, 26, 27, 28, 29, 30, 31, 32, 33, 34, 35, 36, 37, 38, 39, 40, 41, 42, 43, 44, 45])ŞİŞHANE OKÇU MUSA MAĞAZASI                 =koordinat:41.0258,28.972049
BEYOĞLU->dict_values([1, 2, 3, 4, 5, 6, 7, 8, 9, 10, 11, 12, 13, 14, 15, 16, 17, 18, 19, 20, 21, 22, 23, 24, 25, 26, 27, 28, 29, 30, 31, 32, 33, 34, 35, 36, 37, 38, 39, 40, 41, 42, 43, 44, 45])KASIMPAŞA MEYDAN MAĞAZASI                  =koordinat:41.0323738,28.96831017
BEYOĞLU->dict_values([1, 2, 3, 4, 5, 6, 7, 8, 9, 10, 11, 12, 13, 14, 15, 16, 17, 18, 19, 20, 21, 22, 23, 24, 25, 26, 27, 28, 29, 30, 31, 32, 33, 34, 35, 36, 37, 38, 39, 40, 41, 42, 43, 44, 45])KASIMPAŞA ALBAYRAK MAĞAZASI                =koordinat:41.035091,28.964029
BEYOĞLU->dict_values([1, 2, 3, 4, 5, 6, 7, 8, 9, 10, 11, 12, 13, 14, 15, 16, 17, 18, 19, 20, 21, 22, 23, 24, 25, 26, 27, 28, 29, 30, 31, 32, 33, 34, 35, 36, 37, 38, 39, 40, 41, 42, 43, 44, 45])KULAKSIZ CADDESİ MAĞAZASI                  =koordinat:41.037702,28.96351
BEYOĞLU->dict_values([1, 2, 3, 4, 5, 6, 7, 8, 9, 10, 11, 12, 13, 14, 15, 16, 17, 18, 19, 20, 21, 22, 23, 24, 25, 26, 27, 28, 29, 30, 31, 32, 33, 34, 35, 36, 37, 38, 39, 40, 41, 42, 43, 44, 45])ŞOK MİNİ-KURTOGLU MAĞAZASI                 =koordinat:41.042575,29
BEYOĞLU->dict_values([1, 2, 3, 4, 5, 6, 7, 8, 9, 10, 11, 12, 13, 14, 15, 16, 17, 18, 19, 20, 21, 22, 23, 24, 25, 26, 27, 28, 29, 30, 31, 32, 33, 34, 35, 36, 37, 38, 39, 40, 41, 42, 43, 44, 45])BEYOĞLU KUMBARACI YOKUŞU MAĞAZASI          =koordinat:41.0298,28.9787
BÜYÜKÇEKMECE->dict_values([1, 2, 3, 4, 5, 6, 7, 8, 9, 10, 11, 12, 13, 14, 15, 16, 17, 18, 19, 20, 21, 22, 23, 24, 25, 26, 27, 28, 29, 30, 31, 32, 33, 34, 35, 36, 37, 38, 39, 40, 41, 42, 43, 44, 45])İSTANBUL KUMBURGAZ MAĞAZASI                =koordinat:41.032304,28.451449
BÜYÜKÇEKMECE->dict_values([1, 2, 3, 4, 5, 6, 7, 8, 9, 10, 11, 12, 13, 14, 15, 16, 17, 18, 19, 20, 21, 22, 23, 24, 25, 26, 27, 28, 29, 30, 31, 32, 33, 34, 35, 36, 37, 38, 39, 40, 41, 42, 43, 44, 45])İSTANBUL BÜYÜKÇEKMECE MAĞAZASI             =koordinat:41.021171,28.581295
BÜYÜKÇEKMECE->dict_values([1, 2, 3, 4, 5, 6, 7, 8, 9, 10, 11, 12, 13, 14, 15, 16, 17, 18, 19, 20, 21, 22, 23, 24, 25, 26, 27, 28, 29, 30, 31, 32, 33, 34, 35, 36, 37, 38, 39, 40, 41, 42, 43, 44, 45])İSTANBUL KAMİLOBA MAĞAZASI                 =koordinat:41.038643,28.432043
BÜYÜKÇEKMECE->dict_values([1, 2, 3, 4, 5, 6, 7, 8, 9, 10, 11, 12, 13, 14, 15, 16, 17, 18, 19, 20, 21, 22, 23, 24, 25, 26, 27, 28, 29, 30, 31, 32, 33, 34, 35, 36, 37, 38, 39, 40, 41, 42, 43, 44, 45])İSTANBUL BÜYÜKÇEKMECE CELALİYE MAĞAZASI    =koordinat:41.050592,28.417685
BÜYÜKÇEKMECE->dict_values([1, 2, 3, 4, 5, 6, 7, 8, 9, 10, 11, 12, 13, 14, 15, 16, 17, 18, 19, 20, 21, 22, 23, 24, 25, 26, 27, 28, 29, 30, 31, 32, 33, 34, 35, 36, 37, 38, 39, 40, 41, 42, 43, 44, 45])İSTANBUL SINANOBA EMLAK BANKASI MAĞAZASI   =koordinat:40.996749,28.537033
BÜYÜKÇEKMECE->dict_values([1, 2, 3, 4, 5, 6, 7, 8, 9, 10, 11, 12, 13, 14, 15, 16, 17, 18, 19, 20, 21, 22, 23, 24, 25, 26, 27, 28, 29, 30, 31, 32, 33, 34, 35, 36, 37, 38, 39, 40, 41, 42, 43, 44, 45])İSTANBUL TEPECİK MAĞAZASI                  =koordinat:41.013825,28.536357
BÜYÜKÇEKMECE->dict_values([1, 2, 3, 4, 5, 6, 7, 8, 9, 10, 11, 12, 13, 14, 15, 16, 17, 18, 19, 20, 21, 22, 23, 24, 25, 26, 27, 28, 29, 30, 31, 32, 33, 34, 35, 36, 37, 38, 39, 40, 41, 42, 43, 44, 45])İSTANBUL B.ÇEKMECE DİZDARİYE MAĞAZASI      =koordinat:41.02381,28.579999
BÜYÜKÇEKMECE->dict_values([1, 2, 3, 4, 5, 6, 7, 8, 9, 10, 11, 12, 13, 14, 15, 16, 17, 18, 19, 20, 21, 22, 23, 24, 25, 26, 27, 28, 29, 30, 31, 32, 33, 34, 35, 36, 37, 38, 39, 40, 41, 42, 43, 44, 45])İSTANBUL MİMARSİNAN MAĞAZASI               =koordinat:41.015588,28.560352
BÜYÜKÇEKMECE->dict_values([1, 2, 3, 4, 5, 6, 7, 8, 9, 10, 11, 12, 13, 14, 15, 16, 17, 18, 19, 20, 21, 22, 23, 24, 25, 26, 27, 28, 29, 30, 31, 32, 33, 34, 35, 36, 37, 38, 39, 40, 41, 42, 43, 44, 45])İSTANBUL TEPECİK ULUS MAĞAZASI             =koordinat:41.025779,28.545114
BÜYÜKÇEKMECE->dict_values([1, 2, 3, 4, 5, 6, 7, 8, 9, 10, 11, 12, 13, 14, 15, 16, 17, 18, 19, 20, 21, 22, 23, 24, 25, 26, 27, 28, 29, 30, 31, 32, 33, 34, 35, 36, 37, 38, 39, 40, 41, 42, 43, 44, 45])İSTANBUL PINARTEPE ALBATROS MAĞAZASI       =koordinat:41.005917,28.602044
BÜYÜKÇEKMECE->dict_values([1, 2, 3, 4, 5, 6, 7, 8, 9, 10, 11, 12, 13, 14, 15, 16, 17, 18, 19, 20, 21, 22, 23, 24, 25, 26, 27, 28, 29, 30, 31, 32, 33, 34, 35, 36, 37, 38, 39, 40, 41, 42, 43, 44, 45])İSTANBUL BÜYÜKÇEKMECE TÜRKOBA MAĞAZASI     =koordinat:41.033607,28.522745
BÜYÜKÇEKMECE->dict_values([1, 2, 3, 4, 5, 6, 7, 8, 9, 10, 11, 12, 13, 14, 15, 16, 17, 18, 19, 20, 21, 22, 23, 24, 25, 26, 27, 28, 29, 30, 31, 32, 33, 34, 35, 36, 37, 38, 39, 40, 41, 42, 43, 44, 45])İSTANBUL BEYKENT AKSU MAĞAZASI             =koordinat:41.000855,28.616477
BÜYÜKÇEKMECE->dict_values([1, 2, 3, 4, 5, 6, 7, 8, 9, 10, 11, 12, 13, 14, 15, 16, 17, 18, 19, 20, 21, 22, 23, 24, 25, 26, 27, 28, 29, 30, 31, 32, 33, 34, 35, 36, 37, 38, 39, 40, 41, 42, 43, 44, 45])İSTANBUL KUMBURGAZ GÜZELCE MAĞAZASI        =koordinat:40.999612,28.512121
BÜYÜKÇEKMECE->dict_values([1, 2, 3, 4, 5, 6, 7, 8, 9, 10, 11, 12, 13, 14, 15, 16, 17, 18, 19, 20, 21, 22, 23, 24, 25, 26, 27, 28, 29, 30, 31, 32, 33, 34, 35, 36, 37, 38, 39, 40, 41, 42, 43, 44, 45])İSTANBUL MİMAROBA ÇARMIKLI MAĞAZASI        =koordinat:41.002903,28.532173
BÜYÜKÇEKMECE->dict_values([1, 2, 3, 4, 5, 6, 7, 8, 9, 10, 11, 12, 13, 14, 15, 16, 17, 18, 19, 20, 21, 22, 23, 24, 25, 26, 27, 28, 29, 30, 31, 32, 33, 34, 35, 36, 37, 38, 39, 40, 41, 42, 43, 44, 45])İSTANBUL BÜYÜKÇEKMECE YOLDAŞ MAĞAZASI      =koordinat:41.013628,28.598995
BÜYÜKÇEKMECE->dict_values([1, 2, 3, 4, 5, 6, 7, 8, 9, 10, 11, 12, 13, 14, 15, 16, 17, 18, 19, 20, 21, 22, 23, 24, 25, 26, 27, 28, 29, 30, 31, 32, 33, 34, 35, 36, 37, 38, 39, 40, 41, 42, 43, 44, 45])İSTANBUL BÜYÜKÇEKMECE YILDIRIM BEYAZIT MAĞAZASI=koordinat:41.011714,28.550712
BÜYÜKÇEKMECE->dict_values([1, 2, 3, 4, 5, 6, 7, 8, 9, 10, 11, 12, 13, 14, 15, 16, 17, 18, 19, 20, 21, 22, 23, 24, 25, 26, 27, 28, 29, 30, 31, 32, 33, 34, 35, 36, 37, 38, 39, 40, 41, 42, 43, 44, 45])İSTANBUL BÜYÜKÇEKMEÇE MURATÇEŞME MAĞAZASI  =koordinat:41.019287,28.544599
BÜYÜKÇEKMECE->dict_values([1, 2, 3, 4, 5, 6, 7, 8, 9, 10, 11, 12, 13, 14, 15, 16, 17, 18, 19, 20, 21, 22, 23, 24, 25, 26, 27, 28, 29, 30, 31, 32, 33, 34, 35, 36, 37, 38, 39, 40, 41, 42, 43, 44, 45])İSTANBUL BÜYÜKÇEKMECE MİMAROBA ÇELEBİ MAĞAZASI=koordinat:41.004429,28.533262
BÜYÜKÇEKMECE->dict_values([1, 2, 3, 4, 5, 6, 7, 8, 9, 10, 11, 12, 13, 14, 15, 16, 17, 18, 19, 20, 21, 22, 23, 24, 25, 26, 27, 28, 29, 30, 31, 32, 33, 34, 35, 36, 37, 38, 39, 40, 41, 42, 43, 44, 45])İSTANBUL BÜYÜKÇEKMECE EKİNOBA CİVAN MAĞAZASI=koordinat:41.007704,28.544634
BÜYÜKÇEKMECE->dict_values([1, 2, 3, 4, 5, 6, 7, 8, 9, 10, 11, 12, 13, 14, 15, 16, 17, 18, 19, 20, 21, 22, 23, 24, 25, 26, 27, 28, 29, 30, 31, 32, 33, 34, 35, 36, 37, 38, 39, 40, 41, 42, 43, 44, 45])İSTANBUL BÜYÜKÇEKMECE ZÜBEYDE HANIM MAĞAZASI=koordinat:41.001138,28.608256
BÜYÜKÇEKMECE->dict_values([1, 2, 3, 4, 5, 6, 7, 8, 9, 10, 11, 12, 13, 14, 15, 16, 17, 18, 19, 20, 21, 22, 23, 24, 25, 26, 27, 28, 29, 30, 31, 32, 33, 34, 35, 36, 37, 38, 39, 40, 41, 42, 43, 44, 45])ŞOK MİNİ-TEPECİK KİPTAŞ MAĞAZASI           =koordinat:41.024833,28.515425
BÜYÜKÇEKMECE->dict_values([1, 2, 3, 4, 5, 6, 7, 8, 9, 10, 11, 12, 13, 14, 15, 16, 17, 18, 19, 20, 21, 22, 23, 24, 25, 26, 27, 28, 29, 30, 31, 32, 33, 34, 35, 36, 37, 38, 39, 40, 41, 42, 43, 44, 45])İSTANBUL KUMBURGAZ BURGAZ MAĞAZASI         =koordinat:41.034677,28.454456
BÜYÜKÇEKMECE->dict_values([1, 2, 3, 4, 5, 6, 7, 8, 9, 10, 11, 12, 13, 14, 15, 16, 17, 18, 19, 20, 21, 22, 23, 24, 25, 26, 27, 28, 29, 30, 31, 32, 33, 34, 35, 36, 37, 38, 39, 40, 41, 42, 43, 44, 45])İSTANBUL BÜYÜKÇEKMECE VEYSEL KARANİ MAĞAZASI=koordinat:41.020614,28.59897
BÜYÜKÇEKMECE->dict_values([1, 2, 3, 4, 5, 6, 7, 8, 9, 10, 11, 12, 13, 14, 15, 16, 17, 18, 19, 20, 21, 22, 23, 24, 25, 26, 27, 28, 29, 30, 31, 32, 33, 34, 35, 36, 37, 38, 39, 40, 41, 42, 43, 44, 45])İSTANBUL BÜYÜKÇEKMECE AVRUPA CAD. MAĞAZASI =koordinat:41.009091,28.624899
BÜYÜKÇEKMECE->dict_values([1, 2, 3, 4, 5, 6, 7, 8, 9, 10, 11, 12, 13, 14, 15, 16, 17, 18, 19, 20, 21, 22, 23, 24, 25, 26, 27, 28, 29, 30, 31, 32, 33, 34, 35, 36, 37, 38, 39, 40, 41, 42, 43, 44, 45])ŞOK MİNİ-ALİKEREM MAĞAZASI                 =koordinat:41.030965,28.462301
BÜYÜKÇEKMECE->dict_values([1, 2, 3, 4, 5, 6, 7, 8, 9, 10, 11, 12, 13, 14, 15, 16, 17, 18, 19, 20, 21, 22, 23, 24, 25, 26, 27, 28, 29, 30, 31, 32, 33, 34, 35, 36, 37, 38, 39, 40, 41, 42, 43, 44, 45])İSTANBUL TEPECİK HÜRRİYET MAĞAZASI         =koordinat:41.029248,28.541232
BÜYÜKÇEKMECE->dict_values([1, 2, 3, 4, 5, 6, 7, 8, 9, 10, 11, 12, 13, 14, 15, 16, 17, 18, 19, 20, 21, 22, 23, 24, 25, 26, 27, 28, 29, 30, 31, 32, 33, 34, 35, 36, 37, 38, 39, 40, 41, 42, 43, 44, 45])İSTANBUL ALBATROS PARMAKSIZ MAĞAZASI       =koordinat:41.013163,28.607639
BÜYÜKÇEKMECE->dict_values([1, 2, 3, 4, 5, 6, 7, 8, 9, 10, 11, 12, 13, 14, 15, 16, 17, 18, 19, 20, 21, 22, 23, 24, 25, 26, 27, 28, 29, 30, 31, 32, 33, 34, 35, 36, 37, 38, 39, 40, 41, 42, 43, 44, 45])ŞOK MİNİ-MIMARSINANOUTLET MAĞAZASI         =koordinat:41.014897,28.5605
BÜYÜKÇEKMECE->dict_values([1, 2, 3, 4, 5, 6, 7, 8, 9, 10, 11, 12, 13, 14, 15, 16, 17, 18, 19, 20, 21, 22, 23, 24, 25, 26, 27, 28, 29, 30, 31, 32, 33, 34, 35, 36, 37, 38, 39, 40, 41, 42, 43, 44, 45])ŞOK MİNİ-TAN SOKAK MAĞAZASI                =koordinat:41.032257,28.548628
BÜYÜKÇEKMECE->dict_values([1, 2, 3, 4, 5, 6, 7, 8, 9, 10, 11, 12, 13, 14, 15, 16, 17, 18, 19, 20, 21, 22, 23, 24, 25, 26, 27, 28, 29, 30, 31, 32, 33, 34, 35, 36, 37, 38, 39, 40, 41, 42, 43, 44, 45])İSTANBUL TEPECİK CEYLAN MAĞAZASI           =koordinat:41.03008,28.55222
BÜYÜKÇEKMECE->dict_values([1, 2, 3, 4, 5, 6, 7, 8, 9, 10, 11, 12, 13, 14, 15, 16, 17, 18, 19, 20, 21, 22, 23, 24, 25, 26, 27, 28, 29, 30, 31, 32, 33, 34, 35, 36, 37, 38, 39, 40, 41, 42, 43, 44, 45])İSTANBUL BÜYÜKÇEKMECE GÜZELCE DURU MAĞAZASI=koordinat:41.000496,28.51384
BÜYÜKÇEKMECE->dict_values([1, 2, 3, 4, 5, 6, 7, 8, 9, 10, 11, 12, 13, 14, 15, 16, 17, 18, 19, 20, 21, 22, 23, 24, 25, 26, 27, 28, 29, 30, 31, 32, 33, 34, 35, 36, 37, 38, 39, 40, 41, 42, 43, 44, 45])İSTANBUL BÜYÜKÇEKMECE KONAKLAR MAĞAZASI    =koordinat:40.999128,28.541941
BÜYÜKÇEKMECE->dict_values([1, 2, 3, 4, 5, 6, 7, 8, 9, 10, 11, 12, 13, 14, 15, 16, 17, 18, 19, 20, 21, 22, 23, 24, 25, 26, 27, 28, 29, 30, 31, 32, 33, 34, 35, 36, 37, 38, 39, 40, 41, 42, 43, 44, 45])İSTANBUL BÜYÜKÇEKMECE KALEİÇİ MAĞAZASI     =koordinat:41.022347,28.578886
BÜYÜKÇEKMECE->dict_values([1, 2, 3, 4, 5, 6, 7, 8, 9, 10, 11, 12, 13, 14, 15, 16, 17, 18, 19, 20, 21, 22, 23, 24, 25, 26, 27, 28, 29, 30, 31, 32, 33, 34, 35, 36, 37, 38, 39, 40, 41, 42, 43, 44, 45])İSTANBUL BÜYÜKÇEKMEÇE ÖZÇELİK MAĞAZASI     =koordinat:40.990969,28.537693
BÜYÜKÇEKMECE->dict_values([1, 2, 3, 4, 5, 6, 7, 8, 9, 10, 11, 12, 13, 14, 15, 16, 17, 18, 19, 20, 21, 22, 23, 24, 25, 26, 27, 28, 29, 30, 31, 32, 33, 34, 35, 36, 37, 38, 39, 40, 41, 42, 43, 44, 45])İSTANBUL EKİNOBA MAĞAZASI                  =koordinat:41.010959,28.542979
BÜYÜKÇEKMECE->dict_values([1, 2, 3, 4, 5, 6, 7, 8, 9, 10, 11, 12, 13, 14, 15, 16, 17, 18, 19, 20, 21, 22, 23, 24, 25, 26, 27, 28, 29, 30, 31, 32, 33, 34, 35, 36, 37, 38, 39, 40, 41, 42, 43, 44, 45])İSTANBUL BÜYÜKÇEKMECE SEDEF MAĞAZASI       =koordinat:41.011999,28.608962
BÜYÜKÇEKMECE->dict_values([1, 2, 3, 4, 5, 6, 7, 8, 9, 10, 11, 12, 13, 14, 15, 16, 17, 18, 19, 20, 21, 22, 23, 24, 25, 26, 27, 28, 29, 30, 31, 32, 33, 34, 35, 36, 37, 38, 39, 40, 41, 42, 43, 44, 45])İSTANBUL MİMAROBA MAĞAZASI                 =koordinat:41.005269,28.541273
BÜYÜKÇEKMECE->dict_values([1, 2, 3, 4, 5, 6, 7, 8, 9, 10, 11, 12, 13, 14, 15, 16, 17, 18, 19, 20, 21, 22, 23, 24, 25, 26, 27, 28, 29, 30, 31, 32, 33, 34, 35, 36, 37, 38, 39, 40, 41, 42, 43, 44, 45])İSTANBUL KUMBURGAZ BARAN MAĞAZASI          =koordinat:41.030902,28.455692
BÜYÜKÇEKMECE->dict_values([1, 2, 3, 4, 5, 6, 7, 8, 9, 10, 11, 12, 13, 14, 15, 16, 17, 18, 19, 20, 21, 22, 23, 24, 25, 26, 27, 28, 29, 30, 31, 32, 33, 34, 35, 36, 37, 38, 39, 40, 41, 42, 43, 44, 45])ŞOK-MİNİ-ALPEREN MAĞAZASI                  =koordinat:41.034441,28.44639
BÜYÜKÇEKMECE->dict_values([1, 2, 3, 4, 5, 6, 7, 8, 9, 10, 11, 12, 13, 14, 15, 16, 17, 18, 19, 20, 21, 22, 23, 24, 25, 26, 27, 28, 29, 30, 31, 32, 33, 34, 35, 36, 37, 38, 39, 40, 41, 42, 43, 44, 45])BÜYÜKÇEKMECE MİLENYUM MAĞAZASI             =koordinat:41.01887,28.627541
BÜYÜKÇEKMECE->dict_values([1, 2, 3, 4, 5, 6, 7, 8, 9, 10, 11, 12, 13, 14, 15, 16, 17, 18, 19, 20, 21, 22, 23, 24, 25, 26, 27, 28, 29, 30, 31, 32, 33, 34, 35, 36, 37, 38, 39, 40, 41, 42, 43, 44, 45])BÜYÜKÇEKMECE EBRAR MAĞAZASI                =koordinat:41.026942,28.548333
BÜYÜKÇEKMECE->dict_values([1, 2, 3, 4, 5, 6, 7, 8, 9, 10, 11, 12, 13, 14, 15, 16, 17, 18, 19, 20, 21, 22, 23, 24, 25, 26, 27, 28, 29, 30, 31, 32, 33, 34, 35, 36, 37, 38, 39, 40, 41, 42, 43, 44, 45])BÜYÜKÇEKMECE ATASAYAR MAĞAZASI             =koordinat:41.022551,28.583392
BÜYÜKÇEKMECE->dict_values([1, 2, 3, 4, 5, 6, 7, 8, 9, 10, 11, 12, 13, 14, 15, 16, 17, 18, 19, 20, 21, 22, 23, 24, 25, 26, 27, 28, 29, 30, 31, 32, 33, 34, 35, 36, 37, 38, 39, 40, 41, 42, 43, 44, 45])ŞOK MİNİ-KARAGÜL MAĞAZASI                  =koordinat:41.016389,28.483051
BÜYÜKÇEKMECE->dict_values([1, 2, 3, 4, 5, 6, 7, 8, 9, 10, 11, 12, 13, 14, 15, 16, 17, 18, 19, 20, 21, 22, 23, 24, 25, 26, 27, 28, 29, 30, 31, 32, 33, 34, 35, 36, 37, 38, 39, 40, 41, 42, 43, 44, 45])BÜYÜKÇEKMECE DOĞANTEPE MAĞAZASI            =koordinat:41.02781423,28.54333341
BÜYÜKÇEKMECE->dict_values([1, 2, 3, 4, 5, 6, 7, 8, 9, 10, 11, 12, 13, 14, 15, 16, 17, 18, 19, 20, 21, 22, 23, 24, 25, 26, 27, 28, 29, 30, 31, 32, 33, 34, 35, 36, 37, 38, 39, 40, 41, 42, 43, 44, 45])BÜYÜKÇEKMECE MEVRA MAĞAZASI                =koordinat:41.017395,28.59867
BÜYÜKÇEKMECE->dict_values([1, 2, 3, 4, 5, 6, 7, 8, 9, 10, 11, 12, 13, 14, 15, 16, 17, 18, 19, 20, 21, 22, 23, 24, 25, 26, 27, 28, 29, 30, 31, 32, 33, 34, 35, 36, 37, 38, 39, 40, 41, 42, 43, 44, 45])BÜYÜKÇEKMECE DİLEK MAĞAZASI                =koordinat:41.024915,28.582971
BÜYÜKÇEKMECE->dict_values([1, 2, 3, 4, 5, 6, 7, 8, 9, 10, 11, 12, 13, 14, 15, 16, 17, 18, 19, 20, 21, 22, 23, 24, 25, 26, 27, 28, 29, 30, 31, 32, 33, 34, 35, 36, 37, 38, 39, 40, 41, 42, 43, 44, 45])BÜYÜKÇEKMECE DAVUTPAŞA MAĞAZASI            =koordinat:41.02312323,28.54027073
BÜYÜKÇEKMECE->dict_values([1, 2, 3, 4, 5, 6, 7, 8, 9, 10, 11, 12, 13, 14, 15, 16, 17, 18, 19, 20, 21, 22, 23, 24, 25, 26, 27, 28, 29, 30, 31, 32, 33, 34, 35, 36, 37, 38, 39, 40, 41, 42, 43, 44, 45])BÜYÜKÇEKMECE MİMAROBA LOTUS MAĞAZASI       =koordinat:40.99709842,28.53445932
BÜYÜKÇEKMECE->dict_values([1, 2, 3, 4, 5, 6, 7, 8, 9, 10, 11, 12, 13, 14, 15, 16, 17, 18, 19, 20, 21, 22, 23, 24, 25, 26, 27, 28, 29, 30, 31, 32, 33, 34, 35, 36, 37, 38, 39, 40, 41, 42, 43, 44, 45])BÜYÜKÇEKMECE ŞENKAYA MAĞAZASI              =koordinat:41.0375,28.4456
ÇATALCA->dict_values([1, 2, 3, 4, 5, 6, 7, 8, 9, 10, 11, 12, 13, 14, 15, 16, 17, 18, 19, 20, 21, 22, 23, 24, 25, 26, 27, 28, 29, 30, 31, 32, 33, 34, 35, 36, 37, 38, 39, 40, 41, 42, 43, 44, 45])İSTANBUL ÇATALCA MAĞAZASI                  =koordinat:41.142269,28.459434
ÇATALCA->dict_values([1, 2, 3, 4, 5, 6, 7, 8, 9, 10, 11, 12, 13, 14, 15, 16, 17, 18, 19, 20, 21, 22, 23, 24, 25, 26, 27, 28, 29, 30, 31, 32, 33, 34, 35, 36, 37, 38, 39, 40, 41, 42, 43, 44, 45])ŞOK MİNİ-YALIKÖY MAĞAZASI                  =koordinat:41.472917,28.300031
ÇATALCA->dict_values([1, 2, 3, 4, 5, 6, 7, 8, 9, 10, 11, 12, 13, 14, 15, 16, 17, 18, 19, 20, 21, 22, 23, 24, 25, 26, 27, 28, 29, 30, 31, 32, 33, 34, 35, 36, 37, 38, 39, 40, 41, 42, 43, 44, 45])ŞOK MİNİ-EĞRİ SOKAK MAĞAZASI               =koordinat:41.139913,28.460943
ÇATALCA->dict_values([1, 2, 3, 4, 5, 6, 7, 8, 9, 10, 11, 12, 13, 14, 15, 16, 17, 18, 19, 20, 21, 22, 23, 24, 25, 26, 27, 28, 29, 30, 31, 32, 33, 34, 35, 36, 37, 38, 39, 40, 41, 42, 43, 44, 45])ŞOK MİNİ-GÜMÜŞPINAR KÖYÜ MAĞAZASI          =koordinat:41.314482,28.284288
ÇATALCA->dict_values([1, 2, 3, 4, 5, 6, 7, 8, 9, 10, 11, 12, 13, 14, 15, 16, 17, 18, 19, 20, 21, 22, 23, 24, 25, 26, 27, 28, 29, 30, 31, 32, 33, 34, 35, 36, 37, 38, 39, 40, 41, 42, 43, 44, 45])ŞOK MİNİ-İHSANİYE MAĞAZASI                 =koordinat:41.254541,28.358225
ÇATALCA->dict_values([1, 2, 3, 4, 5, 6, 7, 8, 9, 10, 11, 12, 13, 14, 15, 16, 17, 18, 19, 20, 21, 22, 23, 24, 25, 26, 27, 28, 29, 30, 31, 32, 33, 34, 35, 36, 37, 38, 39, 40, 41, 42, 43, 44, 45])ŞOK MİNİ-OVAYENİCE MAĞAZASI                =koordinat:41.100298,28.418172
ÇATALCA->dict_values([1, 2, 3, 4, 5, 6, 7, 8, 9, 10, 11, 12, 13, 14, 15, 16, 17, 18, 19, 20, 21, 22, 23, 24, 25, 26, 27, 28, 29, 30, 31, 32, 33, 34, 35, 36, 37, 38, 39, 40, 41, 42, 43, 44, 45])ÇATALCA KALEİÇİ MAĞAZASI                   =koordinat:41.143932,28.456055
ÇATALCA->dict_values([1, 2, 3, 4, 5, 6, 7, 8, 9, 10, 11, 12, 13, 14, 15, 16, 17, 18, 19, 20, 21, 22, 23, 24, 25, 26, 27, 28, 29, 30, 31, 32, 33, 34, 35, 36, 37, 38, 39, 40, 41, 42, 43, 44, 45])ŞOK MİNİ -KABAKÇA MAĞAZASI                 =koordinat:41.229086,28.368719
ÇATALCA->dict_values([1, 2, 3, 4, 5, 6, 7, 8, 9, 10, 11, 12, 13, 14, 15, 16, 17, 18, 19, 20, 21, 22, 23, 24, 25, 26, 27, 28, 29, 30, 31, 32, 33, 34, 35, 36, 37, 38, 39, 40, 41, 42, 43, 44, 45])ŞOK MİNİ - MURATBEYKÖYÜ MAĞAZASI           =koordinat:41.095542,28.493259
ÇATALCA->dict_values([1, 2, 3, 4, 5, 6, 7, 8, 9, 10, 11, 12, 13, 14, 15, 16, 17, 18, 19, 20, 21, 22, 23, 24, 25, 26, 27, 28, 29, 30, 31, 32, 33, 34, 35, 36, 37, 38, 39, 40, 41, 42, 43, 44, 45])ŞOK MİNİ-ÇAKILKÖYÜ MAĞAZASI                =koordinat:41.124428,28.44816
ÇATALCA->dict_values([1, 2, 3, 4, 5, 6, 7, 8, 9, 10, 11, 12, 13, 14, 15, 16, 17, 18, 19, 20, 21, 22, 23, 24, 25, 26, 27, 28, 29, 30, 31, 32, 33, 34, 35, 36, 37, 38, 39, 40, 41, 42, 43, 44, 45])ŞOK MİNİ-ATABİNKILIÇ MAĞAZASI              =koordinat:41.410076,28.184832
ÇATALCA->dict_values([1, 2, 3, 4, 5, 6, 7, 8, 9, 10, 11, 12, 13, 14, 15, 16, 17, 18, 19, 20, 21, 22, 23, 24, 25, 26, 27, 28, 29, 30, 31, 32, 33, 34, 35, 36, 37, 38, 39, 40, 41, 42, 43, 44, 45])ŞOK MİNİ-BÜYÜK ÖNDER MAĞAZASI              =koordinat:41.246018,28.495502
ÇATALCA->dict_values([1, 2, 3, 4, 5, 6, 7, 8, 9, 10, 11, 12, 13, 14, 15, 16, 17, 18, 19, 20, 21, 22, 23, 24, 25, 26, 27, 28, 29, 30, 31, 32, 33, 34, 35, 36, 37, 38, 39, 40, 41, 42, 43, 44, 45])ŞOK MİNİ- HALAÇLI MAĞAZASI                 =koordinat:41.320609,28.099749
ÇATALCA->dict_values([1, 2, 3, 4, 5, 6, 7, 8, 9, 10, 11, 12, 13, 14, 15, 16, 17, 18, 19, 20, 21, 22, 23, 24, 25, 26, 27, 28, 29, 30, 31, 32, 33, 34, 35, 36, 37, 38, 39, 40, 41, 42, 43, 44, 45])ŞOK MİNİ-KARACAKÖY YENİ MAĞAZASI           =koordinat:41.403481,28.381191
ÇATALCA->dict_values([1, 2, 3, 4, 5, 6, 7, 8, 9, 10, 11, 12, 13, 14, 15, 16, 17, 18, 19, 20, 21, 22, 23, 24, 25, 26, 27, 28, 29, 30, 31, 32, 33, 34, 35, 36, 37, 38, 39, 40, 41, 42, 43, 44, 45])ŞOK MİNİ-KARAMANDERE YENİ MAĞAZASI         =koordinat:41.37644,28.304365
ÇATALCA->dict_values([1, 2, 3, 4, 5, 6, 7, 8, 9, 10, 11, 12, 13, 14, 15, 16, 17, 18, 19, 20, 21, 22, 23, 24, 25, 26, 27, 28, 29, 30, 31, 32, 33, 34, 35, 36, 37, 38, 39, 40, 41, 42, 43, 44, 45])ŞOK MİNİ-GÖKÇEALİ MAĞAZASI                 =koordinat:41.201182,28.444733
ÇATALCA->dict_values([1, 2, 3, 4, 5, 6, 7, 8, 9, 10, 11, 12, 13, 14, 15, 16, 17, 18, 19, 20, 21, 22, 23, 24, 25, 26, 27, 28, 29, 30, 31, 32, 33, 34, 35, 36, 37, 38, 39, 40, 41, 42, 43, 44, 45])ŞOK MİNİ-KUYU CIKMAZ MAĞAZASI              =koordinat:41.374259,28.207129
ÇATALCA->dict_values([1, 2, 3, 4, 5, 6, 7, 8, 9, 10, 11, 12, 13, 14, 15, 16, 17, 18, 19, 20, 21, 22, 23, 24, 25, 26, 27, 28, 29, 30, 31, 32, 33, 34, 35, 36, 37, 38, 39, 40, 41, 42, 43, 44, 45])ŞOK MİNİ-DARI MAĞAZASI                     =koordinat:41.142283,28.468088
ÇATALCA->dict_values([1, 2, 3, 4, 5, 6, 7, 8, 9, 10, 11, 12, 13, 14, 15, 16, 17, 18, 19, 20, 21, 22, 23, 24, 25, 26, 27, 28, 29, 30, 31, 32, 33, 34, 35, 36, 37, 38, 39, 40, 41, 42, 43, 44, 45])ŞOK MİNİ-ÇİFTLİKKÖY MAĞAZASI               =koordinat:41.340767,28.405759
ÇATALCA->dict_values([1, 2, 3, 4, 5, 6, 7, 8, 9, 10, 11, 12, 13, 14, 15, 16, 17, 18, 19, 20, 21, 22, 23, 24, 25, 26, 27, 28, 29, 30, 31, 32, 33, 34, 35, 36, 37, 38, 39, 40, 41, 42, 43, 44, 45])İSTANBUL ÇATALCA TAHTA KÖPRÜ MAĞAZASI      =koordinat:41.140684,28.468736
ÇATALCA->dict_values([1, 2, 3, 4, 5, 6, 7, 8, 9, 10, 11, 12, 13, 14, 15, 16, 17, 18, 19, 20, 21, 22, 23, 24, 25, 26, 27, 28, 29, 30, 31, 32, 33, 34, 35, 36, 37, 38, 39, 40, 41, 42, 43, 44, 45])İSTANBUL ÇATALCA EGEMEN MAĞAZASI           =koordinat:41.13727,28.46435
ÇATALCA->dict_values([1, 2, 3, 4, 5, 6, 7, 8, 9, 10, 11, 12, 13, 14, 15, 16, 17, 18, 19, 20, 21, 22, 23, 24, 25, 26, 27, 28, 29, 30, 31, 32, 33, 34, 35, 36, 37, 38, 39, 40, 41, 42, 43, 44, 45])ŞOK MİNİ-SUBAŞI MAĞAZASI                   =koordinat:41.223875,28.45592
ÇATALCA->dict_values([1, 2, 3, 4, 5, 6, 7, 8, 9, 10, 11, 12, 13, 14, 15, 16, 17, 18, 19, 20, 21, 22, 23, 24, 25, 26, 27, 28, 29, 30, 31, 32, 33, 34, 35, 36, 37, 38, 39, 40, 41, 42, 43, 44, 45])İSTANBUL ÇATALCA HASTANE                   =koordinat:41.136726,28.466051
ÇATALCA->dict_values([1, 2, 3, 4, 5, 6, 7, 8, 9, 10, 11, 12, 13, 14, 15, 16, 17, 18, 19, 20, 21, 22, 23, 24, 25, 26, 27, 28, 29, 30, 31, 32, 33, 34, 35, 36, 37, 38, 39, 40, 41, 42, 43, 44, 45])ŞOK MİNİ-VİLLA KABAKÇA MAĞAZASI            =koordinat:41.224085,28.36828
ÇATALCA->dict_values([1, 2, 3, 4, 5, 6, 7, 8, 9, 10, 11, 12, 13, 14, 15, 16, 17, 18, 19, 20, 21, 22, 23, 24, 25, 26, 27, 28, 29, 30, 31, 32, 33, 34, 35, 36, 37, 38, 39, 40, 41, 42, 43, 44, 45])ÇATALCA KİPTAŞ MAĞAZASI                    =koordinat:41.129413,28.461582
ÇATALCA->dict_values([1, 2, 3, 4, 5, 6, 7, 8, 9, 10, 11, 12, 13, 14, 15, 16, 17, 18, 19, 20, 21, 22, 23, 24, 25, 26, 27, 28, 29, 30, 31, 32, 33, 34, 35, 36, 37, 38, 39, 40, 41, 42, 43, 44, 45])ŞOK MİNİ-BAŞKUMANDAN MAĞAZASI              =koordinat:41.321808,28.100651
ÇATALCA->dict_values([1, 2, 3, 4, 5, 6, 7, 8, 9, 10, 11, 12, 13, 14, 15, 16, 17, 18, 19, 20, 21, 22, 23, 24, 25, 26, 27, 28, 29, 30, 31, 32, 33, 34, 35, 36, 37, 38, 39, 40, 41, 42, 43, 44, 45])BİNKILIÇ GAZİ M.KEMAL CAD MAĞAZASI         =koordinat:41.413244,28.184292
ÇATALCA->dict_values([1, 2, 3, 4, 5, 6, 7, 8, 9, 10, 11, 12, 13, 14, 15, 16, 17, 18, 19, 20, 21, 22, 23, 24, 25, 26, 27, 28, 29, 30, 31, 32, 33, 34, 35, 36, 37, 38, 39, 40, 41, 42, 43, 44, 45])ÇATALCA ÇANAKCA MAĞAZASI                   =koordinat:41.2416,28.4952
ÇATALCA->dict_values([1, 2, 3, 4, 5, 6, 7, 8, 9, 10, 11, 12, 13, 14, 15, 16, 17, 18, 19, 20, 21, 22, 23, 24, 25, 26, 27, 28, 29, 30, 31, 32, 33, 34, 35, 36, 37, 38, 39, 40, 41, 42, 43, 44, 45])ÇATALCA DM SATIŞ MAĞAZASI                  =koordinat:41.115,28.493
ÇATALCA->dict_values([1, 2, 3, 4, 5, 6, 7, 8, 9, 10, 11, 12, 13, 14, 15, 16, 17, 18, 19, 20, 21, 22, 23, 24, 25, 26, 27, 28, 29, 30, 31, 32, 33, 34, 35, 36, 37, 38, 39, 40, 41, 42, 43, 44, 45])ÇATALCA AKALAN MAĞAZASI                    =koordinat:41.2562,28.42
ÇATALCA->dict_values([1, 2, 3, 4, 5, 6, 7, 8, 9, 10, 11, 12, 13, 14, 15, 16, 17, 18, 19, 20, 21, 22, 23, 24, 25, 26, 27, 28, 29, 30, 31, 32, 33, 34, 35, 36, 37, 38, 39, 40, 41, 42, 43, 44, 45])ŞOK MİNİ-FATİH BİNKILIÇ MAĞAZASI           =koordinat:41.412359,28.187815
ÇATALCA->dict_values([1, 2, 3, 4, 5, 6, 7, 8, 9, 10, 11, 12, 13, 14, 15, 16, 17, 18, 19, 20, 21, 22, 23, 24, 25, 26, 27, 28, 29, 30, 31, 32, 33, 34, 35, 36, 37, 38, 39, 40, 41, 42, 43, 44, 45])ŞOK MİNİ-KÜRŞAD KARACAKÖY MAĞAZASI         =koordinat:41.40372,28.385479
ÇATALCA->dict_values([1, 2, 3, 4, 5, 6, 7, 8, 9, 10, 11, 12, 13, 14, 15, 16, 17, 18, 19, 20, 21, 22, 23, 24, 25, 26, 27, 28, 29, 30, 31, 32, 33, 34, 35, 36, 37, 38, 39, 40, 41, 42, 43, 44, 45])ŞOK MİNİ-ORMANLI MAĞAZASI                  =koordinat:41.021575,29.069224
ÇATALCA->dict_values([1, 2, 3, 4, 5, 6, 7, 8, 9, 10, 11, 12, 13, 14, 15, 16, 17, 18, 19, 20, 21, 22, 23, 24, 25, 26, 27, 28, 29, 30, 31, 32, 33, 34, 35, 36, 37, 38, 39, 40, 41, 42, 43, 44, 45])İNCEĞİZ MAĞAZASI                           =koordinat:41.8564,28.4023
ÇATALCA->dict_values([1, 2, 3, 4, 5, 6, 7, 8, 9, 10, 11, 12, 13, 14, 15, 16, 17, 18, 19, 20, 21, 22, 23, 24, 25, 26, 27, 28, 29, 30, 31, 32, 33, 34, 35, 36, 37, 38, 39, 40, 41, 42, 43, 44, 45])ŞOK MİNİ-ÇATALCA İZZETTİN MAĞAZASI         =koordinat:41.1774,28.5028
ÇATALCA->dict_values([1, 2, 3, 4, 5, 6, 7, 8, 9, 10, 11, 12, 13, 14, 15, 16, 17, 18, 19, 20, 21, 22, 23, 24, 25, 26, 27, 28, 29, 30, 31, 32, 33, 34, 35, 36, 37, 38, 39, 40, 41, 42, 43, 44, 45])ÇATALCA BİNKILIÇ CAMİİ MAĞAZASI            =koordinat:41.4144,28.1875
ÇAYIROVA->dict_values([1, 2, 3, 4, 5, 6, 7, 8, 9, 10, 11, 12, 13, 14, 15, 16, 17, 18, 19, 20, 21, 22, 23, 24, 25, 26, 27, 28, 29, 30, 31, 32, 33, 34, 35, 36, 37, 38, 39, 40, 41, 42, 43, 44, 45])ŞEKERPINAR GEÇİT SOKAK MAĞAZASI            =koordinat:40.8581,29.3737
ÇEKMEKÖY->dict_values([1, 2, 3, 4, 5, 6, 7, 8, 9, 10, 11, 12, 13, 14, 15, 16, 17, 18, 19, 20, 21, 22, 23, 24, 25, 26, 27, 28, 29, 30, 31, 32, 33, 34, 35, 36, 37, 38, 39, 40, 41, 42, 43, 44, 45])İSTANBUL ÇEKMEKÖY TAŞDELEN MAĞAZASI        =koordinat:41.030805,29.230636
ÇEKMEKÖY->dict_values([1, 2, 3, 4, 5, 6, 7, 8, 9, 10, 11, 12, 13, 14, 15, 16, 17, 18, 19, 20, 21, 22, 23, 24, 25, 26, 27, 28, 29, 30, 31, 32, 33, 34, 35, 36, 37, 38, 39, 40, 41, 42, 43, 44, 45])İSTANBUL ÇEKMEKÖY MAĞAZASI                 =koordinat:41.031371,29.172738
ÇEKMEKÖY->dict_values([1, 2, 3, 4, 5, 6, 7, 8, 9, 10, 11, 12, 13, 14, 15, 16, 17, 18, 19, 20, 21, 22, 23, 24, 25, 26, 27, 28, 29, 30, 31, 32, 33, 34, 35, 36, 37, 38, 39, 40, 41, 42, 43, 44, 45])İSTANBUL ÇEKMEKÖY SULTANGAZİ CADDE MAĞAZASI=koordinat:41.016077,29.21679
ÇEKMEKÖY->dict_values([1, 2, 3, 4, 5, 6, 7, 8, 9, 10, 11, 12, 13, 14, 15, 16, 17, 18, 19, 20, 21, 22, 23, 24, 25, 26, 27, 28, 29, 30, 31, 32, 33, 34, 35, 36, 37, 38, 39, 40, 41, 42, 43, 44, 45])İSTANBUL KÜRKÇÜ SK.ÇEKMEKÖY MAĞAZASI       =koordinat:41.021808,29.191774
ÇEKMEKÖY->dict_values([1, 2, 3, 4, 5, 6, 7, 8, 9, 10, 11, 12, 13, 14, 15, 16, 17, 18, 19, 20, 21, 22, 23, 24, 25, 26, 27, 28, 29, 30, 31, 32, 33, 34, 35, 36, 37, 38, 39, 40, 41, 42, 43, 44, 45])İSTANBUL YUNUS EMRE CADDESİ ÇEKMEKÖY MAĞAZASI=koordinat:41.036217,29.175876
ÇEKMEKÖY->dict_values([1, 2, 3, 4, 5, 6, 7, 8, 9, 10, 11, 12, 13, 14, 15, 16, 17, 18, 19, 20, 21, 22, 23, 24, 25, 26, 27, 28, 29, 30, 31, 32, 33, 34, 35, 36, 37, 38, 39, 40, 41, 42, 43, 44, 45])İSTANBUL KÖROĞLU SOKAK ÇEKMEKÖY MAĞAZASI   =koordinat:41.040534,29.180988
ÇEKMEKÖY->dict_values([1, 2, 3, 4, 5, 6, 7, 8, 9, 10, 11, 12, 13, 14, 15, 16, 17, 18, 19, 20, 21, 22, 23, 24, 25, 26, 27, 28, 29, 30, 31, 32, 33, 34, 35, 36, 37, 38, 39, 40, 41, 42, 43, 44, 45])İSTANBUL ÇEKMEKÖY KÖKNAR CADDESİ MAĞAZASI  =koordinat:41.01667,29.186785
ÇEKMEKÖY->dict_values([1, 2, 3, 4, 5, 6, 7, 8, 9, 10, 11, 12, 13, 14, 15, 16, 17, 18, 19, 20, 21, 22, 23, 24, 25, 26, 27, 28, 29, 30, 31, 32, 33, 34, 35, 36, 37, 38, 39, 40, 41, 42, 43, 44, 45])İSTANBUL ÇEKMEKÖY HAMİDİYE MAĞAZASI        =koordinat:41.025748,29.192696
ÇEKMEKÖY->dict_values([1, 2, 3, 4, 5, 6, 7, 8, 9, 10, 11, 12, 13, 14, 15, 16, 17, 18, 19, 20, 21, 22, 23, 24, 25, 26, 27, 28, 29, 30, 31, 32, 33, 34, 35, 36, 37, 38, 39, 40, 41, 42, 43, 44, 45])İSTANBUL HÜSNÜ ÖZYEĞİN ÜNİ. MAĞAZASI       =koordinat:41.039118,29.255897
ÇEKMEKÖY->dict_values([1, 2, 3, 4, 5, 6, 7, 8, 9, 10, 11, 12, 13, 14, 15, 16, 17, 18, 19, 20, 21, 22, 23, 24, 25, 26, 27, 28, 29, 30, 31, 32, 33, 34, 35, 36, 37, 38, 39, 40, 41, 42, 43, 44, 45])İSTANBUL YEŞİLBAHÇE ÇEKMEKÖY MAĞAZASI      =koordinat:41.029053,29.182844
ÇEKMEKÖY->dict_values([1, 2, 3, 4, 5, 6, 7, 8, 9, 10, 11, 12, 13, 14, 15, 16, 17, 18, 19, 20, 21, 22, 23, 24, 25, 26, 27, 28, 29, 30, 31, 32, 33, 34, 35, 36, 37, 38, 39, 40, 41, 42, 43, 44, 45])İSTANBUL ÇEKMEKÖY PİR-İ REİS MAĞAZASI      =koordinat:41.033718,29.1692
ÇEKMEKÖY->dict_values([1, 2, 3, 4, 5, 6, 7, 8, 9, 10, 11, 12, 13, 14, 15, 16, 17, 18, 19, 20, 21, 22, 23, 24, 25, 26, 27, 28, 29, 30, 31, 32, 33, 34, 35, 36, 37, 38, 39, 40, 41, 42, 43, 44, 45])İSTANBUL TAŞDELEN SARAY CADDESİ MAĞAZASI   =koordinat:41.048286,29.241641
ÇEKMEKÖY->dict_values([1, 2, 3, 4, 5, 6, 7, 8, 9, 10, 11, 12, 13, 14, 15, 16, 17, 18, 19, 20, 21, 22, 23, 24, 25, 26, 27, 28, 29, 30, 31, 32, 33, 34, 35, 36, 37, 38, 39, 40, 41, 42, 43, 44, 45])GÜLBABA ÇEKMEKÖY                           =koordinat:41.034605,29.166175
ÇEKMEKÖY->dict_values([1, 2, 3, 4, 5, 6, 7, 8, 9, 10, 11, 12, 13, 14, 15, 16, 17, 18, 19, 20, 21, 22, 23, 24, 25, 26, 27, 28, 29, 30, 31, 32, 33, 34, 35, 36, 37, 38, 39, 40, 41, 42, 43, 44, 45])İSTANBUL ÇEKMEKÖY ADNAN KAHVECİ CAD. MAĞAZASI=koordinat:41.018038,29.231156
ÇEKMEKÖY->dict_values([1, 2, 3, 4, 5, 6, 7, 8, 9, 10, 11, 12, 13, 14, 15, 16, 17, 18, 19, 20, 21, 22, 23, 24, 25, 26, 27, 28, 29, 30, 31, 32, 33, 34, 35, 36, 37, 38, 39, 40, 41, 42, 43, 44, 45])İSTANBUL ÇEKMEKÖY SULTANÇİFTLİĞİ MAĞAZASI  =koordinat:41.029341,29.229316
ÇEKMEKÖY->dict_values([1, 2, 3, 4, 5, 6, 7, 8, 9, 10, 11, 12, 13, 14, 15, 16, 17, 18, 19, 20, 21, 22, 23, 24, 25, 26, 27, 28, 29, 30, 31, 32, 33, 34, 35, 36, 37, 38, 39, 40, 41, 42, 43, 44, 45])ŞOK MİNİ-YUNUS MAĞAZASI                    =koordinat:41.024055,29.189982
ÇEKMEKÖY->dict_values([1, 2, 3, 4, 5, 6, 7, 8, 9, 10, 11, 12, 13, 14, 15, 16, 17, 18, 19, 20, 21, 22, 23, 24, 25, 26, 27, 28, 29, 30, 31, 32, 33, 34, 35, 36, 37, 38, 39, 40, 41, 42, 43, 44, 45])ŞOK MİNİ-BASOGRETMEN MAĞAZASI              =koordinat:41.024297,29.193101
ÇEKMEKÖY->dict_values([1, 2, 3, 4, 5, 6, 7, 8, 9, 10, 11, 12, 13, 14, 15, 16, 17, 18, 19, 20, 21, 22, 23, 24, 25, 26, 27, 28, 29, 30, 31, 32, 33, 34, 35, 36, 37, 38, 39, 40, 41, 42, 43, 44, 45])ŞOK MİNİ-ÇEKMEKOY MAĞAZASI                 =koordinat:41.018423,29.186683
ÇEKMEKÖY->dict_values([1, 2, 3, 4, 5, 6, 7, 8, 9, 10, 11, 12, 13, 14, 15, 16, 17, 18, 19, 20, 21, 22, 23, 24, 25, 26, 27, 28, 29, 30, 31, 32, 33, 34, 35, 36, 37, 38, 39, 40, 41, 42, 43, 44, 45])İSTANBUL ÇEKMEKÖY NİLÜFER SOKAK MAĞAZASI   =koordinat:41.027937,29.179697
ÇEKMEKÖY->dict_values([1, 2, 3, 4, 5, 6, 7, 8, 9, 10, 11, 12, 13, 14, 15, 16, 17, 18, 19, 20, 21, 22, 23, 24, 25, 26, 27, 28, 29, 30, 31, 32, 33, 34, 35, 36, 37, 38, 39, 40, 41, 42, 43, 44, 45])İSTANBUL ŞOK MİNİ-KUBİLAY MAĞAZASI         =koordinat:41.019548,29.188128
ÇEKMEKÖY->dict_values([1, 2, 3, 4, 5, 6, 7, 8, 9, 10, 11, 12, 13, 14, 15, 16, 17, 18, 19, 20, 21, 22, 23, 24, 25, 26, 27, 28, 29, 30, 31, 32, 33, 34, 35, 36, 37, 38, 39, 40, 41, 42, 43, 44, 45])İSTANBUL ŞOK MİNİ-ÇALTEPE YENİ MAĞAZASI    =koordinat:41.033753,29.177649
ÇEKMEKÖY->dict_values([1, 2, 3, 4, 5, 6, 7, 8, 9, 10, 11, 12, 13, 14, 15, 16, 17, 18, 19, 20, 21, 22, 23, 24, 25, 26, 27, 28, 29, 30, 31, 32, 33, 34, 35, 36, 37, 38, 39, 40, 41, 42, 43, 44, 45])İSTANBUL ŞOK MİNİ-SOĞUKPINAR MAĞAZASI      =koordinat:41.025199,29.231137
ÇEKMEKÖY->dict_values([1, 2, 3, 4, 5, 6, 7, 8, 9, 10, 11, 12, 13, 14, 15, 16, 17, 18, 19, 20, 21, 22, 23, 24, 25, 26, 27, 28, 29, 30, 31, 32, 33, 34, 35, 36, 37, 38, 39, 40, 41, 42, 43, 44, 45])İSTANBUL ÇEKMEKÖY ATATÜRK CADDESİ MAĞAZASI =koordinat:41.031572,29.223823
ÇEKMEKÖY->dict_values([1, 2, 3, 4, 5, 6, 7, 8, 9, 10, 11, 12, 13, 14, 15, 16, 17, 18, 19, 20, 21, 22, 23, 24, 25, 26, 27, 28, 29, 30, 31, 32, 33, 34, 35, 36, 37, 38, 39, 40, 41, 42, 43, 44, 45])İSTANBUL ÇEKMEKÖY DİLEK MAĞAZASI           =koordinat:41.016456,29.227651
ÇEKMEKÖY->dict_values([1, 2, 3, 4, 5, 6, 7, 8, 9, 10, 11, 12, 13, 14, 15, 16, 17, 18, 19, 20, 21, 22, 23, 24, 25, 26, 27, 28, 29, 30, 31, 32, 33, 34, 35, 36, 37, 38, 39, 40, 41, 42, 43, 44, 45])ŞOK MİNİ-OMERLI MAĞAZASI                   =koordinat:41.077238,29.330159
ÇEKMEKÖY->dict_values([1, 2, 3, 4, 5, 6, 7, 8, 9, 10, 11, 12, 13, 14, 15, 16, 17, 18, 19, 20, 21, 22, 23, 24, 25, 26, 27, 28, 29, 30, 31, 32, 33, 34, 35, 36, 37, 38, 39, 40, 41, 42, 43, 44, 45])İSTANBUL ÇEKMEKÖY ZİRVE SOKAK MAĞAZASI     =koordinat:41.015636,29.189067
ÇEKMEKÖY->dict_values([1, 2, 3, 4, 5, 6, 7, 8, 9, 10, 11, 12, 13, 14, 15, 16, 17, 18, 19, 20, 21, 22, 23, 24, 25, 26, 27, 28, 29, 30, 31, 32, 33, 34, 35, 36, 37, 38, 39, 40, 41, 42, 43, 44, 45])ŞOK MİNİ-SIRAPINAR MAĞAZASI                =koordinat:41.101373,29.328016
ÇEKMEKÖY->dict_values([1, 2, 3, 4, 5, 6, 7, 8, 9, 10, 11, 12, 13, 14, 15, 16, 17, 18, 19, 20, 21, 22, 23, 24, 25, 26, 27, 28, 29, 30, 31, 32, 33, 34, 35, 36, 37, 38, 39, 40, 41, 42, 43, 44, 45])İSTANBUL ÇEKMEKÖY CUMHURİYET MAH. MAĞAZASI =koordinat:41.022618,29.224408
ÇEKMEKÖY->dict_values([1, 2, 3, 4, 5, 6, 7, 8, 9, 10, 11, 12, 13, 14, 15, 16, 17, 18, 19, 20, 21, 22, 23, 24, 25, 26, 27, 28, 29, 30, 31, 32, 33, 34, 35, 36, 37, 38, 39, 40, 41, 42, 43, 44, 45])ÇEKMEKÖY GELİN ÇİÇEĞİ SOK MAĞAZASI         =koordinat:41.042287,29.268073
ÇEKMEKÖY->dict_values([1, 2, 3, 4, 5, 6, 7, 8, 9, 10, 11, 12, 13, 14, 15, 16, 17, 18, 19, 20, 21, 22, 23, 24, 25, 26, 27, 28, 29, 30, 31, 32, 33, 34, 35, 36, 37, 38, 39, 40, 41, 42, 43, 44, 45])ÇEKMEKÖY YEŞİLYURT CAD. MAĞAZASI           =koordinat:41.0187347,29.22965739
ÇEKMEKÖY->dict_values([1, 2, 3, 4, 5, 6, 7, 8, 9, 10, 11, 12, 13, 14, 15, 16, 17, 18, 19, 20, 21, 22, 23, 24, 25, 26, 27, 28, 29, 30, 31, 32, 33, 34, 35, 36, 37, 38, 39, 40, 41, 42, 43, 44, 45])ÇEKMEKÖY REŞADİYE CADDESİ MAĞAZASI         =koordinat:41.04896887,29.23976094
ÇEKMEKÖY->dict_values([1, 2, 3, 4, 5, 6, 7, 8, 9, 10, 11, 12, 13, 14, 15, 16, 17, 18, 19, 20, 21, 22, 23, 24, 25, 26, 27, 28, 29, 30, 31, 32, 33, 34, 35, 36, 37, 38, 39, 40, 41, 42, 43, 44, 45])ŞOK MİNİ-ÇEKMEKÖY AYDIN MAĞAZASI           =koordinat:41.0211,29.2327
ÇEKMEKÖY->dict_values([1, 2, 3, 4, 5, 6, 7, 8, 9, 10, 11, 12, 13, 14, 15, 16, 17, 18, 19, 20, 21, 22, 23, 24, 25, 26, 27, 28, 29, 30, 31, 32, 33, 34, 35, 36, 37, 38, 39, 40, 41, 42, 43, 44, 45])ŞOK KOÇULLU                                =koordinat:41.0774,29.3481
ÇEKMEKÖY->dict_values([1, 2, 3, 4, 5, 6, 7, 8, 9, 10, 11, 12, 13, 14, 15, 16, 17, 18, 19, 20, 21, 22, 23, 24, 25, 26, 27, 28, 29, 30, 31, 32, 33, 34, 35, 36, 37, 38, 39, 40, 41, 42, 43, 44, 45])ÇEKMEKÖY KİRAZLIDERE MAH MAĞAZASI          =koordinat:41.019949,29.219333
ÇEKMEKÖY->dict_values([1, 2, 3, 4, 5, 6, 7, 8, 9, 10, 11, 12, 13, 14, 15, 16, 17, 18, 19, 20, 21, 22, 23, 24, 25, 26, 27, 28, 29, 30, 31, 32, 33, 34, 35, 36, 37, 38, 39, 40, 41, 42, 43, 44, 45])ÇEKMEKÖY HASAT SOKAK MAĞAZASI              =koordinat:41.018015,29.21448
ÇEKMEKÖY->dict_values([1, 2, 3, 4, 5, 6, 7, 8, 9, 10, 11, 12, 13, 14, 15, 16, 17, 18, 19, 20, 21, 22, 23, 24, 25, 26, 27, 28, 29, 30, 31, 32, 33, 34, 35, 36, 37, 38, 39, 40, 41, 42, 43, 44, 45])ÇEKMEKÖY OĞUZHAN CAD. MAĞAZASI             =koordinat:41.0019,29.1441
ÇEKMEKÖY->dict_values([1, 2, 3, 4, 5, 6, 7, 8, 9, 10, 11, 12, 13, 14, 15, 16, 17, 18, 19, 20, 21, 22, 23, 24, 25, 26, 27, 28, 29, 30, 31, 32, 33, 34, 35, 36, 37, 38, 39, 40, 41, 42, 43, 44, 45])ÇEKMEKÖY VATAN CADDESİ MAĞAZASI            =koordinat:41.023814,29.227704
ÇEKMEKÖY->dict_values([1, 2, 3, 4, 5, 6, 7, 8, 9, 10, 11, 12, 13, 14, 15, 16, 17, 18, 19, 20, 21, 22, 23, 24, 25, 26, 27, 28, 29, 30, 31, 32, 33, 34, 35, 36, 37, 38, 39, 40, 41, 42, 43, 44, 45])ÇEKMEKÖY KARAHAN MAĞAZASI                  =koordinat:37.8792,32.4928
ÇEKMEKÖY->dict_values([1, 2, 3, 4, 5, 6, 7, 8, 9, 10, 11, 12, 13, 14, 15, 16, 17, 18, 19, 20, 21, 22, 23, 24, 25, 26, 27, 28, 29, 30, 31, 32, 33, 34, 35, 36, 37, 38, 39, 40, 41, 42, 43, 44, 45])ÇEKMEKÖY ÇAĞRI BEY MAĞAZASI                =koordinat:41.1615,29.1435
ÇEKMEKÖY->dict_values([1, 2, 3, 4, 5, 6, 7, 8, 9, 10, 11, 12, 13, 14, 15, 16, 17, 18, 19, 20, 21, 22, 23, 24, 25, 26, 27, 28, 29, 30, 31, 32, 33, 34, 35, 36, 37, 38, 39, 40, 41, 42, 43, 44, 45])ÇEKMEKÖY GÜRKAN SOKAK MAĞAZASI             =koordinat:41.026424,29.181251
ÇEKMEKÖY->dict_values([1, 2, 3, 4, 5, 6, 7, 8, 9, 10, 11, 12, 13, 14, 15, 16, 17, 18, 19, 20, 21, 22, 23, 24, 25, 26, 27, 28, 29, 30, 31, 32, 33, 34, 35, 36, 37, 38, 39, 40, 41, 42, 43, 44, 45])ÇEKMEKÖY IHLAMUR CADDESİ MAĞAZASI          =koordinat:41.024959,29.23151
ÇEKMEKÖY->dict_values([1, 2, 3, 4, 5, 6, 7, 8, 9, 10, 11, 12, 13, 14, 15, 16, 17, 18, 19, 20, 21, 22, 23, 24, 25, 26, 27, 28, 29, 30, 31, 32, 33, 34, 35, 36, 37, 38, 39, 40, 41, 42, 43, 44, 45])ŞOK MİNİ-ÇEKMEKÖY GÜMÜŞ SOK MAĞAZASI       =koordinat:40.803589,29.394049
ÇEKMEKÖY->dict_values([1, 2, 3, 4, 5, 6, 7, 8, 9, 10, 11, 12, 13, 14, 15, 16, 17, 18, 19, 20, 21, 22, 23, 24, 25, 26, 27, 28, 29, 30, 31, 32, 33, 34, 35, 36, 37, 38, 39, 40, 41, 42, 43, 44, 45])ÇEKMEKÖY DENİZ SOK MAĞAZASI                =koordinat:41.018182,29.192769
ÇEKMEKÖY->dict_values([1, 2, 3, 4, 5, 6, 7, 8, 9, 10, 11, 12, 13, 14, 15, 16, 17, 18, 19, 20, 21, 22, 23, 24, 25, 26, 27, 28, 29, 30, 31, 32, 33, 34, 35, 36, 37, 38, 39, 40, 41, 42, 43, 44, 45])ÇEKMEKÖY IRMAK SOK MAĞAZASI                =koordinat:41.018745,29.219942
ÇEKMEKÖY->dict_values([1, 2, 3, 4, 5, 6, 7, 8, 9, 10, 11, 12, 13, 14, 15, 16, 17, 18, 19, 20, 21, 22, 23, 24, 25, 26, 27, 28, 29, 30, 31, 32, 33, 34, 35, 36, 37, 38, 39, 40, 41, 42, 43, 44, 45])ÇEKMEKÖY AKASYA SOKAK MAĞAZASI             =koordinat:41.021169,29.189073
ÇEKMEKÖY->dict_values([1, 2, 3, 4, 5, 6, 7, 8, 9, 10, 11, 12, 13, 14, 15, 16, 17, 18, 19, 20, 21, 22, 23, 24, 25, 26, 27, 28, 29, 30, 31, 32, 33, 34, 35, 36, 37, 38, 39, 40, 41, 42, 43, 44, 45])ÇEKMEKÖY DESTAN SOK MAĞAZASI               =koordinat:41.033215,29.21815
ÇEKMEKÖY->dict_values([1, 2, 3, 4, 5, 6, 7, 8, 9, 10, 11, 12, 13, 14, 15, 16, 17, 18, 19, 20, 21, 22, 23, 24, 25, 26, 27, 28, 29, 30, 31, 32, 33, 34, 35, 36, 37, 38, 39, 40, 41, 42, 43, 44, 45])ÇEKMEKÖY ZERAFET EVLERİ MAĞAZASI           =koordinat:41.034554,29.170624
ÇEKMEKÖY->dict_values([1, 2, 3, 4, 5, 6, 7, 8, 9, 10, 11, 12, 13, 14, 15, 16, 17, 18, 19, 20, 21, 22, 23, 24, 25, 26, 27, 28, 29, 30, 31, 32, 33, 34, 35, 36, 37, 38, 39, 40, 41, 42, 43, 44, 45])ÇEKMEKÖY TURGUT ÖZAL BULV MAĞAZASI         =koordinat:41.024714,29.217271
ÇEKMEKÖY->dict_values([1, 2, 3, 4, 5, 6, 7, 8, 9, 10, 11, 12, 13, 14, 15, 16, 17, 18, 19, 20, 21, 22, 23, 24, 25, 26, 27, 28, 29, 30, 31, 32, 33, 34, 35, 36, 37, 38, 39, 40, 41, 42, 43, 44, 45])ÇEKMEKÖY SULTANSUYU CAD MAĞAZASI           =koordinat:41.050224,29.243674
ÇEKMEKÖY->dict_values([1, 2, 3, 4, 5, 6, 7, 8, 9, 10, 11, 12, 13, 14, 15, 16, 17, 18, 19, 20, 21, 22, 23, 24, 25, 26, 27, 28, 29, 30, 31, 32, 33, 34, 35, 36, 37, 38, 39, 40, 41, 42, 43, 44, 45])ÇEKMEKÖY ÇAĞDAŞ CADDESİ MAĞAZASI           =koordinat:41.020034,29.226648
ÇEKMEKÖY->dict_values([1, 2, 3, 4, 5, 6, 7, 8, 9, 10, 11, 12, 13, 14, 15, 16, 17, 18, 19, 20, 21, 22, 23, 24, 25, 26, 27, 28, 29, 30, 31, 32, 33, 34, 35, 36, 37, 38, 39, 40, 41, 42, 43, 44, 45])ÇEKMEKÖY GAZİLER CAD MAĞAZASI              =koordinat:41.01766896,29.19578344
ÇEKMEKÖY->dict_values([1, 2, 3, 4, 5, 6, 7, 8, 9, 10, 11, 12, 13, 14, 15, 16, 17, 18, 19, 20, 21, 22, 23, 24, 25, 26, 27, 28, 29, 30, 31, 32, 33, 34, 35, 36, 37, 38, 39, 40, 41, 42, 43, 44, 45])ÇEKMEKÖY ŞAHİNBEY CADDESİ MAĞAZASI         =koordinat:41.020557,29.192535
ÇEKMEKÖY->dict_values([1, 2, 3, 4, 5, 6, 7, 8, 9, 10, 11, 12, 13, 14, 15, 16, 17, 18, 19, 20, 21, 22, 23, 24, 25, 26, 27, 28, 29, 30, 31, 32, 33, 34, 35, 36, 37, 38, 39, 40, 41, 42, 43, 44, 45])ÇEKMEKÖY EKŞİOĞLU MAH. MAĞAZASI            =koordinat:41.03033943,29.2390193
ÇEKMEKÖY->dict_values([1, 2, 3, 4, 5, 6, 7, 8, 9, 10, 11, 12, 13, 14, 15, 16, 17, 18, 19, 20, 21, 22, 23, 24, 25, 26, 27, 28, 29, 30, 31, 32, 33, 34, 35, 36, 37, 38, 39, 40, 41, 42, 43, 44, 45])ÇEKMEKÖY SARIÇİÇEK EVLERİ MAĞAZASI         =koordinat:41.02172491,29.22149736
ÇEKMEKÖY->dict_values([1, 2, 3, 4, 5, 6, 7, 8, 9, 10, 11, 12, 13, 14, 15, 16, 17, 18, 19, 20, 21, 22, 23, 24, 25, 26, 27, 28, 29, 30, 31, 32, 33, 34, 35, 36, 37, 38, 39, 40, 41, 42, 43, 44, 45])ÇEKMEKÖY KIRLANGIÇ SOKAK MAĞAZASI          =koordinat:41.03273908,29.22785997
ÇEKMEKÖY->dict_values([1, 2, 3, 4, 5, 6, 7, 8, 9, 10, 11, 12, 13, 14, 15, 16, 17, 18, 19, 20, 21, 22, 23, 24, 25, 26, 27, 28, 29, 30, 31, 32, 33, 34, 35, 36, 37, 38, 39, 40, 41, 42, 43, 44, 45])ÇEKMEKÖY PAŞAZADE SOKAK MAĞAZASI           =koordinat:41.021329,29.231087
ÇEKMEKÖY->dict_values([1, 2, 3, 4, 5, 6, 7, 8, 9, 10, 11, 12, 13, 14, 15, 16, 17, 18, 19, 20, 21, 22, 23, 24, 25, 26, 27, 28, 29, 30, 31, 32, 33, 34, 35, 36, 37, 38, 39, 40, 41, 42, 43, 44, 45])ŞOK MİNİ-ÇEKMEKÖY BOSNA CAD MAĞAZASI       =koordinat:41.027962,29.174479
ÇEKMEKÖY->dict_values([1, 2, 3, 4, 5, 6, 7, 8, 9, 10, 11, 12, 13, 14, 15, 16, 17, 18, 19, 20, 21, 22, 23, 24, 25, 26, 27, 28, 29, 30, 31, 32, 33, 34, 35, 36, 37, 38, 39, 40, 41, 42, 43, 44, 45])ÇEKMEKÖY AVŞAR MAĞAZASI                    =koordinat:41.0554,29.2324
ESENLER->dict_values([1, 2, 3, 4, 5, 6, 7, 8, 9, 10, 11, 12, 13, 14, 15, 16, 17, 18, 19, 20, 21, 22, 23, 24, 25, 26, 27, 28, 29, 30, 31, 32, 33, 34, 35, 36, 37, 38, 39, 40, 41, 42, 43, 44, 45])İSTANBUL ATIŞALANI MAĞAZASI                =koordinat:41.056551,28.869174
ESENLER->dict_values([1, 2, 3, 4, 5, 6, 7, 8, 9, 10, 11, 12, 13, 14, 15, 16, 17, 18, 19, 20, 21, 22, 23, 24, 25, 26, 27, 28, 29, 30, 31, 32, 33, 34, 35, 36, 37, 38, 39, 40, 41, 42, 43, 44, 45])İSTANBUL ESENLER FEVZİ ÇAKMAK MAĞAZASI     =koordinat:41.03836,28.882869
ESENLER->dict_values([1, 2, 3, 4, 5, 6, 7, 8, 9, 10, 11, 12, 13, 14, 15, 16, 17, 18, 19, 20, 21, 22, 23, 24, 25, 26, 27, 28, 29, 30, 31, 32, 33, 34, 35, 36, 37, 38, 39, 40, 41, 42, 43, 44, 45])İSTANBUL ESENLER KEMER CAD MAĞAZASI        =koordinat:41.052475,28.876823
ESENLER->dict_values([1, 2, 3, 4, 5, 6, 7, 8, 9, 10, 11, 12, 13, 14, 15, 16, 17, 18, 19, 20, 21, 22, 23, 24, 25, 26, 27, 28, 29, 30, 31, 32, 33, 34, 35, 36, 37, 38, 39, 40, 41, 42, 43, 44, 45])İSTANBUL ESENLER KARAOSMANOĞLU MAĞAZASI    =koordinat:41.061564,28.86711
ESENLER->dict_values([1, 2, 3, 4, 5, 6, 7, 8, 9, 10, 11, 12, 13, 14, 15, 16, 17, 18, 19, 20, 21, 22, 23, 24, 25, 26, 27, 28, 29, 30, 31, 32, 33, 34, 35, 36, 37, 38, 39, 40, 41, 42, 43, 44, 45])İSTANBUL ESENLER BİRLİK MAHALLESİ MAĞAZASI =koordinat:41.048739,28.867899
ESENLER->dict_values([1, 2, 3, 4, 5, 6, 7, 8, 9, 10, 11, 12, 13, 14, 15, 16, 17, 18, 19, 20, 21, 22, 23, 24, 25, 26, 27, 28, 29, 30, 31, 32, 33, 34, 35, 36, 37, 38, 39, 40, 41, 42, 43, 44, 45])İSTANBUL ESENLER NENE HATUN                =koordinat:41.037658,28.880965
ESENLER->dict_values([1, 2, 3, 4, 5, 6, 7, 8, 9, 10, 11, 12, 13, 14, 15, 16, 17, 18, 19, 20, 21, 22, 23, 24, 25, 26, 27, 28, 29, 30, 31, 32, 33, 34, 35, 36, 37, 38, 39, 40, 41, 42, 43, 44, 45])İSTANBUL ESENLER TURGUTREİS MAĞAZASI       =koordinat:41.06021358,28.8646245
ESENLER->dict_values([1, 2, 3, 4, 5, 6, 7, 8, 9, 10, 11, 12, 13, 14, 15, 16, 17, 18, 19, 20, 21, 22, 23, 24, 25, 26, 27, 28, 29, 30, 31, 32, 33, 34, 35, 36, 37, 38, 39, 40, 41, 42, 43, 44, 45])İSTANBUL ESENLER YILDIRIM MAĞAZASI         =koordinat:41.050912,28.874626
ESENLER->dict_values([1, 2, 3, 4, 5, 6, 7, 8, 9, 10, 11, 12, 13, 14, 15, 16, 17, 18, 19, 20, 21, 22, 23, 24, 25, 26, 27, 28, 29, 30, 31, 32, 33, 34, 35, 36, 37, 38, 39, 40, 41, 42, 43, 44, 45])ŞOK MİNİ-KEMERPARK MAĞAZASI                =koordinat:41.049877,28.880746
ESENLER->dict_values([1, 2, 3, 4, 5, 6, 7, 8, 9, 10, 11, 12, 13, 14, 15, 16, 17, 18, 19, 20, 21, 22, 23, 24, 25, 26, 27, 28, 29, 30, 31, 32, 33, 34, 35, 36, 37, 38, 39, 40, 41, 42, 43, 44, 45])ŞOK MİNİ-AŞIK VEYSEL MAĞAZASI              =koordinat:41.045381,28.872781
ESENLER->dict_values([1, 2, 3, 4, 5, 6, 7, 8, 9, 10, 11, 12, 13, 14, 15, 16, 17, 18, 19, 20, 21, 22, 23, 24, 25, 26, 27, 28, 29, 30, 31, 32, 33, 34, 35, 36, 37, 38, 39, 40, 41, 42, 43, 44, 45])İSTANBUL ESENLER FATİH SULTAN MAĞAZASI     =koordinat:41.047485,28.870523
ESENLER->dict_values([1, 2, 3, 4, 5, 6, 7, 8, 9, 10, 11, 12, 13, 14, 15, 16, 17, 18, 19, 20, 21, 22, 23, 24, 25, 26, 27, 28, 29, 30, 31, 32, 33, 34, 35, 36, 37, 38, 39, 40, 41, 42, 43, 44, 45])ŞOK MİNİ-ADEM YAVUZ MAĞAZASI               =koordinat:41.058306,28.861771
ESENLER->dict_values([1, 2, 3, 4, 5, 6, 7, 8, 9, 10, 11, 12, 13, 14, 15, 16, 17, 18, 19, 20, 21, 22, 23, 24, 25, 26, 27, 28, 29, 30, 31, 32, 33, 34, 35, 36, 37, 38, 39, 40, 41, 42, 43, 44, 45])İSTANBUL ESENLER ŞEHİT ALİ MAĞAZASI MAĞAZASI=koordinat:41.0566415,28.8610421
ESENLER->dict_values([1, 2, 3, 4, 5, 6, 7, 8, 9, 10, 11, 12, 13, 14, 15, 16, 17, 18, 19, 20, 21, 22, 23, 24, 25, 26, 27, 28, 29, 30, 31, 32, 33, 34, 35, 36, 37, 38, 39, 40, 41, 42, 43, 44, 45])İSTANBUL ESENLER PARK MAĞAZASI             =koordinat:41.034625,28.875986
ESENLER->dict_values([1, 2, 3, 4, 5, 6, 7, 8, 9, 10, 11, 12, 13, 14, 15, 16, 17, 18, 19, 20, 21, 22, 23, 24, 25, 26, 27, 28, 29, 30, 31, 32, 33, 34, 35, 36, 37, 38, 39, 40, 41, 42, 43, 44, 45])İSTANBUL ESENLER AKSOY MAĞAZASI            =koordinat:41.061852,28.858938
ESENLER->dict_values([1, 2, 3, 4, 5, 6, 7, 8, 9, 10, 11, 12, 13, 14, 15, 16, 17, 18, 19, 20, 21, 22, 23, 24, 25, 26, 27, 28, 29, 30, 31, 32, 33, 34, 35, 36, 37, 38, 39, 40, 41, 42, 43, 44, 45])ŞOK MİNİ-ÖZER MAĞAZASI                     =koordinat:41.045883,28.870144
ESENLER->dict_values([1, 2, 3, 4, 5, 6, 7, 8, 9, 10, 11, 12, 13, 14, 15, 16, 17, 18, 19, 20, 21, 22, 23, 24, 25, 26, 27, 28, 29, 30, 31, 32, 33, 34, 35, 36, 37, 38, 39, 40, 41, 42, 43, 44, 45])ŞOK MİNİ-ERKAN MAĞAZASI                    =koordinat:41.039654,28.874784
ESENLER->dict_values([1, 2, 3, 4, 5, 6, 7, 8, 9, 10, 11, 12, 13, 14, 15, 16, 17, 18, 19, 20, 21, 22, 23, 24, 25, 26, 27, 28, 29, 30, 31, 32, 33, 34, 35, 36, 37, 38, 39, 40, 41, 42, 43, 44, 45])İSTANBUL ESENLER CENGİZ TOPEL MAĞAZASI     =koordinat:41.055673,28.863278
ESENLER->dict_values([1, 2, 3, 4, 5, 6, 7, 8, 9, 10, 11, 12, 13, 14, 15, 16, 17, 18, 19, 20, 21, 22, 23, 24, 25, 26, 27, 28, 29, 30, 31, 32, 33, 34, 35, 36, 37, 38, 39, 40, 41, 42, 43, 44, 45])ŞOK MİNİ ÇİNÇİN MAĞAZASI                   =koordinat:41.042663,28.869914
ESENLER->dict_values([1, 2, 3, 4, 5, 6, 7, 8, 9, 10, 11, 12, 13, 14, 15, 16, 17, 18, 19, 20, 21, 22, 23, 24, 25, 26, 27, 28, 29, 30, 31, 32, 33, 34, 35, 36, 37, 38, 39, 40, 41, 42, 43, 44, 45])İSTANBUL ESENLER ANAFARTALAR CADDESİ MAĞAZASI=koordinat:41.042329,28.863828
ESENLER->dict_values([1, 2, 3, 4, 5, 6, 7, 8, 9, 10, 11, 12, 13, 14, 15, 16, 17, 18, 19, 20, 21, 22, 23, 24, 25, 26, 27, 28, 29, 30, 31, 32, 33, 34, 35, 36, 37, 38, 39, 40, 41, 42, 43, 44, 45])ŞOK MİNİ-AZİZYE MAĞAZASI                   =koordinat:41.035104,28.878904
ESENLER->dict_values([1, 2, 3, 4, 5, 6, 7, 8, 9, 10, 11, 12, 13, 14, 15, 16, 17, 18, 19, 20, 21, 22, 23, 24, 25, 26, 27, 28, 29, 30, 31, 32, 33, 34, 35, 36, 37, 38, 39, 40, 41, 42, 43, 44, 45])ŞOK MİNİ-NENEHATUN MAĞAZASI                =koordinat:41.037202,28.875592
ESENLER->dict_values([1, 2, 3, 4, 5, 6, 7, 8, 9, 10, 11, 12, 13, 14, 15, 16, 17, 18, 19, 20, 21, 22, 23, 24, 25, 26, 27, 28, 29, 30, 31, 32, 33, 34, 35, 36, 37, 38, 39, 40, 41, 42, 43, 44, 45])ŞOK MİNİ-BULBUL MAĞAZASI                   =koordinat:41.049083,28.880436
ESENLER->dict_values([1, 2, 3, 4, 5, 6, 7, 8, 9, 10, 11, 12, 13, 14, 15, 16, 17, 18, 19, 20, 21, 22, 23, 24, 25, 26, 27, 28, 29, 30, 31, 32, 33, 34, 35, 36, 37, 38, 39, 40, 41, 42, 43, 44, 45])İSTANBUL ESENLER KAZIM KARABEKİR MAĞAZASI  =koordinat:41.045019,28.876002
ESENLER->dict_values([1, 2, 3, 4, 5, 6, 7, 8, 9, 10, 11, 12, 13, 14, 15, 16, 17, 18, 19, 20, 21, 22, 23, 24, 25, 26, 27, 28, 29, 30, 31, 32, 33, 34, 35, 36, 37, 38, 39, 40, 41, 42, 43, 44, 45])İSTANBUL ESENLER TOKİ MAĞAZASI             =koordinat:41.064124,28.861328
ESENLER->dict_values([1, 2, 3, 4, 5, 6, 7, 8, 9, 10, 11, 12, 13, 14, 15, 16, 17, 18, 19, 20, 21, 22, 23, 24, 25, 26, 27, 28, 29, 30, 31, 32, 33, 34, 35, 36, 37, 38, 39, 40, 41, 42, 43, 44, 45])ŞOK MİNİ YÜRÜYÜŞYOLU MAĞAZASI              =koordinat:41.04263,28.868022
ESENLER->dict_values([1, 2, 3, 4, 5, 6, 7, 8, 9, 10, 11, 12, 13, 14, 15, 16, 17, 18, 19, 20, 21, 22, 23, 24, 25, 26, 27, 28, 29, 30, 31, 32, 33, 34, 35, 36, 37, 38, 39, 40, 41, 42, 43, 44, 45])ŞOK MİNİ - RUMELİ MAĞAZASI                 =koordinat:41.035118,28.888442
ESENLER->dict_values([1, 2, 3, 4, 5, 6, 7, 8, 9, 10, 11, 12, 13, 14, 15, 16, 17, 18, 19, 20, 21, 22, 23, 24, 25, 26, 27, 28, 29, 30, 31, 32, 33, 34, 35, 36, 37, 38, 39, 40, 41, 42, 43, 44, 45])İSTANBUL ESENLER HAVAALANI MAH. MAĞAZASI   =koordinat:41.055631,28.87184
ESENLER->dict_values([1, 2, 3, 4, 5, 6, 7, 8, 9, 10, 11, 12, 13, 14, 15, 16, 17, 18, 19, 20, 21, 22, 23, 24, 25, 26, 27, 28, 29, 30, 31, 32, 33, 34, 35, 36, 37, 38, 39, 40, 41, 42, 43, 44, 45])İSTANBUL ESENLER KOSOVA CADDESİ MAĞAZASI   =koordinat:41.030793,28.894719
ESENLER->dict_values([1, 2, 3, 4, 5, 6, 7, 8, 9, 10, 11, 12, 13, 14, 15, 16, 17, 18, 19, 20, 21, 22, 23, 24, 25, 26, 27, 28, 29, 30, 31, 32, 33, 34, 35, 36, 37, 38, 39, 40, 41, 42, 43, 44, 45])İSTANBUL ESENLER GAZNELİLER SOKAK MAĞAZASI =koordinat:41.043215,28.861411
ESENLER->dict_values([1, 2, 3, 4, 5, 6, 7, 8, 9, 10, 11, 12, 13, 14, 15, 16, 17, 18, 19, 20, 21, 22, 23, 24, 25, 26, 27, 28, 29, 30, 31, 32, 33, 34, 35, 36, 37, 38, 39, 40, 41, 42, 43, 44, 45])İSTANBUL ESENLER MENDERES MH MAĞAZASI      =koordinat:41.038948,28.875125
ESENLER->dict_values([1, 2, 3, 4, 5, 6, 7, 8, 9, 10, 11, 12, 13, 14, 15, 16, 17, 18, 19, 20, 21, 22, 23, 24, 25, 26, 27, 28, 29, 30, 31, 32, 33, 34, 35, 36, 37, 38, 39, 40, 41, 42, 43, 44, 45])İSTANBUL ESENLER MERCAN CADDESİ MAĞAZASI   =koordinat:41.037047,28.878765
ESENLER->dict_values([1, 2, 3, 4, 5, 6, 7, 8, 9, 10, 11, 12, 13, 14, 15, 16, 17, 18, 19, 20, 21, 22, 23, 24, 25, 26, 27, 28, 29, 30, 31, 32, 33, 34, 35, 36, 37, 38, 39, 40, 41, 42, 43, 44, 45])ŞOK MİNİ-ESENLER PARS MAĞAZASI             =koordinat:41.0416,28.8784
ESENLER->dict_values([1, 2, 3, 4, 5, 6, 7, 8, 9, 10, 11, 12, 13, 14, 15, 16, 17, 18, 19, 20, 21, 22, 23, 24, 25, 26, 27, 28, 29, 30, 31, 32, 33, 34, 35, 36, 37, 38, 39, 40, 41, 42, 43, 44, 45])ESENLER DÖRTYOL MAĞAZASI                   =koordinat:41.04342377,28.87496694
ESENLER->dict_values([1, 2, 3, 4, 5, 6, 7, 8, 9, 10, 11, 12, 13, 14, 15, 16, 17, 18, 19, 20, 21, 22, 23, 24, 25, 26, 27, 28, 29, 30, 31, 32, 33, 34, 35, 36, 37, 38, 39, 40, 41, 42, 43, 44, 45])ESENLER İSTANBUL CAD. MAĞAZASI             =koordinat:41.0369,28.8844
ESENLER->dict_values([1, 2, 3, 4, 5, 6, 7, 8, 9, 10, 11, 12, 13, 14, 15, 16, 17, 18, 19, 20, 21, 22, 23, 24, 25, 26, 27, 28, 29, 30, 31, 32, 33, 34, 35, 36, 37, 38, 39, 40, 41, 42, 43, 44, 45])ESENLER HACI BAYRAM VELİ MAĞAZASI          =koordinat:41.04499297,28.86997148
ESENLER->dict_values([1, 2, 3, 4, 5, 6, 7, 8, 9, 10, 11, 12, 13, 14, 15, 16, 17, 18, 19, 20, 21, 22, 23, 24, 25, 26, 27, 28, 29, 30, 31, 32, 33, 34, 35, 36, 37, 38, 39, 40, 41, 42, 43, 44, 45])ŞOK MİNİ-ESENLER CADDE MAĞAZASI            =koordinat:41.0338,28.8907
ESENLER->dict_values([1, 2, 3, 4, 5, 6, 7, 8, 9, 10, 11, 12, 13, 14, 15, 16, 17, 18, 19, 20, 21, 22, 23, 24, 25, 26, 27, 28, 29, 30, 31, 32, 33, 34, 35, 36, 37, 38, 39, 40, 41, 42, 43, 44, 45])ŞOK MİNİ-GAZNELİ MAĞAZASI                  =koordinat:41.0435288,28.1436782
ESENLER->dict_values([1, 2, 3, 4, 5, 6, 7, 8, 9, 10, 11, 12, 13, 14, 15, 16, 17, 18, 19, 20, 21, 22, 23, 24, 25, 26, 27, 28, 29, 30, 31, 32, 33, 34, 35, 36, 37, 38, 39, 40, 41, 42, 43, 44, 45])ŞOK MİNİ-KARATAY MAĞAZASI                  =koordinat:41.04248,28.87244
ESENLER->dict_values([1, 2, 3, 4, 5, 6, 7, 8, 9, 10, 11, 12, 13, 14, 15, 16, 17, 18, 19, 20, 21, 22, 23, 24, 25, 26, 27, 28, 29, 30, 31, 32, 33, 34, 35, 36, 37, 38, 39, 40, 41, 42, 43, 44, 45])ŞOK MİNİ-PASİNLER 2 MAĞAZASI               =koordinat:41.033536,28.877413
ESENLER->dict_values([1, 2, 3, 4, 5, 6, 7, 8, 9, 10, 11, 12, 13, 14, 15, 16, 17, 18, 19, 20, 21, 22, 23, 24, 25, 26, 27, 28, 29, 30, 31, 32, 33, 34, 35, 36, 37, 38, 39, 40, 41, 42, 43, 44, 45])ŞOK MİNİ-KARADENİZ MAĞAZASI                =koordinat:41.055972,28.858241
ESENLER->dict_values([1, 2, 3, 4, 5, 6, 7, 8, 9, 10, 11, 12, 13, 14, 15, 16, 17, 18, 19, 20, 21, 22, 23, 24, 25, 26, 27, 28, 29, 30, 31, 32, 33, 34, 35, 36, 37, 38, 39, 40, 41, 42, 43, 44, 45])ŞOK MİNİ-ÖYKÜ MAĞAZASI                     =koordinat:41.0403011,28.8828369
ESENLER->dict_values([1, 2, 3, 4, 5, 6, 7, 8, 9, 10, 11, 12, 13, 14, 15, 16, 17, 18, 19, 20, 21, 22, 23, 24, 25, 26, 27, 28, 29, 30, 31, 32, 33, 34, 35, 36, 37, 38, 39, 40, 41, 42, 43, 44, 45])ESENLER CANPOLAT MAĞAZASI                  =koordinat:41.040203,28.878084
ESENLER->dict_values([1, 2, 3, 4, 5, 6, 7, 8, 9, 10, 11, 12, 13, 14, 15, 16, 17, 18, 19, 20, 21, 22, 23, 24, 25, 26, 27, 28, 29, 30, 31, 32, 33, 34, 35, 36, 37, 38, 39, 40, 41, 42, 43, 44, 45])ŞOK MİNİ-ESENLER MAĞAZASI                  =koordinat:41.0442033,28.8725404
ESENLER->dict_values([1, 2, 3, 4, 5, 6, 7, 8, 9, 10, 11, 12, 13, 14, 15, 16, 17, 18, 19, 20, 21, 22, 23, 24, 25, 26, 27, 28, 29, 30, 31, 32, 33, 34, 35, 36, 37, 38, 39, 40, 41, 42, 43, 44, 45])ŞOK MİNİ-ESENLER ÇAKMAK MAĞAZASI           =koordinat:41.0488,28.8799
ESENLER->dict_values([1, 2, 3, 4, 5, 6, 7, 8, 9, 10, 11, 12, 13, 14, 15, 16, 17, 18, 19, 20, 21, 22, 23, 24, 25, 26, 27, 28, 29, 30, 31, 32, 33, 34, 35, 36, 37, 38, 39, 40, 41, 42, 43, 44, 45])ESENLER CİHANGİR MAĞAZASI                  =koordinat:41.042685,28.876397
ESENLER->dict_values([1, 2, 3, 4, 5, 6, 7, 8, 9, 10, 11, 12, 13, 14, 15, 16, 17, 18, 19, 20, 21, 22, 23, 24, 25, 26, 27, 28, 29, 30, 31, 32, 33, 34, 35, 36, 37, 38, 39, 40, 41, 42, 43, 44, 45])ESENLER ÇİNÇİNDERE MAĞAZASI                =koordinat:41.043925,28.868744
ESENYURT->dict_values([1, 2, 3, 4, 5, 6, 7, 8, 9, 10, 11, 12, 13, 14, 15, 16, 17, 18, 19, 20, 21, 22, 23, 24, 25, 26, 27, 28, 29, 30, 31, 32, 33, 34, 35, 36, 37, 38, 39, 40, 41, 42, 43, 44, 45])İSTANBUL ESENYURT SAATDERE MAĞAZASI        =koordinat:41.005012,28.69748
ESENYURT->dict_values([1, 2, 3, 4, 5, 6, 7, 8, 9, 10, 11, 12, 13, 14, 15, 16, 17, 18, 19, 20, 21, 22, 23, 24, 25, 26, 27, 28, 29, 30, 31, 32, 33, 34, 35, 36, 37, 38, 39, 40, 41, 42, 43, 44, 45])İSTANBUL BEYLİKDÜZÜ BEYCENTER MAĞAZASI     =koordinat:41.016,28.6468
ESENYURT->dict_values([1, 2, 3, 4, 5, 6, 7, 8, 9, 10, 11, 12, 13, 14, 15, 16, 17, 18, 19, 20, 21, 22, 23, 24, 25, 26, 27, 28, 29, 30, 31, 32, 33, 34, 35, 36, 37, 38, 39, 40, 41, 42, 43, 44, 45])İSTANBUL ESENKENT PAZARİÇİ MAĞAZASI        =koordinat:41.061174,28.676335
ESENYURT->dict_values([1, 2, 3, 4, 5, 6, 7, 8, 9, 10, 11, 12, 13, 14, 15, 16, 17, 18, 19, 20, 21, 22, 23, 24, 25, 26, 27, 28, 29, 30, 31, 32, 33, 34, 35, 36, 37, 38, 39, 40, 41, 42, 43, 44, 45])İSTANBUL ESENYURT BAĞLARÇEŞME MAĞAZASI     =koordinat:41.036498,28.669411
ESENYURT->dict_values([1, 2, 3, 4, 5, 6, 7, 8, 9, 10, 11, 12, 13, 14, 15, 16, 17, 18, 19, 20, 21, 22, 23, 24, 25, 26, 27, 28, 29, 30, 31, 32, 33, 34, 35, 36, 37, 38, 39, 40, 41, 42, 43, 44, 45])İSTANBUL ESENYURT İSTİKLAL MAĞAZASI        =koordinat:41.034584,28.65174
ESENYURT->dict_values([1, 2, 3, 4, 5, 6, 7, 8, 9, 10, 11, 12, 13, 14, 15, 16, 17, 18, 19, 20, 21, 22, 23, 24, 25, 26, 27, 28, 29, 30, 31, 32, 33, 34, 35, 36, 37, 38, 39, 40, 41, 42, 43, 44, 45])İSTANBUL ESENYURT EKECİK MAĞAZASI          =koordinat:41.019726,28.651394
ESENYURT->dict_values([1, 2, 3, 4, 5, 6, 7, 8, 9, 10, 11, 12, 13, 14, 15, 16, 17, 18, 19, 20, 21, 22, 23, 24, 25, 26, 27, 28, 29, 30, 31, 32, 33, 34, 35, 36, 37, 38, 39, 40, 41, 42, 43, 44, 45])İSTANBUL ESENYURT CUMHURİYET MAH. MAĞAZASI =koordinat:41.01888,28.650501
ESENYURT->dict_values([1, 2, 3, 4, 5, 6, 7, 8, 9, 10, 11, 12, 13, 14, 15, 16, 17, 18, 19, 20, 21, 22, 23, 24, 25, 26, 27, 28, 29, 30, 31, 32, 33, 34, 35, 36, 37, 38, 39, 40, 41, 42, 43, 44, 45])İSTANBUL HARAMİDERE MAĞAZASI               =koordinat:41.017534,28.661458
ESENYURT->dict_values([1, 2, 3, 4, 5, 6, 7, 8, 9, 10, 11, 12, 13, 14, 15, 16, 17, 18, 19, 20, 21, 22, 23, 24, 25, 26, 27, 28, 29, 30, 31, 32, 33, 34, 35, 36, 37, 38, 39, 40, 41, 42, 43, 44, 45])İSTANBUL ESENYURT ÜNVERDİ MAĞAZASI         =koordinat:41.025991,28.675263
ESENYURT->dict_values([1, 2, 3, 4, 5, 6, 7, 8, 9, 10, 11, 12, 13, 14, 15, 16, 17, 18, 19, 20, 21, 22, 23, 24, 25, 26, 27, 28, 29, 30, 31, 32, 33, 34, 35, 36, 37, 38, 39, 40, 41, 42, 43, 44, 45])İSTANBUL ARDIÇ EVLER MAĞAZASI              =koordinat:41.043006,28.679976
ESENYURT->dict_values([1, 2, 3, 4, 5, 6, 7, 8, 9, 10, 11, 12, 13, 14, 15, 16, 17, 18, 19, 20, 21, 22, 23, 24, 25, 26, 27, 28, 29, 30, 31, 32, 33, 34, 35, 36, 37, 38, 39, 40, 41, 42, 43, 44, 45])İSTANBUL GÜZELYURT YAKUPLU MAĞAZASI        =koordinat:41.0145,28.6543
ESENYURT->dict_values([1, 2, 3, 4, 5, 6, 7, 8, 9, 10, 11, 12, 13, 14, 15, 16, 17, 18, 19, 20, 21, 22, 23, 24, 25, 26, 27, 28, 29, 30, 31, 32, 33, 34, 35, 36, 37, 38, 39, 40, 41, 42, 43, 44, 45])İSTANBUL ESENYURT YENİKENT MAĞAZASI        =koordinat:41.036812,28.680467
ESENYURT->dict_values([1, 2, 3, 4, 5, 6, 7, 8, 9, 10, 11, 12, 13, 14, 15, 16, 17, 18, 19, 20, 21, 22, 23, 24, 25, 26, 27, 28, 29, 30, 31, 32, 33, 34, 35, 36, 37, 38, 39, 40, 41, 42, 43, 44, 45])İSTANBUL ESENYURT KIRAÇ MAĞAZASI           =koordinat:41.033927,28.650394
ESENYURT->dict_values([1, 2, 3, 4, 5, 6, 7, 8, 9, 10, 11, 12, 13, 14, 15, 16, 17, 18, 19, 20, 21, 22, 23, 24, 25, 26, 27, 28, 29, 30, 31, 32, 33, 34, 35, 36, 37, 38, 39, 40, 41, 42, 43, 44, 45])AVRUPA ORTA DM SATIŞ                       =koordinat:41.203,28.273
ESENYURT->dict_values([1, 2, 3, 4, 5, 6, 7, 8, 9, 10, 11, 12, 13, 14, 15, 16, 17, 18, 19, 20, 21, 22, 23, 24, 25, 26, 27, 28, 29, 30, 31, 32, 33, 34, 35, 36, 37, 38, 39, 40, 41, 42, 43, 44, 45])İSTANBUL ESENYURT KAZIM KARABEKİR MAĞAZASI =koordinat:41.024014,28.64445
ESENYURT->dict_values([1, 2, 3, 4, 5, 6, 7, 8, 9, 10, 11, 12, 13, 14, 15, 16, 17, 18, 19, 20, 21, 22, 23, 24, 25, 26, 27, 28, 29, 30, 31, 32, 33, 34, 35, 36, 37, 38, 39, 40, 41, 42, 43, 44, 45])İSTANBUL ESENYURT MEHMET AKİF MAĞAZASI     =koordinat:41.015197,28.662598
ESENYURT->dict_values([1, 2, 3, 4, 5, 6, 7, 8, 9, 10, 11, 12, 13, 14, 15, 16, 17, 18, 19, 20, 21, 22, 23, 24, 25, 26, 27, 28, 29, 30, 31, 32, 33, 34, 35, 36, 37, 38, 39, 40, 41, 42, 43, 44, 45])İSTANBUL ESENYURT FATİH MAĞAZASI           =koordinat:41.028707,28.677331
ESENYURT->dict_values([1, 2, 3, 4, 5, 6, 7, 8, 9, 10, 11, 12, 13, 14, 15, 16, 17, 18, 19, 20, 21, 22, 23, 24, 25, 26, 27, 28, 29, 30, 31, 32, 33, 34, 35, 36, 37, 38, 39, 40, 41, 42, 43, 44, 45])İSTANBUL ESENYURT TÜYAP MAĞAZASI           =koordinat:41.026183,28.627112
ESENYURT->dict_values([1, 2, 3, 4, 5, 6, 7, 8, 9, 10, 11, 12, 13, 14, 15, 16, 17, 18, 19, 20, 21, 22, 23, 24, 25, 26, 27, 28, 29, 30, 31, 32, 33, 34, 35, 36, 37, 38, 39, 40, 41, 42, 43, 44, 45])İSTANBUL ESENYURT YAŞAR KEMAL              =koordinat:41.034627,28.668743
ESENYURT->dict_values([1, 2, 3, 4, 5, 6, 7, 8, 9, 10, 11, 12, 13, 14, 15, 16, 17, 18, 19, 20, 21, 22, 23, 24, 25, 26, 27, 28, 29, 30, 31, 32, 33, 34, 35, 36, 37, 38, 39, 40, 41, 42, 43, 44, 45])İSTANBUL ESENYURT ERTUĞRUL GAZİ            =koordinat:41.009044,28.667343
ESENYURT->dict_values([1, 2, 3, 4, 5, 6, 7, 8, 9, 10, 11, 12, 13, 14, 15, 16, 17, 18, 19, 20, 21, 22, 23, 24, 25, 26, 27, 28, 29, 30, 31, 32, 33, 34, 35, 36, 37, 38, 39, 40, 41, 42, 43, 44, 45])İSTANBUL ESENYURT NAZIM HİKMET             =koordinat:41.017439,28.646574
ESENYURT->dict_values([1, 2, 3, 4, 5, 6, 7, 8, 9, 10, 11, 12, 13, 14, 15, 16, 17, 18, 19, 20, 21, 22, 23, 24, 25, 26, 27, 28, 29, 30, 31, 32, 33, 34, 35, 36, 37, 38, 39, 40, 41, 42, 43, 44, 45])İSTANBUL ESENYURT İNCİRTEPE MAĞAZASI       =koordinat:41.022512,28.697077
ESENYURT->dict_values([1, 2, 3, 4, 5, 6, 7, 8, 9, 10, 11, 12, 13, 14, 15, 16, 17, 18, 19, 20, 21, 22, 23, 24, 25, 26, 27, 28, 29, 30, 31, 32, 33, 34, 35, 36, 37, 38, 39, 40, 41, 42, 43, 44, 45])İSTANBUL ESENYURT HÜRRİYET                 =koordinat:41.02317,28.69071
ESENYURT->dict_values([1, 2, 3, 4, 5, 6, 7, 8, 9, 10, 11, 12, 13, 14, 15, 16, 17, 18, 19, 20, 21, 22, 23, 24, 25, 26, 27, 28, 29, 30, 31, 32, 33, 34, 35, 36, 37, 38, 39, 40, 41, 42, 43, 44, 45])İSTANBUL ESENYURT N TOWERS MAĞAZASI        =koordinat:41.017594,28.67267
ESENYURT->dict_values([1, 2, 3, 4, 5, 6, 7, 8, 9, 10, 11, 12, 13, 14, 15, 16, 17, 18, 19, 20, 21, 22, 23, 24, 25, 26, 27, 28, 29, 30, 31, 32, 33, 34, 35, 36, 37, 38, 39, 40, 41, 42, 43, 44, 45])İSTANBUL ESENYURT MERKEZ MAĞAZASI          =koordinat:41.037269,28.677967
ESENYURT->dict_values([1, 2, 3, 4, 5, 6, 7, 8, 9, 10, 11, 12, 13, 14, 15, 16, 17, 18, 19, 20, 21, 22, 23, 24, 25, 26, 27, 28, 29, 30, 31, 32, 33, 34, 35, 36, 37, 38, 39, 40, 41, 42, 43, 44, 45])İSTANBUL ESENKENT TALATPAŞA MAĞAZASI       =koordinat:41.059192,28.672374
ESENYURT->dict_values([1, 2, 3, 4, 5, 6, 7, 8, 9, 10, 11, 12, 13, 14, 15, 16, 17, 18, 19, 20, 21, 22, 23, 24, 25, 26, 27, 28, 29, 30, 31, 32, 33, 34, 35, 36, 37, 38, 39, 40, 41, 42, 43, 44, 45])İSTANBUL FEVZİÇAKMAK MAĞAZASI              =koordinat:41.01043,28.695516
ESENYURT->dict_values([1, 2, 3, 4, 5, 6, 7, 8, 9, 10, 11, 12, 13, 14, 15, 16, 17, 18, 19, 20, 21, 22, 23, 24, 25, 26, 27, 28, 29, 30, 31, 32, 33, 34, 35, 36, 37, 38, 39, 40, 41, 42, 43, 44, 45])AVRUPA BATI DM SATIŞ                       =koordinat:41.203,28.273
ESENYURT->dict_values([1, 2, 3, 4, 5, 6, 7, 8, 9, 10, 11, 12, 13, 14, 15, 16, 17, 18, 19, 20, 21, 22, 23, 24, 25, 26, 27, 28, 29, 30, 31, 32, 33, 34, 35, 36, 37, 38, 39, 40, 41, 42, 43, 44, 45])İSTANBUL ESENYURT ISPARTAKULE MAĞAZASI     =koordinat:41.044748,28.679008
ESENYURT->dict_values([1, 2, 3, 4, 5, 6, 7, 8, 9, 10, 11, 12, 13, 14, 15, 16, 17, 18, 19, 20, 21, 22, 23, 24, 25, 26, 27, 28, 29, 30, 31, 32, 33, 34, 35, 36, 37, 38, 39, 40, 41, 42, 43, 44, 45])ŞOK MİNİ-MİMOZA MAĞAZASI                   =koordinat:41.043957,28.647183
ESENYURT->dict_values([1, 2, 3, 4, 5, 6, 7, 8, 9, 10, 11, 12, 13, 14, 15, 16, 17, 18, 19, 20, 21, 22, 23, 24, 25, 26, 27, 28, 29, 30, 31, 32, 33, 34, 35, 36, 37, 38, 39, 40, 41, 42, 43, 44, 45])İSTANBUL ESENYURT OKUL YOLU MAĞAZASI       =koordinat:41.041269,28.672787
ESENYURT->dict_values([1, 2, 3, 4, 5, 6, 7, 8, 9, 10, 11, 12, 13, 14, 15, 16, 17, 18, 19, 20, 21, 22, 23, 24, 25, 26, 27, 28, 29, 30, 31, 32, 33, 34, 35, 36, 37, 38, 39, 40, 41, 42, 43, 44, 45])ESENYURT NMERKEZ                           =koordinat:41.0414012,28.6778314
ESENYURT->dict_values([1, 2, 3, 4, 5, 6, 7, 8, 9, 10, 11, 12, 13, 14, 15, 16, 17, 18, 19, 20, 21, 22, 23, 24, 25, 26, 27, 28, 29, 30, 31, 32, 33, 34, 35, 36, 37, 38, 39, 40, 41, 42, 43, 44, 45])İSTANBUL ESENYURT ÜÇ EVLER MAĞAZASI        =koordinat:41.028512,28.681649
ESENYURT->dict_values([1, 2, 3, 4, 5, 6, 7, 8, 9, 10, 11, 12, 13, 14, 15, 16, 17, 18, 19, 20, 21, 22, 23, 24, 25, 26, 27, 28, 29, 30, 31, 32, 33, 34, 35, 36, 37, 38, 39, 40, 41, 42, 43, 44, 45])ŞOK MİNİ-ZEYTİN MAĞAZASI                   =koordinat:41.036214,28.654244
ESENYURT->dict_values([1, 2, 3, 4, 5, 6, 7, 8, 9, 10, 11, 12, 13, 14, 15, 16, 17, 18, 19, 20, 21, 22, 23, 24, 25, 26, 27, 28, 29, 30, 31, 32, 33, 34, 35, 36, 37, 38, 39, 40, 41, 42, 43, 44, 45])İSTANBUL ESENYURT ŞENTÜRK MAĞAZASI         =koordinat:41.00145,28.69807
ESENYURT->dict_values([1, 2, 3, 4, 5, 6, 7, 8, 9, 10, 11, 12, 13, 14, 15, 16, 17, 18, 19, 20, 21, 22, 23, 24, 25, 26, 27, 28, 29, 30, 31, 32, 33, 34, 35, 36, 37, 38, 39, 40, 41, 42, 43, 44, 45])İSTANBUL ESENYURT YILMAZ MAĞAZASI          =koordinat:41.003366,28.696811
ESENYURT->dict_values([1, 2, 3, 4, 5, 6, 7, 8, 9, 10, 11, 12, 13, 14, 15, 16, 17, 18, 19, 20, 21, 22, 23, 24, 25, 26, 27, 28, 29, 30, 31, 32, 33, 34, 35, 36, 37, 38, 39, 40, 41, 42, 43, 44, 45])İSTANBUL ESENYURT SU YOLU MAĞAZASI         =koordinat:41.00406,28.693614
ESENYURT->dict_values([1, 2, 3, 4, 5, 6, 7, 8, 9, 10, 11, 12, 13, 14, 15, 16, 17, 18, 19, 20, 21, 22, 23, 24, 25, 26, 27, 28, 29, 30, 31, 32, 33, 34, 35, 36, 37, 38, 39, 40, 41, 42, 43, 44, 45])İSTANBUL ESENYURT MADENCİ MAĞAZASI         =koordinat:41.018243,28.661925
ESENYURT->dict_values([1, 2, 3, 4, 5, 6, 7, 8, 9, 10, 11, 12, 13, 14, 15, 16, 17, 18, 19, 20, 21, 22, 23, 24, 25, 26, 27, 28, 29, 30, 31, 32, 33, 34, 35, 36, 37, 38, 39, 40, 41, 42, 43, 44, 45])İSTANBUL ESENYURT İKİZLER MAĞAZASI         =koordinat:41.024682,28.629154
ESENYURT->dict_values([1, 2, 3, 4, 5, 6, 7, 8, 9, 10, 11, 12, 13, 14, 15, 16, 17, 18, 19, 20, 21, 22, 23, 24, 25, 26, 27, 28, 29, 30, 31, 32, 33, 34, 35, 36, 37, 38, 39, 40, 41, 42, 43, 44, 45])ŞOK MİNİ ISPARTA CADDESİ MAĞAZASI          =koordinat:41.045022,28.686795
ESENYURT->dict_values([1, 2, 3, 4, 5, 6, 7, 8, 9, 10, 11, 12, 13, 14, 15, 16, 17, 18, 19, 20, 21, 22, 23, 24, 25, 26, 27, 28, 29, 30, 31, 32, 33, 34, 35, 36, 37, 38, 39, 40, 41, 42, 43, 44, 45])İSTANBUL ESENYURT MEHTERÇEŞME MAĞAZASI     =koordinat:41.019528,28.6584
ESENYURT->dict_values([1, 2, 3, 4, 5, 6, 7, 8, 9, 10, 11, 12, 13, 14, 15, 16, 17, 18, 19, 20, 21, 22, 23, 24, 25, 26, 27, 28, 29, 30, 31, 32, 33, 34, 35, 36, 37, 38, 39, 40, 41, 42, 43, 44, 45])İSTANBUL ESENYURT SUDE MAĞAZASI            =koordinat:41.062942,28.65409
ESENYURT->dict_values([1, 2, 3, 4, 5, 6, 7, 8, 9, 10, 11, 12, 13, 14, 15, 16, 17, 18, 19, 20, 21, 22, 23, 24, 25, 26, 27, 28, 29, 30, 31, 32, 33, 34, 35, 36, 37, 38, 39, 40, 41, 42, 43, 44, 45])İSTANBUL ESENYURT VİZYON MAĞAZASI          =koordinat:41.028575,28.661423
ESENYURT->dict_values([1, 2, 3, 4, 5, 6, 7, 8, 9, 10, 11, 12, 13, 14, 15, 16, 17, 18, 19, 20, 21, 22, 23, 24, 25, 26, 27, 28, 29, 30, 31, 32, 33, 34, 35, 36, 37, 38, 39, 40, 41, 42, 43, 44, 45])İSTANBUL ESENYURT MİRZA MAĞAZASI           =koordinat:41.03891,28.662815
ESENYURT->dict_values([1, 2, 3, 4, 5, 6, 7, 8, 9, 10, 11, 12, 13, 14, 15, 16, 17, 18, 19, 20, 21, 22, 23, 24, 25, 26, 27, 28, 29, 30, 31, 32, 33, 34, 35, 36, 37, 38, 39, 40, 41, 42, 43, 44, 45])İSTANBUL ESENYURT ORHAN GAZİ MAĞAZASI      =koordinat:41.0646,28.658558
ESENYURT->dict_values([1, 2, 3, 4, 5, 6, 7, 8, 9, 10, 11, 12, 13, 14, 15, 16, 17, 18, 19, 20, 21, 22, 23, 24, 25, 26, 27, 28, 29, 30, 31, 32, 33, 34, 35, 36, 37, 38, 39, 40, 41, 42, 43, 44, 45])İSTANBUL ESENYURT AHMET İSMAİL MAĞAZASI    =koordinat:41.032191,28.675725
ESENYURT->dict_values([1, 2, 3, 4, 5, 6, 7, 8, 9, 10, 11, 12, 13, 14, 15, 16, 17, 18, 19, 20, 21, 22, 23, 24, 25, 26, 27, 28, 29, 30, 31, 32, 33, 34, 35, 36, 37, 38, 39, 40, 41, 42, 43, 44, 45])İSTANBUL ESENYURT KOZA MAĞAZASI            =koordinat:41.058248,28.669292
ESENYURT->dict_values([1, 2, 3, 4, 5, 6, 7, 8, 9, 10, 11, 12, 13, 14, 15, 16, 17, 18, 19, 20, 21, 22, 23, 24, 25, 26, 27, 28, 29, 30, 31, 32, 33, 34, 35, 36, 37, 38, 39, 40, 41, 42, 43, 44, 45])İSTANBUL AKÇABURGAZ KAYRA MAĞAZASI         =koordinat:41.074705,28.634762
ESENYURT->dict_values([1, 2, 3, 4, 5, 6, 7, 8, 9, 10, 11, 12, 13, 14, 15, 16, 17, 18, 19, 20, 21, 22, 23, 24, 25, 26, 27, 28, 29, 30, 31, 32, 33, 34, 35, 36, 37, 38, 39, 40, 41, 42, 43, 44, 45])İSTANBUL ESENYURT HASANBEY MAĞAZASI        =koordinat:41.040532,28.687368
ESENYURT->dict_values([1, 2, 3, 4, 5, 6, 7, 8, 9, 10, 11, 12, 13, 14, 15, 16, 17, 18, 19, 20, 21, 22, 23, 24, 25, 26, 27, 28, 29, 30, 31, 32, 33, 34, 35, 36, 37, 38, 39, 40, 41, 42, 43, 44, 45])İSTANBUL ESENYURT ESENKENT KARANFİL MAĞAZASI=koordinat:41.065096,28.669797
ESENYURT->dict_values([1, 2, 3, 4, 5, 6, 7, 8, 9, 10, 11, 12, 13, 14, 15, 16, 17, 18, 19, 20, 21, 22, 23, 24, 25, 26, 27, 28, 29, 30, 31, 32, 33, 34, 35, 36, 37, 38, 39, 40, 41, 42, 43, 44, 45])İSTANBUL ESENYURT ATAK MAĞAZASI            =koordinat:41.024308,28.686915
ESENYURT->dict_values([1, 2, 3, 4, 5, 6, 7, 8, 9, 10, 11, 12, 13, 14, 15, 16, 17, 18, 19, 20, 21, 22, 23, 24, 25, 26, 27, 28, 29, 30, 31, 32, 33, 34, 35, 36, 37, 38, 39, 40, 41, 42, 43, 44, 45])İSTANBUL ESENYURT MANDIRA MAĞAZASI         =koordinat:41.027021,28.688806
ESENYURT->dict_values([1, 2, 3, 4, 5, 6, 7, 8, 9, 10, 11, 12, 13, 14, 15, 16, 17, 18, 19, 20, 21, 22, 23, 24, 25, 26, 27, 28, 29, 30, 31, 32, 33, 34, 35, 36, 37, 38, 39, 40, 41, 42, 43, 44, 45])İSTANBUL ESENYURT AKÇABURGAZ MAĞAZASI      =koordinat:41.081047,28.62955
ESENYURT->dict_values([1, 2, 3, 4, 5, 6, 7, 8, 9, 10, 11, 12, 13, 14, 15, 16, 17, 18, 19, 20, 21, 22, 23, 24, 25, 26, 27, 28, 29, 30, 31, 32, 33, 34, 35, 36, 37, 38, 39, 40, 41, 42, 43, 44, 45])İSTANBUL ESENYURT PRESTİJ PARK MAĞAZASI    =koordinat:41.01312,28.684187
ESENYURT->dict_values([1, 2, 3, 4, 5, 6, 7, 8, 9, 10, 11, 12, 13, 14, 15, 16, 17, 18, 19, 20, 21, 22, 23, 24, 25, 26, 27, 28, 29, 30, 31, 32, 33, 34, 35, 36, 37, 38, 39, 40, 41, 42, 43, 44, 45])İSTANBUL ESENYURT BALIKYOLU MAĞAZASI       =koordinat:41.032189,28.690732
ESENYURT->dict_values([1, 2, 3, 4, 5, 6, 7, 8, 9, 10, 11, 12, 13, 14, 15, 16, 17, 18, 19, 20, 21, 22, 23, 24, 25, 26, 27, 28, 29, 30, 31, 32, 33, 34, 35, 36, 37, 38, 39, 40, 41, 42, 43, 44, 45])İSTANBUL ESENYURT GÜZELYURT YILDIRIM MAĞAZASI=koordinat:41.010603,28.664349
ESENYURT->dict_values([1, 2, 3, 4, 5, 6, 7, 8, 9, 10, 11, 12, 13, 14, 15, 16, 17, 18, 19, 20, 21, 22, 23, 24, 25, 26, 27, 28, 29, 30, 31, 32, 33, 34, 35, 36, 37, 38, 39, 40, 41, 42, 43, 44, 45])İSTANBUL ESENYURT AŞIK MAHSUNİ MAĞAZASI    =koordinat:41.014347,28.696437
ESENYURT->dict_values([1, 2, 3, 4, 5, 6, 7, 8, 9, 10, 11, 12, 13, 14, 15, 16, 17, 18, 19, 20, 21, 22, 23, 24, 25, 26, 27, 28, 29, 30, 31, 32, 33, 34, 35, 36, 37, 38, 39, 40, 41, 42, 43, 44, 45])İSTANBUL ESENYURT KONGRE MAĞAZASI          =koordinat:41.042369,28.660742
ESENYURT->dict_values([1, 2, 3, 4, 5, 6, 7, 8, 9, 10, 11, 12, 13, 14, 15, 16, 17, 18, 19, 20, 21, 22, 23, 24, 25, 26, 27, 28, 29, 30, 31, 32, 33, 34, 35, 36, 37, 38, 39, 40, 41, 42, 43, 44, 45])ŞOK MİNİ-CEYLAN MAĞAZASI                   =koordinat:41.02899,28.692416
ESENYURT->dict_values([1, 2, 3, 4, 5, 6, 7, 8, 9, 10, 11, 12, 13, 14, 15, 16, 17, 18, 19, 20, 21, 22, 23, 24, 25, 26, 27, 28, 29, 30, 31, 32, 33, 34, 35, 36, 37, 38, 39, 40, 41, 42, 43, 44, 45])İSTANBUL ESENYURT AKÇABURGAZ YUNUS EMRE MAĞAZASI=koordinat:41.078106,28.631994
ESENYURT->dict_values([1, 2, 3, 4, 5, 6, 7, 8, 9, 10, 11, 12, 13, 14, 15, 16, 17, 18, 19, 20, 21, 22, 23, 24, 25, 26, 27, 28, 29, 30, 31, 32, 33, 34, 35, 36, 37, 38, 39, 40, 41, 42, 43, 44, 45])İSTANBUL ESENYURT AKTAŞ MAĞAZASI           =koordinat:41.039355,28.691499
ESENYURT->dict_values([1, 2, 3, 4, 5, 6, 7, 8, 9, 10, 11, 12, 13, 14, 15, 16, 17, 18, 19, 20, 21, 22, 23, 24, 25, 26, 27, 28, 29, 30, 31, 32, 33, 34, 35, 36, 37, 38, 39, 40, 41, 42, 43, 44, 45])İSTANBUL ESENYURT BOTANICA MAĞAZASI        =koordinat:41.010849,28.66187
ESENYURT->dict_values([1, 2, 3, 4, 5, 6, 7, 8, 9, 10, 11, 12, 13, 14, 15, 16, 17, 18, 19, 20, 21, 22, 23, 24, 25, 26, 27, 28, 29, 30, 31, 32, 33, 34, 35, 36, 37, 38, 39, 40, 41, 42, 43, 44, 45])ŞOK MİNİ-MEYDAN MAĞAZASI                   =koordinat:41.004389,28.699331
ESENYURT->dict_values([1, 2, 3, 4, 5, 6, 7, 8, 9, 10, 11, 12, 13, 14, 15, 16, 17, 18, 19, 20, 21, 22, 23, 24, 25, 26, 27, 28, 29, 30, 31, 32, 33, 34, 35, 36, 37, 38, 39, 40, 41, 42, 43, 44, 45])İSTANBUL ESENYURT ESENKENT SUNFLOWER MAĞAZASI=koordinat:41.05973,28.674872
ESENYURT->dict_values([1, 2, 3, 4, 5, 6, 7, 8, 9, 10, 11, 12, 13, 14, 15, 16, 17, 18, 19, 20, 21, 22, 23, 24, 25, 26, 27, 28, 29, 30, 31, 32, 33, 34, 35, 36, 37, 38, 39, 40, 41, 42, 43, 44, 45])ŞOK MİNİ-PAZARYOLU MAĞAZASI                =koordinat:41.026523,28.67247
ESENYURT->dict_values([1, 2, 3, 4, 5, 6, 7, 8, 9, 10, 11, 12, 13, 14, 15, 16, 17, 18, 19, 20, 21, 22, 23, 24, 25, 26, 27, 28, 29, 30, 31, 32, 33, 34, 35, 36, 37, 38, 39, 40, 41, 42, 43, 44, 45])İSTANBUL ESENYURT KRİSTAL ŞEHİR MAĞAZASI   =koordinat:41.02246,28.635998
ESENYURT->dict_values([1, 2, 3, 4, 5, 6, 7, 8, 9, 10, 11, 12, 13, 14, 15, 16, 17, 18, 19, 20, 21, 22, 23, 24, 25, 26, 27, 28, 29, 30, 31, 32, 33, 34, 35, 36, 37, 38, 39, 40, 41, 42, 43, 44, 45])ŞOK MİNİ-ORNEK MAĞAZASI                    =koordinat:41.041277,28.664341
ESENYURT->dict_values([1, 2, 3, 4, 5, 6, 7, 8, 9, 10, 11, 12, 13, 14, 15, 16, 17, 18, 19, 20, 21, 22, 23, 24, 25, 26, 27, 28, 29, 30, 31, 32, 33, 34, 35, 36, 37, 38, 39, 40, 41, 42, 43, 44, 45])İSTANBUL ESENYURT AYIŞIĞI MAĞAZASI         =koordinat:41.023395,28.642277
ESENYURT->dict_values([1, 2, 3, 4, 5, 6, 7, 8, 9, 10, 11, 12, 13, 14, 15, 16, 17, 18, 19, 20, 21, 22, 23, 24, 25, 26, 27, 28, 29, 30, 31, 32, 33, 34, 35, 36, 37, 38, 39, 40, 41, 42, 43, 44, 45])İSTANBUL ESENYURT OZANLAR MAĞAZASI         =koordinat:41.0335,28.690973
ESENYURT->dict_values([1, 2, 3, 4, 5, 6, 7, 8, 9, 10, 11, 12, 13, 14, 15, 16, 17, 18, 19, 20, 21, 22, 23, 24, 25, 26, 27, 28, 29, 30, 31, 32, 33, 34, 35, 36, 37, 38, 39, 40, 41, 42, 43, 44, 45])İSTANBUL ESENYURT AYAZMA MAĞAZASI          =koordinat:41.041916,28.650219
ESENYURT->dict_values([1, 2, 3, 4, 5, 6, 7, 8, 9, 10, 11, 12, 13, 14, 15, 16, 17, 18, 19, 20, 21, 22, 23, 24, 25, 26, 27, 28, 29, 30, 31, 32, 33, 34, 35, 36, 37, 38, 39, 40, 41, 42, 43, 44, 45])İSTANBUL ESENYURT TOPRAK MAĞAZASI          =koordinat:41.036976,28.67521
ESENYURT->dict_values([1, 2, 3, 4, 5, 6, 7, 8, 9, 10, 11, 12, 13, 14, 15, 16, 17, 18, 19, 20, 21, 22, 23, 24, 25, 26, 27, 28, 29, 30, 31, 32, 33, 34, 35, 36, 37, 38, 39, 40, 41, 42, 43, 44, 45])ŞOK MİNİ-SARIPAPATYA MAĞAZASI              =koordinat:41.045699,28.645893
ESENYURT->dict_values([1, 2, 3, 4, 5, 6, 7, 8, 9, 10, 11, 12, 13, 14, 15, 16, 17, 18, 19, 20, 21, 22, 23, 24, 25, 26, 27, 28, 29, 30, 31, 32, 33, 34, 35, 36, 37, 38, 39, 40, 41, 42, 43, 44, 45])İSTANBUL ESENYURT KURUÇEŞME MAĞAZASI       =koordinat:41.036193,28.633185
ESENYURT->dict_values([1, 2, 3, 4, 5, 6, 7, 8, 9, 10, 11, 12, 13, 14, 15, 16, 17, 18, 19, 20, 21, 22, 23, 24, 25, 26, 27, 28, 29, 30, 31, 32, 33, 34, 35, 36, 37, 38, 39, 40, 41, 42, 43, 44, 45])İSTANBUL ESENYURT KARTAL MAĞAZASI          =koordinat:41.020722,28.641524
ESENYURT->dict_values([1, 2, 3, 4, 5, 6, 7, 8, 9, 10, 11, 12, 13, 14, 15, 16, 17, 18, 19, 20, 21, 22, 23, 24, 25, 26, 27, 28, 29, 30, 31, 32, 33, 34, 35, 36, 37, 38, 39, 40, 41, 42, 43, 44, 45])İSTANBUL ESENYURT ESEN MAĞAZASI            =koordinat:41.041649,28.644887
ESENYURT->dict_values([1, 2, 3, 4, 5, 6, 7, 8, 9, 10, 11, 12, 13, 14, 15, 16, 17, 18, 19, 20, 21, 22, 23, 24, 25, 26, 27, 28, 29, 30, 31, 32, 33, 34, 35, 36, 37, 38, 39, 40, 41, 42, 43, 44, 45])İSTANBUL ESENYURT BATTAL GAZİ MAĞAZASI     =koordinat:41.040921,28.654412
ESENYURT->dict_values([1, 2, 3, 4, 5, 6, 7, 8, 9, 10, 11, 12, 13, 14, 15, 16, 17, 18, 19, 20, 21, 22, 23, 24, 25, 26, 27, 28, 29, 30, 31, 32, 33, 34, 35, 36, 37, 38, 39, 40, 41, 42, 43, 44, 45])İSTANBUL ESENYURT HZ OSMAN CAMİ MAĞAZASI   =koordinat:41.044509,28.68324
ESENYURT->dict_values([1, 2, 3, 4, 5, 6, 7, 8, 9, 10, 11, 12, 13, 14, 15, 16, 17, 18, 19, 20, 21, 22, 23, 24, 25, 26, 27, 28, 29, 30, 31, 32, 33, 34, 35, 36, 37, 38, 39, 40, 41, 42, 43, 44, 45])İSTANBUL ESENYURT İSKİ MAĞAZASI            =koordinat:41.018309,28.639343
ESENYURT->dict_values([1, 2, 3, 4, 5, 6, 7, 8, 9, 10, 11, 12, 13, 14, 15, 16, 17, 18, 19, 20, 21, 22, 23, 24, 25, 26, 27, 28, 29, 30, 31, 32, 33, 34, 35, 36, 37, 38, 39, 40, 41, 42, 43, 44, 45])İSTANBUL ESENYURT AMASYALILAR CAD. MAĞAZASI=koordinat:41.041323,28.693414
ESENYURT->dict_values([1, 2, 3, 4, 5, 6, 7, 8, 9, 10, 11, 12, 13, 14, 15, 16, 17, 18, 19, 20, 21, 22, 23, 24, 25, 26, 27, 28, 29, 30, 31, 32, 33, 34, 35, 36, 37, 38, 39, 40, 41, 42, 43, 44, 45])İSTANBUL ESENYURT ŞEHİTLER MAĞAZASI        =koordinat:41.032488,28.66083
ESENYURT->dict_values([1, 2, 3, 4, 5, 6, 7, 8, 9, 10, 11, 12, 13, 14, 15, 16, 17, 18, 19, 20, 21, 22, 23, 24, 25, 26, 27, 28, 29, 30, 31, 32, 33, 34, 35, 36, 37, 38, 39, 40, 41, 42, 43, 44, 45])İSTANBUL ESENYURT PAZARYOLU MAĞAZASI       =koordinat:41.02731,28.670606
ESENYURT->dict_values([1, 2, 3, 4, 5, 6, 7, 8, 9, 10, 11, 12, 13, 14, 15, 16, 17, 18, 19, 20, 21, 22, 23, 24, 25, 26, 27, 28, 29, 30, 31, 32, 33, 34, 35, 36, 37, 38, 39, 40, 41, 42, 43, 44, 45])İSTANBUL ESENYURT BÜLBÜL MAĞAZASI          =koordinat:41.033194,28.645145
ESENYURT->dict_values([1, 2, 3, 4, 5, 6, 7, 8, 9, 10, 11, 12, 13, 14, 15, 16, 17, 18, 19, 20, 21, 22, 23, 24, 25, 26, 27, 28, 29, 30, 31, 32, 33, 34, 35, 36, 37, 38, 39, 40, 41, 42, 43, 44, 45])İSTANBUL ESENYURT ERSOY MAĞAZASI           =koordinat:41.014136,28.668491
ESENYURT->dict_values([1, 2, 3, 4, 5, 6, 7, 8, 9, 10, 11, 12, 13, 14, 15, 16, 17, 18, 19, 20, 21, 22, 23, 24, 25, 26, 27, 28, 29, 30, 31, 32, 33, 34, 35, 36, 37, 38, 39, 40, 41, 42, 43, 44, 45])İSTANBUL ESENYURT ÇETİNKAYA MAĞAZASI       =koordinat:41.021003,28.67511
ESENYURT->dict_values([1, 2, 3, 4, 5, 6, 7, 8, 9, 10, 11, 12, 13, 14, 15, 16, 17, 18, 19, 20, 21, 22, 23, 24, 25, 26, 27, 28, 29, 30, 31, 32, 33, 34, 35, 36, 37, 38, 39, 40, 41, 42, 43, 44, 45])ŞOK MİNİ-AYASOFYA MAĞAZASI                 =koordinat:41.044409,28.652793
ESENYURT->dict_values([1, 2, 3, 4, 5, 6, 7, 8, 9, 10, 11, 12, 13, 14, 15, 16, 17, 18, 19, 20, 21, 22, 23, 24, 25, 26, 27, 28, 29, 30, 31, 32, 33, 34, 35, 36, 37, 38, 39, 40, 41, 42, 43, 44, 45])İSTANBUL ESENYURT DEMİR MAĞAZASI           =koordinat:41.023796,28.664339
ESENYURT->dict_values([1, 2, 3, 4, 5, 6, 7, 8, 9, 10, 11, 12, 13, 14, 15, 16, 17, 18, 19, 20, 21, 22, 23, 24, 25, 26, 27, 28, 29, 30, 31, 32, 33, 34, 35, 36, 37, 38, 39, 40, 41, 42, 43, 44, 45])İSTANBUL ESENYURT TORYUM MAĞAZASI          =koordinat:41.005469,28.68844
ESENYURT->dict_values([1, 2, 3, 4, 5, 6, 7, 8, 9, 10, 11, 12, 13, 14, 15, 16, 17, 18, 19, 20, 21, 22, 23, 24, 25, 26, 27, 28, 29, 30, 31, 32, 33, 34, 35, 36, 37, 38, 39, 40, 41, 42, 43, 44, 45])İSTANBUL ESENYURT UFUK CADDESİ MAĞAZASI    =koordinat:41.014487,28.665422
ESENYURT->dict_values([1, 2, 3, 4, 5, 6, 7, 8, 9, 10, 11, 12, 13, 14, 15, 16, 17, 18, 19, 20, 21, 22, 23, 24, 25, 26, 27, 28, 29, 30, 31, 32, 33, 34, 35, 36, 37, 38, 39, 40, 41, 42, 43, 44, 45])ESENYURT ERZURUM MAĞAZASI                  =koordinat:41.043502,28.663081
ESENYURT->dict_values([1, 2, 3, 4, 5, 6, 7, 8, 9, 10, 11, 12, 13, 14, 15, 16, 17, 18, 19, 20, 21, 22, 23, 24, 25, 26, 27, 28, 29, 30, 31, 32, 33, 34, 35, 36, 37, 38, 39, 40, 41, 42, 43, 44, 45])ESENYURT UMUT MAĞAZASI                     =koordinat:41.04524,28.666503
ESENYURT->dict_values([1, 2, 3, 4, 5, 6, 7, 8, 9, 10, 11, 12, 13, 14, 15, 16, 17, 18, 19, 20, 21, 22, 23, 24, 25, 26, 27, 28, 29, 30, 31, 32, 33, 34, 35, 36, 37, 38, 39, 40, 41, 42, 43, 44, 45])ESENYURT BURÇ MAĞAZASI                     =koordinat:41.02171849,28.63080454
ESENYURT->dict_values([1, 2, 3, 4, 5, 6, 7, 8, 9, 10, 11, 12, 13, 14, 15, 16, 17, 18, 19, 20, 21, 22, 23, 24, 25, 26, 27, 28, 29, 30, 31, 32, 33, 34, 35, 36, 37, 38, 39, 40, 41, 42, 43, 44, 45])ESENYURT HAVUZ MAĞAZASI                    =koordinat:41.220769,31.961399
ESENYURT->dict_values([1, 2, 3, 4, 5, 6, 7, 8, 9, 10, 11, 12, 13, 14, 15, 16, 17, 18, 19, 20, 21, 22, 23, 24, 25, 26, 27, 28, 29, 30, 31, 32, 33, 34, 35, 36, 37, 38, 39, 40, 41, 42, 43, 44, 45])ESENYURT İPEK MAĞAZASI                     =koordinat:41.03221434,28.64845331
ESENYURT->dict_values([1, 2, 3, 4, 5, 6, 7, 8, 9, 10, 11, 12, 13, 14, 15, 16, 17, 18, 19, 20, 21, 22, 23, 24, 25, 26, 27, 28, 29, 30, 31, 32, 33, 34, 35, 36, 37, 38, 39, 40, 41, 42, 43, 44, 45])ESENYURT ÜNİVERSİTE MAĞAZASI               =koordinat:41.019936,28.687958
ESENYURT->dict_values([1, 2, 3, 4, 5, 6, 7, 8, 9, 10, 11, 12, 13, 14, 15, 16, 17, 18, 19, 20, 21, 22, 23, 24, 25, 26, 27, 28, 29, 30, 31, 32, 33, 34, 35, 36, 37, 38, 39, 40, 41, 42, 43, 44, 45])ESENYURT AYBÜKE MAĞAZASI                   =koordinat:41.01393,28.66186
ESENYURT->dict_values([1, 2, 3, 4, 5, 6, 7, 8, 9, 10, 11, 12, 13, 14, 15, 16, 17, 18, 19, 20, 21, 22, 23, 24, 25, 26, 27, 28, 29, 30, 31, 32, 33, 34, 35, 36, 37, 38, 39, 40, 41, 42, 43, 44, 45])ESENYURT MEŞE MAĞAZASI                     =koordinat:41.035109,28.657667
ESENYURT->dict_values([1, 2, 3, 4, 5, 6, 7, 8, 9, 10, 11, 12, 13, 14, 15, 16, 17, 18, 19, 20, 21, 22, 23, 24, 25, 26, 27, 28, 29, 30, 31, 32, 33, 34, 35, 36, 37, 38, 39, 40, 41, 42, 43, 44, 45])ESENYURT KÜLTÜR MAĞAZASI                   =koordinat:41.0412,28.4054
ESENYURT->dict_values([1, 2, 3, 4, 5, 6, 7, 8, 9, 10, 11, 12, 13, 14, 15, 16, 17, 18, 19, 20, 21, 22, 23, 24, 25, 26, 27, 28, 29, 30, 31, 32, 33, 34, 35, 36, 37, 38, 39, 40, 41, 42, 43, 44, 45])ESENYURT AVNİ ANIL MAĞAZASI                =koordinat:41.027045,28.696069
ESENYURT->dict_values([1, 2, 3, 4, 5, 6, 7, 8, 9, 10, 11, 12, 13, 14, 15, 16, 17, 18, 19, 20, 21, 22, 23, 24, 25, 26, 27, 28, 29, 30, 31, 32, 33, 34, 35, 36, 37, 38, 39, 40, 41, 42, 43, 44, 45])ESENYURT ÖDÜL İSTANBUL MAĞAZASI            =koordinat:41.0238,28.636
ESENYURT->dict_values([1, 2, 3, 4, 5, 6, 7, 8, 9, 10, 11, 12, 13, 14, 15, 16, 17, 18, 19, 20, 21, 22, 23, 24, 25, 26, 27, 28, 29, 30, 31, 32, 33, 34, 35, 36, 37, 38, 39, 40, 41, 42, 43, 44, 45])ESENYURT AKEVLER MAĞAZASI                  =koordinat:41.0272,28.6776
ESENYURT->dict_values([1, 2, 3, 4, 5, 6, 7, 8, 9, 10, 11, 12, 13, 14, 15, 16, 17, 18, 19, 20, 21, 22, 23, 24, 25, 26, 27, 28, 29, 30, 31, 32, 33, 34, 35, 36, 37, 38, 39, 40, 41, 42, 43, 44, 45])ESENYURT AKROS MAĞAZASI                    =koordinat:41.0158,28.641446
ESENYURT->dict_values([1, 2, 3, 4, 5, 6, 7, 8, 9, 10, 11, 12, 13, 14, 15, 16, 17, 18, 19, 20, 21, 22, 23, 24, 25, 26, 27, 28, 29, 30, 31, 32, 33, 34, 35, 36, 37, 38, 39, 40, 41, 42, 43, 44, 45])ESENYURT İNÖNÜ MAĞAZASI                    =koordinat:41.0276,28.6841
ESENYURT->dict_values([1, 2, 3, 4, 5, 6, 7, 8, 9, 10, 11, 12, 13, 14, 15, 16, 17, 18, 19, 20, 21, 22, 23, 24, 25, 26, 27, 28, 29, 30, 31, 32, 33, 34, 35, 36, 37, 38, 39, 40, 41, 42, 43, 44, 45])ESENYURT KİPTAŞ 5 MAĞAZASI                 =koordinat:41.0134,28.4152
ESENYURT->dict_values([1, 2, 3, 4, 5, 6, 7, 8, 9, 10, 11, 12, 13, 14, 15, 16, 17, 18, 19, 20, 21, 22, 23, 24, 25, 26, 27, 28, 29, 30, 31, 32, 33, 34, 35, 36, 37, 38, 39, 40, 41, 42, 43, 44, 45])ESENYURT AKÇABURGAZ YİĞİT MAĞAZASI         =koordinat:41.0728,28.6808
ESENYURT->dict_values([1, 2, 3, 4, 5, 6, 7, 8, 9, 10, 11, 12, 13, 14, 15, 16, 17, 18, 19, 20, 21, 22, 23, 24, 25, 26, 27, 28, 29, 30, 31, 32, 33, 34, 35, 36, 37, 38, 39, 40, 41, 42, 43, 44, 45])ESENYURT REGNUM MAĞAZASI                   =koordinat:41.1029,28.6776
ESENYURT->dict_values([1, 2, 3, 4, 5, 6, 7, 8, 9, 10, 11, 12, 13, 14, 15, 16, 17, 18, 19, 20, 21, 22, 23, 24, 25, 26, 27, 28, 29, 30, 31, 32, 33, 34, 35, 36, 37, 38, 39, 40, 41, 42, 43, 44, 45])ESENYURT ESENCAN MAĞAZASI                  =koordinat:41.0356,28.6725
ESENYURT->dict_values([1, 2, 3, 4, 5, 6, 7, 8, 9, 10, 11, 12, 13, 14, 15, 16, 17, 18, 19, 20, 21, 22, 23, 24, 25, 26, 27, 28, 29, 30, 31, 32, 33, 34, 35, 36, 37, 38, 39, 40, 41, 42, 43, 44, 45])ESENYURT PINAR MAĞAZASI                    =koordinat:41.03334708,28.66308466
ESENYURT->dict_values([1, 2, 3, 4, 5, 6, 7, 8, 9, 10, 11, 12, 13, 14, 15, 16, 17, 18, 19, 20, 21, 22, 23, 24, 25, 26, 27, 28, 29, 30, 31, 32, 33, 34, 35, 36, 37, 38, 39, 40, 41, 42, 43, 44, 45])ESENYURT A.BURGAZ OSMANLI MAĞAZASI         =koordinat:41.076836,28.632459
ESENYURT->dict_values([1, 2, 3, 4, 5, 6, 7, 8, 9, 10, 11, 12, 13, 14, 15, 16, 17, 18, 19, 20, 21, 22, 23, 24, 25, 26, 27, 28, 29, 30, 31, 32, 33, 34, 35, 36, 37, 38, 39, 40, 41, 42, 43, 44, 45])AKÇABURGAZ DM SATIŞ                        =koordinat:41.1158033,28.493452
ESENYURT->dict_values([1, 2, 3, 4, 5, 6, 7, 8, 9, 10, 11, 12, 13, 14, 15, 16, 17, 18, 19, 20, 21, 22, 23, 24, 25, 26, 27, 28, 29, 30, 31, 32, 33, 34, 35, 36, 37, 38, 39, 40, 41, 42, 43, 44, 45])ESENYURT GÜNEŞ MAĞAZASI                    =koordinat:41.017107,28.64291
ESENYURT->dict_values([1, 2, 3, 4, 5, 6, 7, 8, 9, 10, 11, 12, 13, 14, 15, 16, 17, 18, 19, 20, 21, 22, 23, 24, 25, 26, 27, 28, 29, 30, 31, 32, 33, 34, 35, 36, 37, 38, 39, 40, 41, 42, 43, 44, 45])ESENYURT ESİLA MAĞAZASI                    =koordinat:41.030924,28.670653
ESENYURT->dict_values([1, 2, 3, 4, 5, 6, 7, 8, 9, 10, 11, 12, 13, 14, 15, 16, 17, 18, 19, 20, 21, 22, 23, 24, 25, 26, 27, 28, 29, 30, 31, 32, 33, 34, 35, 36, 37, 38, 39, 40, 41, 42, 43, 44, 45])ESENYURT SERVET MAĞAZASI                   =koordinat:41.04179265,28.69086429
ESENYURT->dict_values([1, 2, 3, 4, 5, 6, 7, 8, 9, 10, 11, 12, 13, 14, 15, 16, 17, 18, 19, 20, 21, 22, 23, 24, 25, 26, 27, 28, 29, 30, 31, 32, 33, 34, 35, 36, 37, 38, 39, 40, 41, 42, 43, 44, 45])ESENYURT BAHÇEYOLU MAĞAZASI                =koordinat:41.027405,28.681977
ESENYURT->dict_values([1, 2, 3, 4, 5, 6, 7, 8, 9, 10, 11, 12, 13, 14, 15, 16, 17, 18, 19, 20, 21, 22, 23, 24, 25, 26, 27, 28, 29, 30, 31, 32, 33, 34, 35, 36, 37, 38, 39, 40, 41, 42, 43, 44, 45])ESENYURT NLOGO MAĞAZASI                    =koordinat:41.031327,28.684498
ESENYURT->dict_values([1, 2, 3, 4, 5, 6, 7, 8, 9, 10, 11, 12, 13, 14, 15, 16, 17, 18, 19, 20, 21, 22, 23, 24, 25, 26, 27, 28, 29, 30, 31, 32, 33, 34, 35, 36, 37, 38, 39, 40, 41, 42, 43, 44, 45])ESENYURT OCAK MAĞAZASI                     =koordinat:41.019495,28.648959
ESENYURT->dict_values([1, 2, 3, 4, 5, 6, 7, 8, 9, 10, 11, 12, 13, 14, 15, 16, 17, 18, 19, 20, 21, 22, 23, 24, 25, 26, 27, 28, 29, 30, 31, 32, 33, 34, 35, 36, 37, 38, 39, 40, 41, 42, 43, 44, 45])ESENYURT MERTCAN MAĞAZASI                  =koordinat:41.021416,28.648396
ESENYURT->dict_values([1, 2, 3, 4, 5, 6, 7, 8, 9, 10, 11, 12, 13, 14, 15, 16, 17, 18, 19, 20, 21, 22, 23, 24, 25, 26, 27, 28, 29, 30, 31, 32, 33, 34, 35, 36, 37, 38, 39, 40, 41, 42, 43, 44, 45])ESENYURT DOĞAN ARAS MAĞAZASI               =koordinat:41.025501,28.684479
ESENYURT->dict_values([1, 2, 3, 4, 5, 6, 7, 8, 9, 10, 11, 12, 13, 14, 15, 16, 17, 18, 19, 20, 21, 22, 23, 24, 25, 26, 27, 28, 29, 30, 31, 32, 33, 34, 35, 36, 37, 38, 39, 40, 41, 42, 43, 44, 45])ESENYURT BAĞDAT MAĞAZASI                   =koordinat:41.018401,28.665615
ESENYURT->dict_values([1, 2, 3, 4, 5, 6, 7, 8, 9, 10, 11, 12, 13, 14, 15, 16, 17, 18, 19, 20, 21, 22, 23, 24, 25, 26, 27, 28, 29, 30, 31, 32, 33, 34, 35, 36, 37, 38, 39, 40, 41, 42, 43, 44, 45])ESENYURT KUMSAL MAĞAZASI                   =koordinat:41.03293433,28.64057824
ESENYURT->dict_values([1, 2, 3, 4, 5, 6, 7, 8, 9, 10, 11, 12, 13, 14, 15, 16, 17, 18, 19, 20, 21, 22, 23, 24, 25, 26, 27, 28, 29, 30, 31, 32, 33, 34, 35, 36, 37, 38, 39, 40, 41, 42, 43, 44, 45])ESENYURT FERHAT MAĞAZASI                   =koordinat:41.003315,28.698542
ESENYURT->dict_values([1, 2, 3, 4, 5, 6, 7, 8, 9, 10, 11, 12, 13, 14, 15, 16, 17, 18, 19, 20, 21, 22, 23, 24, 25, 26, 27, 28, 29, 30, 31, 32, 33, 34, 35, 36, 37, 38, 39, 40, 41, 42, 43, 44, 45])ESENYURT YONCA MAĞAZASI                    =koordinat:41.03150356,28.6937594
ESENYURT->dict_values([1, 2, 3, 4, 5, 6, 7, 8, 9, 10, 11, 12, 13, 14, 15, 16, 17, 18, 19, 20, 21, 22, 23, 24, 25, 26, 27, 28, 29, 30, 31, 32, 33, 34, 35, 36, 37, 38, 39, 40, 41, 42, 43, 44, 45])ESENYURT RIFAT MAĞAZASI                    =koordinat:41.005925,28.691919
ESENYURT->dict_values([1, 2, 3, 4, 5, 6, 7, 8, 9, 10, 11, 12, 13, 14, 15, 16, 17, 18, 19, 20, 21, 22, 23, 24, 25, 26, 27, 28, 29, 30, 31, 32, 33, 34, 35, 36, 37, 38, 39, 40, 41, 42, 43, 44, 45])ESENYURT FİKRİ SÖNMEZ MAĞAZASI             =koordinat:41.04474,28.670084
ESENYURT->dict_values([1, 2, 3, 4, 5, 6, 7, 8, 9, 10, 11, 12, 13, 14, 15, 16, 17, 18, 19, 20, 21, 22, 23, 24, 25, 26, 27, 28, 29, 30, 31, 32, 33, 34, 35, 36, 37, 38, 39, 40, 41, 42, 43, 44, 45])ESENYURT EMLAK MAĞAZASI                    =koordinat:41.09074329,28.64178926
ESENYURT->dict_values([1, 2, 3, 4, 5, 6, 7, 8, 9, 10, 11, 12, 13, 14, 15, 16, 17, 18, 19, 20, 21, 22, 23, 24, 25, 26, 27, 28, 29, 30, 31, 32, 33, 34, 35, 36, 37, 38, 39, 40, 41, 42, 43, 44, 45])ESENYURT SEMBOL SİTESİ MAĞAZASI            =koordinat:41.01760481,28.68056381
ESENYURT->dict_values([1, 2, 3, 4, 5, 6, 7, 8, 9, 10, 11, 12, 13, 14, 15, 16, 17, 18, 19, 20, 21, 22, 23, 24, 25, 26, 27, 28, 29, 30, 31, 32, 33, 34, 35, 36, 37, 38, 39, 40, 41, 42, 43, 44, 45])ESENYURT ÖZKAN MAĞAZASI                    =koordinat:41.04181469,28.6890528
ESENYURT->dict_values([1, 2, 3, 4, 5, 6, 7, 8, 9, 10, 11, 12, 13, 14, 15, 16, 17, 18, 19, 20, 21, 22, 23, 24, 25, 26, 27, 28, 29, 30, 31, 32, 33, 34, 35, 36, 37, 38, 39, 40, 41, 42, 43, 44, 45])ESENYURT BULUT MAĞAZASI                    =koordinat:41.04214465,28.67446393
ESENYURT->dict_values([1, 2, 3, 4, 5, 6, 7, 8, 9, 10, 11, 12, 13, 14, 15, 16, 17, 18, 19, 20, 21, 22, 23, 24, 25, 26, 27, 28, 29, 30, 31, 32, 33, 34, 35, 36, 37, 38, 39, 40, 41, 42, 43, 44, 45])ESENYURT VEFA MAĞAZASI                     =koordinat:41.047252,28.670047
ESENYURT->dict_values([1, 2, 3, 4, 5, 6, 7, 8, 9, 10, 11, 12, 13, 14, 15, 16, 17, 18, 19, 20, 21, 22, 23, 24, 25, 26, 27, 28, 29, 30, 31, 32, 33, 34, 35, 36, 37, 38, 39, 40, 41, 42, 43, 44, 45])AKÇABURGAZ ORMAN MAĞAZASI                  =koordinat:41.079529,28.629836
ESENYURT->dict_values([1, 2, 3, 4, 5, 6, 7, 8, 9, 10, 11, 12, 13, 14, 15, 16, 17, 18, 19, 20, 21, 22, 23, 24, 25, 26, 27, 28, 29, 30, 31, 32, 33, 34, 35, 36, 37, 38, 39, 40, 41, 42, 43, 44, 45])ESENYURT ISPARTAKULE SULTANİYE MAĞAZASI    =koordinat:41.0454,28.6876
ESENYURT->dict_values([1, 2, 3, 4, 5, 6, 7, 8, 9, 10, 11, 12, 13, 14, 15, 16, 17, 18, 19, 20, 21, 22, 23, 24, 25, 26, 27, 28, 29, 30, 31, 32, 33, 34, 35, 36, 37, 38, 39, 40, 41, 42, 43, 44, 45])İSTANBUL ESENYURT YEŞİLDAĞ                 =koordinat:41.039494,28.646292
EYÜP->dict_values([1, 2, 3, 4, 5, 6, 7, 8, 9, 10, 11, 12, 13, 14, 15, 16, 17, 18, 19, 20, 21, 22, 23, 24, 25, 26, 27, 28, 29, 30, 31, 32, 33, 34, 35, 36, 37, 38, 39, 40, 41, 42, 43, 44, 45])İSTANBUL ALİBEYKÖY YEŞİLPINAR MAĞAZASI     =koordinat:41.081804,28.918939
EYÜP->dict_values([1, 2, 3, 4, 5, 6, 7, 8, 9, 10, 11, 12, 13, 14, 15, 16, 17, 18, 19, 20, 21, 22, 23, 24, 25, 26, 27, 28, 29, 30, 31, 32, 33, 34, 35, 36, 37, 38, 39, 40, 41, 42, 43, 44, 45])İSTANBUL ALİBEYKÖY BİNEVLER MAĞAZASI       =koordinat:41.076049,28.929566
EYÜP->dict_values([1, 2, 3, 4, 5, 6, 7, 8, 9, 10, 11, 12, 13, 14, 15, 16, 17, 18, 19, 20, 21, 22, 23, 24, 25, 26, 27, 28, 29, 30, 31, 32, 33, 34, 35, 36, 37, 38, 39, 40, 41, 42, 43, 44, 45])İSTANBUL YEŞİLPINAR CENGİZ TOPEL MAĞAZAS   =koordinat:41.081696,28.930041
EYÜP->dict_values([1, 2, 3, 4, 5, 6, 7, 8, 9, 10, 11, 12, 13, 14, 15, 16, 17, 18, 19, 20, 21, 22, 23, 24, 25, 26, 27, 28, 29, 30, 31, 32, 33, 34, 35, 36, 37, 38, 39, 40, 41, 42, 43, 44, 45])İSTANBUL EYÜP TOPÇULAR MAĞAZASI            =koordinat:41.043575,28.92242
EYÜP->dict_values([1, 2, 3, 4, 5, 6, 7, 8, 9, 10, 11, 12, 13, 14, 15, 16, 17, 18, 19, 20, 21, 22, 23, 24, 25, 26, 27, 28, 29, 30, 31, 32, 33, 34, 35, 36, 37, 38, 39, 40, 41, 42, 43, 44, 45])İSTANBUL EYÜP RAMİ MAĞAZASI                =koordinat:41.048215,28.921157
EYÜP->dict_values([1, 2, 3, 4, 5, 6, 7, 8, 9, 10, 11, 12, 13, 14, 15, 16, 17, 18, 19, 20, 21, 22, 23, 24, 25, 26, 27, 28, 29, 30, 31, 32, 33, 34, 35, 36, 37, 38, 39, 40, 41, 42, 43, 44, 45])İSTANBUL EYÜP SİLAHTARAĞA MAĞAZASI         =koordinat:41.0638,28.9403
EYÜP->dict_values([1, 2, 3, 4, 5, 6, 7, 8, 9, 10, 11, 12, 13, 14, 15, 16, 17, 18, 19, 20, 21, 22, 23, 24, 25, 26, 27, 28, 29, 30, 31, 32, 33, 34, 35, 36, 37, 38, 39, 40, 41, 42, 43, 44, 45])İSTANBUL ALİBEYKÖY AKŞEMSETTİN MAĞAZASI    =koordinat:41.083342,28.924282
EYÜP->dict_values([1, 2, 3, 4, 5, 6, 7, 8, 9, 10, 11, 12, 13, 14, 15, 16, 17, 18, 19, 20, 21, 22, 23, 24, 25, 26, 27, 28, 29, 30, 31, 32, 33, 34, 35, 36, 37, 38, 39, 40, 41, 42, 43, 44, 45])İSTANBUL EYÜP EMNİYETTEPE MAĞAZASI         =koordinat:41.069963,28.950879
EYÜP->dict_values([1, 2, 3, 4, 5, 6, 7, 8, 9, 10, 11, 12, 13, 14, 15, 16, 17, 18, 19, 20, 21, 22, 23, 24, 25, 26, 27, 28, 29, 30, 31, 32, 33, 34, 35, 36, 37, 38, 39, 40, 41, 42, 43, 44, 45])İSTANBUL ÜÇŞEHİTLER EYÜP MAĞAZASI          =koordinat:41.0506,28.9291
EYÜP->dict_values([1, 2, 3, 4, 5, 6, 7, 8, 9, 10, 11, 12, 13, 14, 15, 16, 17, 18, 19, 20, 21, 22, 23, 24, 25, 26, 27, 28, 29, 30, 31, 32, 33, 34, 35, 36, 37, 38, 39, 40, 41, 42, 43, 44, 45])İSTANBUL GALERİ ALİBEYKÖY MAĞAZASI         =koordinat:41.07625,28.946251
EYÜP->dict_values([1, 2, 3, 4, 5, 6, 7, 8, 9, 10, 11, 12, 13, 14, 15, 16, 17, 18, 19, 20, 21, 22, 23, 24, 25, 26, 27, 28, 29, 30, 31, 32, 33, 34, 35, 36, 37, 38, 39, 40, 41, 42, 43, 44, 45])7091 - KIŞLA CADDESİ EYÜP                  =koordinat:41.0434,28.9177
EYÜP->dict_values([1, 2, 3, 4, 5, 6, 7, 8, 9, 10, 11, 12, 13, 14, 15, 16, 17, 18, 19, 20, 21, 22, 23, 24, 25, 26, 27, 28, 29, 30, 31, 32, 33, 34, 35, 36, 37, 38, 39, 40, 41, 42, 43, 44, 45])İSTANBUL ÇIRÇIR EYÜP MAĞAZASI              =koordinat:41.080109,28.939423
EYÜP->dict_values([1, 2, 3, 4, 5, 6, 7, 8, 9, 10, 11, 12, 13, 14, 15, 16, 17, 18, 19, 20, 21, 22, 23, 24, 25, 26, 27, 28, 29, 30, 31, 32, 33, 34, 35, 36, 37, 38, 39, 40, 41, 42, 43, 44, 45])İSTANBUL ÖZGER CD. DÜĞMECİLER MAĞAZASI     =koordinat:41.044841,28.926999
EYÜP->dict_values([1, 2, 3, 4, 5, 6, 7, 8, 9, 10, 11, 12, 13, 14, 15, 16, 17, 18, 19, 20, 21, 22, 23, 24, 25, 26, 27, 28, 29, 30, 31, 32, 33, 34, 35, 36, 37, 38, 39, 40, 41, 42, 43, 44, 45])İSTANBUL EYÜP GÜZELTEPE MAĞAZASI           =koordinat:41.076126,28.955396
EYÜP->dict_values([1, 2, 3, 4, 5, 6, 7, 8, 9, 10, 11, 12, 13, 14, 15, 16, 17, 18, 19, 20, 21, 22, 23, 24, 25, 26, 27, 28, 29, 30, 31, 32, 33, 34, 35, 36, 37, 38, 39, 40, 41, 42, 43, 44, 45])İSTANBUL GÖKTÜRK. MAĞAZASI                 =koordinat:41.181622,28.889287
EYÜP->dict_values([1, 2, 3, 4, 5, 6, 7, 8, 9, 10, 11, 12, 13, 14, 15, 16, 17, 18, 19, 20, 21, 22, 23, 24, 25, 26, 27, 28, 29, 30, 31, 32, 33, 34, 35, 36, 37, 38, 39, 40, 41, 42, 43, 44, 45])İSTANBUL EYÜP SULTAN MAĞAZASI              =koordinat:41.046099,28.931377
EYÜP->dict_values([1, 2, 3, 4, 5, 6, 7, 8, 9, 10, 11, 12, 13, 14, 15, 16, 17, 18, 19, 20, 21, 22, 23, 24, 25, 26, 27, 28, 29, 30, 31, 32, 33, 34, 35, 36, 37, 38, 39, 40, 41, 42, 43, 44, 45])İSTANBUL EYÜP ÇIRÇIR ÖNCÜ MAĞAZASI         =koordinat:41.083599,28.938586
EYÜP->dict_values([1, 2, 3, 4, 5, 6, 7, 8, 9, 10, 11, 12, 13, 14, 15, 16, 17, 18, 19, 20, 21, 22, 23, 24, 25, 26, 27, 28, 29, 30, 31, 32, 33, 34, 35, 36, 37, 38, 39, 40, 41, 42, 43, 44, 45])İSTANBUL RAMI MAĞAZASI                     =koordinat:41.0492,28.9219
EYÜP->dict_values([1, 2, 3, 4, 5, 6, 7, 8, 9, 10, 11, 12, 13, 14, 15, 16, 17, 18, 19, 20, 21, 22, 23, 24, 25, 26, 27, 28, 29, 30, 31, 32, 33, 34, 35, 36, 37, 38, 39, 40, 41, 42, 43, 44, 45])İSTANBUL DUGMECILER EYÜP MAĞAZASI          =koordinat:41.041849,28.935741
EYÜP->dict_values([1, 2, 3, 4, 5, 6, 7, 8, 9, 10, 11, 12, 13, 14, 15, 16, 17, 18, 19, 20, 21, 22, 23, 24, 25, 26, 27, 28, 29, 30, 31, 32, 33, 34, 35, 36, 37, 38, 39, 40, 41, 42, 43, 44, 45])İSTANBUL HAFIZ YUSUF EFENDİ MAĞAZASI       =koordinat:41.059352,28.941824
EYÜP->dict_values([1, 2, 3, 4, 5, 6, 7, 8, 9, 10, 11, 12, 13, 14, 15, 16, 17, 18, 19, 20, 21, 22, 23, 24, 25, 26, 27, 28, 29, 30, 31, 32, 33, 34, 35, 36, 37, 38, 39, 40, 41, 42, 43, 44, 45])İSTANBUL HIDIRBEY MAĞAZASI                 =koordinat:41.051784,28.91833
EYÜP->dict_values([1, 2, 3, 4, 5, 6, 7, 8, 9, 10, 11, 12, 13, 14, 15, 16, 17, 18, 19, 20, 21, 22, 23, 24, 25, 26, 27, 28, 29, 30, 31, 32, 33, 34, 35, 36, 37, 38, 39, 40, 41, 42, 43, 44, 45])İSTANBUL EYÜP İSLAMBEY MAĞAZASI            =koordinat:41.052625,28.92425
EYÜP->dict_values([1, 2, 3, 4, 5, 6, 7, 8, 9, 10, 11, 12, 13, 14, 15, 16, 17, 18, 19, 20, 21, 22, 23, 24, 25, 26, 27, 28, 29, 30, 31, 32, 33, 34, 35, 36, 37, 38, 39, 40, 41, 42, 43, 44, 45])İSTANBUL EYÜP GÜZELTEPE ÜÇTEPE MAĞAZASI    =koordinat:41.07903,28.955755
EYÜP->dict_values([1, 2, 3, 4, 5, 6, 7, 8, 9, 10, 11, 12, 13, 14, 15, 16, 17, 18, 19, 20, 21, 22, 23, 24, 25, 26, 27, 28, 29, 30, 31, 32, 33, 34, 35, 36, 37, 38, 39, 40, 41, 42, 43, 44, 45])İSTANBUL GÖKTÜRK MANDIRA CADDESİ MAĞAZAS   =koordinat:41.1823,28.8926
EYÜP->dict_values([1, 2, 3, 4, 5, 6, 7, 8, 9, 10, 11, 12, 13, 14, 15, 16, 17, 18, 19, 20, 21, 22, 23, 24, 25, 26, 27, 28, 29, 30, 31, 32, 33, 34, 35, 36, 37, 38, 39, 40, 41, 42, 43, 44, 45])İSTANBUL EYÜP GÜZELTEPE DARVADİ MAĞAZASI   =koordinat:41.077329,28.952161
EYÜP->dict_values([1, 2, 3, 4, 5, 6, 7, 8, 9, 10, 11, 12, 13, 14, 15, 16, 17, 18, 19, 20, 21, 22, 23, 24, 25, 26, 27, 28, 29, 30, 31, 32, 33, 34, 35, 36, 37, 38, 39, 40, 41, 42, 43, 44, 45])ŞOK MİNİ - OTAKÇILAR MAĞAZASI              =koordinat:41.035008,28.936852
EYÜP->dict_values([1, 2, 3, 4, 5, 6, 7, 8, 9, 10, 11, 12, 13, 14, 15, 16, 17, 18, 19, 20, 21, 22, 23, 24, 25, 26, 27, 28, 29, 30, 31, 32, 33, 34, 35, 36, 37, 38, 39, 40, 41, 42, 43, 44, 45])İSTANBUL ÇIRÇIR YAYGAN MAĞAZASI            =koordinat:41.078843,28.935831
EYÜP->dict_values([1, 2, 3, 4, 5, 6, 7, 8, 9, 10, 11, 12, 13, 14, 15, 16, 17, 18, 19, 20, 21, 22, 23, 24, 25, 26, 27, 28, 29, 30, 31, 32, 33, 34, 35, 36, 37, 38, 39, 40, 41, 42, 43, 44, 45])İSTANBUL GÖKTÜRK ÇEŞMEBAŞI MAĞAZASI        =koordinat:41.183731,28.886101
EYÜP->dict_values([1, 2, 3, 4, 5, 6, 7, 8, 9, 10, 11, 12, 13, 14, 15, 16, 17, 18, 19, 20, 21, 22, 23, 24, 25, 26, 27, 28, 29, 30, 31, 32, 33, 34, 35, 36, 37, 38, 39, 40, 41, 42, 43, 44, 45])İSTANBUL EYÜP ÇIRÇIR SON DURAK MAĞAZASI    =koordinat:41.080498,28.943919
EYÜP->dict_values([1, 2, 3, 4, 5, 6, 7, 8, 9, 10, 11, 12, 13, 14, 15, 16, 17, 18, 19, 20, 21, 22, 23, 24, 25, 26, 27, 28, 29, 30, 31, 32, 33, 34, 35, 36, 37, 38, 39, 40, 41, 42, 43, 44, 45])EYÜP DEMİRKAPI MAĞAZASI                    =koordinat:41.037115,28.923062
EYÜP->dict_values([1, 2, 3, 4, 5, 6, 7, 8, 9, 10, 11, 12, 13, 14, 15, 16, 17, 18, 19, 20, 21, 22, 23, 24, 25, 26, 27, 28, 29, 30, 31, 32, 33, 34, 35, 36, 37, 38, 39, 40, 41, 42, 43, 44, 45])EYÜP TAN SOK MAĞAZASI                      =koordinat:41.080601,28.916807
EYÜP->dict_values([1, 2, 3, 4, 5, 6, 7, 8, 9, 10, 11, 12, 13, 14, 15, 16, 17, 18, 19, 20, 21, 22, 23, 24, 25, 26, 27, 28, 29, 30, 31, 32, 33, 34, 35, 36, 37, 38, 39, 40, 41, 42, 43, 44, 45])İSTANBUL ALİBEYKÖY                         =koordinat:41.0765,28.9428
EYÜP->dict_values([1, 2, 3, 4, 5, 6, 7, 8, 9, 10, 11, 12, 13, 14, 15, 16, 17, 18, 19, 20, 21, 22, 23, 24, 25, 26, 27, 28, 29, 30, 31, 32, 33, 34, 35, 36, 37, 38, 39, 40, 41, 42, 43, 44, 45])ŞOK MİNİ-ÇİÇEKSUYU MAĞAZASI                =koordinat:41.079067,28.919638
EYÜP->dict_values([1, 2, 3, 4, 5, 6, 7, 8, 9, 10, 11, 12, 13, 14, 15, 16, 17, 18, 19, 20, 21, 22, 23, 24, 25, 26, 27, 28, 29, 30, 31, 32, 33, 34, 35, 36, 37, 38, 39, 40, 41, 42, 43, 44, 45])EYÜP DERİN SOKAK MAĞAZASI                  =koordinat:41.08450666,28.9269577
EYÜP->dict_values([1, 2, 3, 4, 5, 6, 7, 8, 9, 10, 11, 12, 13, 14, 15, 16, 17, 18, 19, 20, 21, 22, 23, 24, 25, 26, 27, 28, 29, 30, 31, 32, 33, 34, 35, 36, 37, 38, 39, 40, 41, 42, 43, 44, 45])EYÜP VEYSEL KARANİ CAD MAĞAZASI            =koordinat:41.076425,28.930062
EYÜP->dict_values([1, 2, 3, 4, 5, 6, 7, 8, 9, 10, 11, 12, 13, 14, 15, 16, 17, 18, 19, 20, 21, 22, 23, 24, 25, 26, 27, 28, 29, 30, 31, 32, 33, 34, 35, 36, 37, 38, 39, 40, 41, 42, 43, 44, 45])EYÜP DÖNMEZ SOKAK MAĞAZASI                 =koordinat:41.083053,28.936166
EYÜP->dict_values([1, 2, 3, 4, 5, 6, 7, 8, 9, 10, 11, 12, 13, 14, 15, 16, 17, 18, 19, 20, 21, 22, 23, 24, 25, 26, 27, 28, 29, 30, 31, 32, 33, 34, 35, 36, 37, 38, 39, 40, 41, 42, 43, 44, 45])EYÜP PINAR CAD. MAĞAZASI                   =koordinat:41.0927,28.9127
EYÜP->dict_values([1, 2, 3, 4, 5, 6, 7, 8, 9, 10, 11, 12, 13, 14, 15, 16, 17, 18, 19, 20, 21, 22, 23, 24, 25, 26, 27, 28, 29, 30, 31, 32, 33, 34, 35, 36, 37, 38, 39, 40, 41, 42, 43, 44, 45])RAMİ REŞADİYE CADDESİ MAĞAZASI             =koordinat:41.05264694,28.91628775
EYÜP->dict_values([1, 2, 3, 4, 5, 6, 7, 8, 9, 10, 11, 12, 13, 14, 15, 16, 17, 18, 19, 20, 21, 22, 23, 24, 25, 26, 27, 28, 29, 30, 31, 32, 33, 34, 35, 36, 37, 38, 39, 40, 41, 42, 43, 44, 45])GÖKTÜRK İSTANBUL CAD MAĞAZASI              =koordinat:41.185643,28.880577
EYÜP->dict_values([1, 2, 3, 4, 5, 6, 7, 8, 9, 10, 11, 12, 13, 14, 15, 16, 17, 18, 19, 20, 21, 22, 23, 24, 25, 26, 27, 28, 29, 30, 31, 32, 33, 34, 35, 36, 37, 38, 39, 40, 41, 42, 43, 44, 45])YEŞİLPINAR YILDIZ MAĞAZASI                 =koordinat:41.07886,28.917826
EYÜP->dict_values([1, 2, 3, 4, 5, 6, 7, 8, 9, 10, 11, 12, 13, 14, 15, 16, 17, 18, 19, 20, 21, 22, 23, 24, 25, 26, 27, 28, 29, 30, 31, 32, 33, 34, 35, 36, 37, 38, 39, 40, 41, 42, 43, 44, 45])EYÜP HACI ARİF MAĞAZASI                    =koordinat:41.080054,28.954044
EYÜP->dict_values([1, 2, 3, 4, 5, 6, 7, 8, 9, 10, 11, 12, 13, 14, 15, 16, 17, 18, 19, 20, 21, 22, 23, 24, 25, 26, 27, 28, 29, 30, 31, 32, 33, 34, 35, 36, 37, 38, 39, 40, 41, 42, 43, 44, 45])EYÜP NUR MAĞAZASI                          =koordinat:41.044673,28.926133
EYÜP->dict_values([1, 2, 3, 4, 5, 6, 7, 8, 9, 10, 11, 12, 13, 14, 15, 16, 17, 18, 19, 20, 21, 22, 23, 24, 25, 26, 27, 28, 29, 30, 31, 32, 33, 34, 35, 36, 37, 38, 39, 40, 41, 42, 43, 44, 45])EYÜP SERHAT MAĞAZASI                       =koordinat:41.085653,28.928488
EYÜP->dict_values([1, 2, 3, 4, 5, 6, 7, 8, 9, 10, 11, 12, 13, 14, 15, 16, 17, 18, 19, 20, 21, 22, 23, 24, 25, 26, 27, 28, 29, 30, 31, 32, 33, 34, 35, 36, 37, 38, 39, 40, 41, 42, 43, 44, 45])EYÜP KARADOLAP MAĞAZASI                    =koordinat:41.074737,28.934593
EYÜP->dict_values([1, 2, 3, 4, 5, 6, 7, 8, 9, 10, 11, 12, 13, 14, 15, 16, 17, 18, 19, 20, 21, 22, 23, 24, 25, 26, 27, 28, 29, 30, 31, 32, 33, 34, 35, 36, 37, 38, 39, 40, 41, 42, 43, 44, 45])EYÜP ÇAĞLAR MAĞAZASI                       =koordinat:41.073888,28.929963
EYÜP->dict_values([1, 2, 3, 4, 5, 6, 7, 8, 9, 10, 11, 12, 13, 14, 15, 16, 17, 18, 19, 20, 21, 22, 23, 24, 25, 26, 27, 28, 29, 30, 31, 32, 33, 34, 35, 36, 37, 38, 39, 40, 41, 42, 43, 44, 45])İSTANBUL KEMERBURGAZ MAĞAZASI              =koordinat:41.158677,28.912384
EYÜP->dict_values([1, 2, 3, 4, 5, 6, 7, 8, 9, 10, 11, 12, 13, 14, 15, 16, 17, 18, 19, 20, 21, 22, 23, 24, 25, 26, 27, 28, 29, 30, 31, 32, 33, 34, 35, 36, 37, 38, 39, 40, 41, 42, 43, 44, 45])TOPÇULAR TRAMVAY MAĞAZASI                  =koordinat:41.0410267,28.9200737
EYÜPSULTAN->dict_values([1, 2, 3, 4, 5, 6, 7, 8, 9, 10, 11, 12, 13, 14, 15, 16, 17, 18, 19, 20, 21, 22, 23, 24, 25, 26, 27, 28, 29, 30, 31, 32, 33, 34, 35, 36, 37, 38, 39, 40, 41, 42, 43, 44, 45])İSTANBUL ALİBEYKÖY                         =koordinat:41.0765,28.9428
EYÜPSULTAN->dict_values([1, 2, 3, 4, 5, 6, 7, 8, 9, 10, 11, 12, 13, 14, 15, 16, 17, 18, 19, 20, 21, 22, 23, 24, 25, 26, 27, 28, 29, 30, 31, 32, 33, 34, 35, 36, 37, 38, 39, 40, 41, 42, 43, 44, 45])EYÜP DERİN SOKAK MAĞAZASI                  =koordinat:41.08450666,28.9269577
EYÜPSULTAN->dict_values([1, 2, 3, 4, 5, 6, 7, 8, 9, 10, 11, 12, 13, 14, 15, 16, 17, 18, 19, 20, 21, 22, 23, 24, 25, 26, 27, 28, 29, 30, 31, 32, 33, 34, 35, 36, 37, 38, 39, 40, 41, 42, 43, 44, 45])EYÜP VEYSEL KARANİ CAD MAĞAZASI            =koordinat:41.076425,28.930062
EYÜPSULTAN->dict_values([1, 2, 3, 4, 5, 6, 7, 8, 9, 10, 11, 12, 13, 14, 15, 16, 17, 18, 19, 20, 21, 22, 23, 24, 25, 26, 27, 28, 29, 30, 31, 32, 33, 34, 35, 36, 37, 38, 39, 40, 41, 42, 43, 44, 45])EYÜP PINAR CAD. MAĞAZASI                   =koordinat:41.0927,28.9127
EYÜPSULTAN->dict_values([1, 2, 3, 4, 5, 6, 7, 8, 9, 10, 11, 12, 13, 14, 15, 16, 17, 18, 19, 20, 21, 22, 23, 24, 25, 26, 27, 28, 29, 30, 31, 32, 33, 34, 35, 36, 37, 38, 39, 40, 41, 42, 43, 44, 45])RAMİ REŞADİYE CADDESİ MAĞAZASI             =koordinat:41.05264694,28.91628775
EYÜPSULTAN->dict_values([1, 2, 3, 4, 5, 6, 7, 8, 9, 10, 11, 12, 13, 14, 15, 16, 17, 18, 19, 20, 21, 22, 23, 24, 25, 26, 27, 28, 29, 30, 31, 32, 33, 34, 35, 36, 37, 38, 39, 40, 41, 42, 43, 44, 45])YEŞİLPINAR YILDIZ MAĞAZASI                 =koordinat:41.07886,28.917826
FATİH->dict_values([1, 2, 3, 4, 5, 6, 7, 8, 9, 10, 11, 12, 13, 14, 15, 16, 17, 18, 19, 20, 21, 22, 23, 24, 25, 26, 27, 28, 29, 30, 31, 32, 33, 34, 35, 36, 37, 38, 39, 40, 41, 42, 43, 44, 45])İSTANBUL FINDIKZADE ÇUKURBOSTAN MAĞAZASI   =koordinat:41.0096,28.9363
FATİH->dict_values([1, 2, 3, 4, 5, 6, 7, 8, 9, 10, 11, 12, 13, 14, 15, 16, 17, 18, 19, 20, 21, 22, 23, 24, 25, 26, 27, 28, 29, 30, 31, 32, 33, 34, 35, 36, 37, 38, 39, 40, 41, 42, 43, 44, 45])İSTANBUL FINDIKZADE KIZILELMA MAĞAZASI     =koordinat:41.006656,28.936462
FATİH->dict_values([1, 2, 3, 4, 5, 6, 7, 8, 9, 10, 11, 12, 13, 14, 15, 16, 17, 18, 19, 20, 21, 22, 23, 24, 25, 26, 27, 28, 29, 30, 31, 32, 33, 34, 35, 36, 37, 38, 39, 40, 41, 42, 43, 44, 45])İSTANBUL FATİH KIZTAŞI MAĞAZASI            =koordinat:41.015753,28.949787
FATİH->dict_values([1, 2, 3, 4, 5, 6, 7, 8, 9, 10, 11, 12, 13, 14, 15, 16, 17, 18, 19, 20, 21, 22, 23, 24, 25, 26, 27, 28, 29, 30, 31, 32, 33, 34, 35, 36, 37, 38, 39, 40, 41, 42, 43, 44, 45])İSTANBUL HASEKİ MAĞAZASI                   =koordinat:41.010068,28.945595
FATİH->dict_values([1, 2, 3, 4, 5, 6, 7, 8, 9, 10, 11, 12, 13, 14, 15, 16, 17, 18, 19, 20, 21, 22, 23, 24, 25, 26, 27, 28, 29, 30, 31, 32, 33, 34, 35, 36, 37, 38, 39, 40, 41, 42, 43, 44, 45])İSTANBUL FATİH DRAMAN MAĞAZASI             =koordinat:41.028984,28.944289
FATİH->dict_values([1, 2, 3, 4, 5, 6, 7, 8, 9, 10, 11, 12, 13, 14, 15, 16, 17, 18, 19, 20, 21, 22, 23, 24, 25, 26, 27, 28, 29, 30, 31, 32, 33, 34, 35, 36, 37, 38, 39, 40, 41, 42, 43, 44, 45])İSTANBUL FATİH HIRKAİ ŞERİF MAĞAZASI       =koordinat:41.02078,28.939901
FATİH->dict_values([1, 2, 3, 4, 5, 6, 7, 8, 9, 10, 11, 12, 13, 14, 15, 16, 17, 18, 19, 20, 21, 22, 23, 24, 25, 26, 27, 28, 29, 30, 31, 32, 33, 34, 35, 36, 37, 38, 39, 40, 41, 42, 43, 44, 45])İSTANBUL SARAY MYD.ŞEHREMİNİ MAĞAZASI      =koordinat:41.015144,28.929341
FATİH->dict_values([1, 2, 3, 4, 5, 6, 7, 8, 9, 10, 11, 12, 13, 14, 15, 16, 17, 18, 19, 20, 21, 22, 23, 24, 25, 26, 27, 28, 29, 30, 31, 32, 33, 34, 35, 36, 37, 38, 39, 40, 41, 42, 43, 44, 45])İSTANBUL Z.GÖKALP FINDIKZADE MAĞAZASI      =koordinat:41.011,28.9381
FATİH->dict_values([1, 2, 3, 4, 5, 6, 7, 8, 9, 10, 11, 12, 13, 14, 15, 16, 17, 18, 19, 20, 21, 22, 23, 24, 25, 26, 27, 28, 29, 30, 31, 32, 33, 34, 35, 36, 37, 38, 39, 40, 41, 42, 43, 44, 45])İSTANBUL KUMKAPI MAĞAZASI                  =koordinat:41.005769,28.961694
FATİH->dict_values([1, 2, 3, 4, 5, 6, 7, 8, 9, 10, 11, 12, 13, 14, 15, 16, 17, 18, 19, 20, 21, 22, 23, 24, 25, 26, 27, 28, 29, 30, 31, 32, 33, 34, 35, 36, 37, 38, 39, 40, 41, 42, 43, 44, 45])İSTANBUL KOCAMUSTAFAPASA MAĞAZASI          =koordinat:41.00352,28.92996
FATİH->dict_values([1, 2, 3, 4, 5, 6, 7, 8, 9, 10, 11, 12, 13, 14, 15, 16, 17, 18, 19, 20, 21, 22, 23, 24, 25, 26, 27, 28, 29, 30, 31, 32, 33, 34, 35, 36, 37, 38, 39, 40, 41, 42, 43, 44, 45])İSTANBUL AKDENİZ CD.FATIH MAĞAZASI         =koordinat:41.017462,28.943803
FATİH->dict_values([1, 2, 3, 4, 5, 6, 7, 8, 9, 10, 11, 12, 13, 14, 15, 16, 17, 18, 19, 20, 21, 22, 23, 24, 25, 26, 27, 28, 29, 30, 31, 32, 33, 34, 35, 36, 37, 38, 39, 40, 41, 42, 43, 44, 45])İSTANBUL YEDIKULE MAĞAZASI                 =koordinat:40.996761,28.927793
FATİH->dict_values([1, 2, 3, 4, 5, 6, 7, 8, 9, 10, 11, 12, 13, 14, 15, 16, 17, 18, 19, 20, 21, 22, 23, 24, 25, 26, 27, 28, 29, 30, 31, 32, 33, 34, 35, 36, 37, 38, 39, 40, 41, 42, 43, 44, 45])İSTANBUL KARAGUMRUK MAĞAZASI               =koordinat:41.02563,28.939141
FATİH->dict_values([1, 2, 3, 4, 5, 6, 7, 8, 9, 10, 11, 12, 13, 14, 15, 16, 17, 18, 19, 20, 21, 22, 23, 24, 25, 26, 27, 28, 29, 30, 31, 32, 33, 34, 35, 36, 37, 38, 39, 40, 41, 42, 43, 44, 45])İSTANBUL DUHANİYE SK.SÜMBÜLEFENDİ MAĞAZASI =koordinat:41.002051,28.929794
FATİH->dict_values([1, 2, 3, 4, 5, 6, 7, 8, 9, 10, 11, 12, 13, 14, 15, 16, 17, 18, 19, 20, 21, 22, 23, 24, 25, 26, 27, 28, 29, 30, 31, 32, 33, 34, 35, 36, 37, 38, 39, 40, 41, 42, 43, 44, 45])İSTANBUL KUÇUKMUSTAFAPASA MAĞAZASI         =koordinat:41.026017,28.956061
FATİH->dict_values([1, 2, 3, 4, 5, 6, 7, 8, 9, 10, 11, 12, 13, 14, 15, 16, 17, 18, 19, 20, 21, 22, 23, 24, 25, 26, 27, 28, 29, 30, 31, 32, 33, 34, 35, 36, 37, 38, 39, 40, 41, 42, 43, 44, 45])İSTANBUL CEMBERLITAS MAĞAZASI              =koordinat:41.00597,28.973377
FATİH->dict_values([1, 2, 3, 4, 5, 6, 7, 8, 9, 10, 11, 12, 13, 14, 15, 16, 17, 18, 19, 20, 21, 22, 23, 24, 25, 26, 27, 28, 29, 30, 31, 32, 33, 34, 35, 36, 37, 38, 39, 40, 41, 42, 43, 44, 45])İSTANBUL SINANAGA FATİH MAĞAZASI           =koordinat:41.019516,28.953381
FATİH->dict_values([1, 2, 3, 4, 5, 6, 7, 8, 9, 10, 11, 12, 13, 14, 15, 16, 17, 18, 19, 20, 21, 22, 23, 24, 25, 26, 27, 28, 29, 30, 31, 32, 33, 34, 35, 36, 37, 38, 39, 40, 41, 42, 43, 44, 45])İSTANBUL CERRAHPASA MAĞAZASI               =koordinat:41.006939,28.942288
FATİH->dict_values([1, 2, 3, 4, 5, 6, 7, 8, 9, 10, 11, 12, 13, 14, 15, 16, 17, 18, 19, 20, 21, 22, 23, 24, 25, 26, 27, 28, 29, 30, 31, 32, 33, 34, 35, 36, 37, 38, 39, 40, 41, 42, 43, 44, 45])İSTANBUL AKSARAY-2 MAĞAZASI                =koordinat:41.009247,28.94898
FATİH->dict_values([1, 2, 3, 4, 5, 6, 7, 8, 9, 10, 11, 12, 13, 14, 15, 16, 17, 18, 19, 20, 21, 22, 23, 24, 25, 26, 27, 28, 29, 30, 31, 32, 33, 34, 35, 36, 37, 38, 39, 40, 41, 42, 43, 44, 45])İSTANBUL SUMBULEFENDI MAĞAZASI             =koordinat:41.004101,28.929276
FATİH->dict_values([1, 2, 3, 4, 5, 6, 7, 8, 9, 10, 11, 12, 13, 14, 15, 16, 17, 18, 19, 20, 21, 22, 23, 24, 25, 26, 27, 28, 29, 30, 31, 32, 33, 34, 35, 36, 37, 38, 39, 40, 41, 42, 43, 44, 45])İSTANBUL HORHOR MAĞAZASI                   =koordinat:41.0122,28.9496
FATİH->dict_values([1, 2, 3, 4, 5, 6, 7, 8, 9, 10, 11, 12, 13, 14, 15, 16, 17, 18, 19, 20, 21, 22, 23, 24, 25, 26, 27, 28, 29, 30, 31, 32, 33, 34, 35, 36, 37, 38, 39, 40, 41, 42, 43, 44, 45])İSTANBUL SEYITOMER MAĞAZASI                =koordinat:41.0076,28.9313
FATİH->dict_values([1, 2, 3, 4, 5, 6, 7, 8, 9, 10, 11, 12, 13, 14, 15, 16, 17, 18, 19, 20, 21, 22, 23, 24, 25, 26, 27, 28, 29, 30, 31, 32, 33, 34, 35, 36, 37, 38, 39, 40, 41, 42, 43, 44, 45])İSTANBUL MERCAN MH.EMİNÖNÜ MAĞAZASI        =koordinat:41.013809,28.967533
FATİH->dict_values([1, 2, 3, 4, 5, 6, 7, 8, 9, 10, 11, 12, 13, 14, 15, 16, 17, 18, 19, 20, 21, 22, 23, 24, 25, 26, 27, 28, 29, 30, 31, 32, 33, 34, 35, 36, 37, 38, 39, 40, 41, 42, 43, 44, 45])İSTANBUL SİRKECİ MAĞAZASI                  =koordinat:41.013436,28.975343
FATİH->dict_values([1, 2, 3, 4, 5, 6, 7, 8, 9, 10, 11, 12, 13, 14, 15, 16, 17, 18, 19, 20, 21, 22, 23, 24, 25, 26, 27, 28, 29, 30, 31, 32, 33, 34, 35, 36, 37, 38, 39, 40, 41, 42, 43, 44, 45])İSTANBUL İTFAİYE FATİH MAĞAZASI            =koordinat:41.016292,28.952335
FATİH->dict_values([1, 2, 3, 4, 5, 6, 7, 8, 9, 10, 11, 12, 13, 14, 15, 16, 17, 18, 19, 20, 21, 22, 23, 24, 25, 26, 27, 28, 29, 30, 31, 32, 33, 34, 35, 36, 37, 38, 39, 40, 41, 42, 43, 44, 45])İSTANBUL MEVLANA KAPI MAĞAZASI             =koordinat:41.013742,28.925012
FATİH->dict_values([1, 2, 3, 4, 5, 6, 7, 8, 9, 10, 11, 12, 13, 14, 15, 16, 17, 18, 19, 20, 21, 22, 23, 24, 25, 26, 27, 28, 29, 30, 31, 32, 33, 34, 35, 36, 37, 38, 39, 40, 41, 42, 43, 44, 45])İSTANBUL KADIRGA MAĞAZASI                  =koordinat:41.005095,28.969992
FATİH->dict_values([1, 2, 3, 4, 5, 6, 7, 8, 9, 10, 11, 12, 13, 14, 15, 16, 17, 18, 19, 20, 21, 22, 23, 24, 25, 26, 27, 28, 29, 30, 31, 32, 33, 34, 35, 36, 37, 38, 39, 40, 41, 42, 43, 44, 45])İSTANBUL FATİH SOFALI ÇEŞME                =koordinat:41.023694,28.935741
FATİH->dict_values([1, 2, 3, 4, 5, 6, 7, 8, 9, 10, 11, 12, 13, 14, 15, 16, 17, 18, 19, 20, 21, 22, 23, 24, 25, 26, 27, 28, 29, 30, 31, 32, 33, 34, 35, 36, 37, 38, 39, 40, 41, 42, 43, 44, 45])İSTANBUL SAMATYA MAĞAZASI                  =koordinat:41.001684,28.93511
FATİH->dict_values([1, 2, 3, 4, 5, 6, 7, 8, 9, 10, 11, 12, 13, 14, 15, 16, 17, 18, 19, 20, 21, 22, 23, 24, 25, 26, 27, 28, 29, 30, 31, 32, 33, 34, 35, 36, 37, 38, 39, 40, 41, 42, 43, 44, 45])İSTANBUL FATİH SARAYAĞASI MAĞAZASI         =koordinat:41.025564,28.943358
FATİH->dict_values([1, 2, 3, 4, 5, 6, 7, 8, 9, 10, 11, 12, 13, 14, 15, 16, 17, 18, 19, 20, 21, 22, 23, 24, 25, 26, 27, 28, 29, 30, 31, 32, 33, 34, 35, 36, 37, 38, 39, 40, 41, 42, 43, 44, 45])ŞOK MİNİ-TOPKAPI MAĞAZASI                  =koordinat:41.019811,28.926398
FATİH->dict_values([1, 2, 3, 4, 5, 6, 7, 8, 9, 10, 11, 12, 13, 14, 15, 16, 17, 18, 19, 20, 21, 22, 23, 24, 25, 26, 27, 28, 29, 30, 31, 32, 33, 34, 35, 36, 37, 38, 39, 40, 41, 42, 43, 44, 45])524 - FATİH PAZAR YERİ                     =koordinat:41.003227,28.926034
FATİH->dict_values([1, 2, 3, 4, 5, 6, 7, 8, 9, 10, 11, 12, 13, 14, 15, 16, 17, 18, 19, 20, 21, 22, 23, 24, 25, 26, 27, 28, 29, 30, 31, 32, 33, 34, 35, 36, 37, 38, 39, 40, 41, 42, 43, 44, 45])İSTANBUL FATİH DÖRT YILDIZ MAĞAZASI        =koordinat:41.015917,28.94876
FATİH->dict_values([1, 2, 3, 4, 5, 6, 7, 8, 9, 10, 11, 12, 13, 14, 15, 16, 17, 18, 19, 20, 21, 22, 23, 24, 25, 26, 27, 28, 29, 30, 31, 32, 33, 34, 35, 36, 37, 38, 39, 40, 41, 42, 43, 44, 45])İSTANBUL FATİH İSKENDERPAŞA MAĞAZASI       =koordinat:41.014175,28.946169
FATİH->dict_values([1, 2, 3, 4, 5, 6, 7, 8, 9, 10, 11, 12, 13, 14, 15, 16, 17, 18, 19, 20, 21, 22, 23, 24, 25, 26, 27, 28, 29, 30, 31, 32, 33, 34, 35, 36, 37, 38, 39, 40, 41, 42, 43, 44, 45])ŞOK MİNİ-SAMATYA MAĞAZASI                  =koordinat:41.000579,28.932696
FATİH->dict_values([1, 2, 3, 4, 5, 6, 7, 8, 9, 10, 11, 12, 13, 14, 15, 16, 17, 18, 19, 20, 21, 22, 23, 24, 25, 26, 27, 28, 29, 30, 31, 32, 33, 34, 35, 36, 37, 38, 39, 40, 41, 42, 43, 44, 45])ŞOK MİNİ-EDİRNEKAPI MAĞAZASI               =koordinat:41.032437,28.938602
FATİH->dict_values([1, 2, 3, 4, 5, 6, 7, 8, 9, 10, 11, 12, 13, 14, 15, 16, 17, 18, 19, 20, 21, 22, 23, 24, 25, 26, 27, 28, 29, 30, 31, 32, 33, 34, 35, 36, 37, 38, 39, 40, 41, 42, 43, 44, 45])İSTANBUL FINDIKZADE MOLLA GÜRANİ MAĞAZASI  =koordinat:41.012894,28.942124
FATİH->dict_values([1, 2, 3, 4, 5, 6, 7, 8, 9, 10, 11, 12, 13, 14, 15, 16, 17, 18, 19, 20, 21, 22, 23, 24, 25, 26, 27, 28, 29, 30, 31, 32, 33, 34, 35, 36, 37, 38, 39, 40, 41, 42, 43, 44, 45])İSTANBUL FATİH KARADENİZ MAĞAZASI          =koordinat:41.022175,28.953695
FATİH->dict_values([1, 2, 3, 4, 5, 6, 7, 8, 9, 10, 11, 12, 13, 14, 15, 16, 17, 18, 19, 20, 21, 22, 23, 24, 25, 26, 27, 28, 29, 30, 31, 32, 33, 34, 35, 36, 37, 38, 39, 40, 41, 42, 43, 44, 45])FATİH YOKUŞ ÇEŞME MAĞAZASI                 =koordinat:41.004694,28.943557
FATİH->dict_values([1, 2, 3, 4, 5, 6, 7, 8, 9, 10, 11, 12, 13, 14, 15, 16, 17, 18, 19, 20, 21, 22, 23, 24, 25, 26, 27, 28, 29, 30, 31, 32, 33, 34, 35, 36, 37, 38, 39, 40, 41, 42, 43, 44, 45])FATİH BALAT CİBALİ MAĞAZASI                =koordinat:41.0328,28.9472
FATİH->dict_values([1, 2, 3, 4, 5, 6, 7, 8, 9, 10, 11, 12, 13, 14, 15, 16, 17, 18, 19, 20, 21, 22, 23, 24, 25, 26, 27, 28, 29, 30, 31, 32, 33, 34, 35, 36, 37, 38, 39, 40, 41, 42, 43, 44, 45])ŞOK MİNİ-KARAGÜMRÜK MAĞAZASI               =koordinat:41.026568,28.9376968
FATİH->dict_values([1, 2, 3, 4, 5, 6, 7, 8, 9, 10, 11, 12, 13, 14, 15, 16, 17, 18, 19, 20, 21, 22, 23, 24, 25, 26, 27, 28, 29, 30, 31, 32, 33, 34, 35, 36, 37, 38, 39, 40, 41, 42, 43, 44, 45])ŞOK-MİNİ FATİH ÇARŞAMBA MAĞAZASI           =koordinat:41.0262,28.9486
FATİH->dict_values([1, 2, 3, 4, 5, 6, 7, 8, 9, 10, 11, 12, 13, 14, 15, 16, 17, 18, 19, 20, 21, 22, 23, 24, 25, 26, 27, 28, 29, 30, 31, 32, 33, 34, 35, 36, 37, 38, 39, 40, 41, 42, 43, 44, 45])İSTANBUL BALAT-2 MAĞAZASI                  =koordinat:41.03247909,28.94782613
FATİH->dict_values([1, 2, 3, 4, 5, 6, 7, 8, 9, 10, 11, 12, 13, 14, 15, 16, 17, 18, 19, 20, 21, 22, 23, 24, 25, 26, 27, 28, 29, 30, 31, 32, 33, 34, 35, 36, 37, 38, 39, 40, 41, 42, 43, 44, 45])FATİH HATAT İZZET MAĞAZASI                 =koordinat:41.02116155,28.95156817
FATİH->dict_values([1, 2, 3, 4, 5, 6, 7, 8, 9, 10, 11, 12, 13, 14, 15, 16, 17, 18, 19, 20, 21, 22, 23, 24, 25, 26, 27, 28, 29, 30, 31, 32, 33, 34, 35, 36, 37, 38, 39, 40, 41, 42, 43, 44, 45])İSTANBUL FATİH BARAN MAĞAZASI              =koordinat:41.01975,28.9464
FATİH->dict_values([1, 2, 3, 4, 5, 6, 7, 8, 9, 10, 11, 12, 13, 14, 15, 16, 17, 18, 19, 20, 21, 22, 23, 24, 25, 26, 27, 28, 29, 30, 31, 32, 33, 34, 35, 36, 37, 38, 39, 40, 41, 42, 43, 44, 45])FATİH AYVANSARAY MAĞAZASI                  =koordinat:41.0398,28.9463
GAZİOSMANPAŞA->dict_values([1, 2, 3, 4, 5, 6, 7, 8, 9, 10, 11, 12, 13, 14, 15, 16, 17, 18, 19, 20, 21, 22, 23, 24, 25, 26, 27, 28, 29, 30, 31, 32, 33, 34, 35, 36, 37, 38, 39, 40, 41, 42, 43, 44, 45])İSTANBUL GAZİOSMANPAŞA KÜÇÜKKÖY MAĞAZASI   =koordinat:41.068437,28.902625
GAZİOSMANPAŞA->dict_values([1, 2, 3, 4, 5, 6, 7, 8, 9, 10, 11, 12, 13, 14, 15, 16, 17, 18, 19, 20, 21, 22, 23, 24, 25, 26, 27, 28, 29, 30, 31, 32, 33, 34, 35, 36, 37, 38, 39, 40, 41, 42, 43, 44, 45])İSTANBUL GAZİOSMANPAŞA BEŞYÜZEVLER MAĞAZASI=koordinat:41.070932,28.891449
GAZİOSMANPAŞA->dict_values([1, 2, 3, 4, 5, 6, 7, 8, 9, 10, 11, 12, 13, 14, 15, 16, 17, 18, 19, 20, 21, 22, 23, 24, 25, 26, 27, 28, 29, 30, 31, 32, 33, 34, 35, 36, 37, 38, 39, 40, 41, 42, 43, 44, 45])İSTANBUL GOP RUMELİPARK MAĞAZASI           =koordinat:41.070802,28.894574
GAZİOSMANPAŞA->dict_values([1, 2, 3, 4, 5, 6, 7, 8, 9, 10, 11, 12, 13, 14, 15, 16, 17, 18, 19, 20, 21, 22, 23, 24, 25, 26, 27, 28, 29, 30, 31, 32, 33, 34, 35, 36, 37, 38, 39, 40, 41, 42, 43, 44, 45])İSTANBUL KÜÇÜKKÖY ŞEMSİPAŞA MAĞAZASI       =koordinat:41.067211,28.908039
GAZİOSMANPAŞA->dict_values([1, 2, 3, 4, 5, 6, 7, 8, 9, 10, 11, 12, 13, 14, 15, 16, 17, 18, 19, 20, 21, 22, 23, 24, 25, 26, 27, 28, 29, 30, 31, 32, 33, 34, 35, 36, 37, 38, 39, 40, 41, 42, 43, 44, 45])İSTANBUL GOP NAMIK KEMAL MAĞAZASI          =koordinat:41.077042,28.881231
GAZİOSMANPAŞA->dict_values([1, 2, 3, 4, 5, 6, 7, 8, 9, 10, 11, 12, 13, 14, 15, 16, 17, 18, 19, 20, 21, 22, 23, 24, 25, 26, 27, 28, 29, 30, 31, 32, 33, 34, 35, 36, 37, 38, 39, 40, 41, 42, 43, 44, 45])İSTANBUL GOP KAZIM KARABEKİR MAĞAZASI      =koordinat:41.079877,28.907425
GAZİOSMANPAŞA->dict_values([1, 2, 3, 4, 5, 6, 7, 8, 9, 10, 11, 12, 13, 14, 15, 16, 17, 18, 19, 20, 21, 22, 23, 24, 25, 26, 27, 28, 29, 30, 31, 32, 33, 34, 35, 36, 37, 38, 39, 40, 41, 42, 43, 44, 45])İSTANBUL AHMET EFENDİ MAĞAZASI             =koordinat:41.058919,28.931511
GAZİOSMANPAŞA->dict_values([1, 2, 3, 4, 5, 6, 7, 8, 9, 10, 11, 12, 13, 14, 15, 16, 17, 18, 19, 20, 21, 22, 23, 24, 25, 26, 27, 28, 29, 30, 31, 32, 33, 34, 35, 36, 37, 38, 39, 40, 41, 42, 43, 44, 45])İSTANBUL YEŞİLPINAR GİRNE MAĞAZASI         =koordinat:41.079475,28.918426
GAZİOSMANPAŞA->dict_values([1, 2, 3, 4, 5, 6, 7, 8, 9, 10, 11, 12, 13, 14, 15, 16, 17, 18, 19, 20, 21, 22, 23, 24, 25, 26, 27, 28, 29, 30, 31, 32, 33, 34, 35, 36, 37, 38, 39, 40, 41, 42, 43, 44, 45])İSTANBUL ORHAN EFENDİ MAĞAZASI             =koordinat:41.059168,28.936266
GAZİOSMANPAŞA->dict_values([1, 2, 3, 4, 5, 6, 7, 8, 9, 10, 11, 12, 13, 14, 15, 16, 17, 18, 19, 20, 21, 22, 23, 24, 25, 26, 27, 28, 29, 30, 31, 32, 33, 34, 35, 36, 37, 38, 39, 40, 41, 42, 43, 44, 45])İSTANBUL GOP YILDIZ MAĞAZASI               =koordinat:41.064428,28.930824
GAZİOSMANPAŞA->dict_values([1, 2, 3, 4, 5, 6, 7, 8, 9, 10, 11, 12, 13, 14, 15, 16, 17, 18, 19, 20, 21, 22, 23, 24, 25, 26, 27, 28, 29, 30, 31, 32, 33, 34, 35, 36, 37, 38, 39, 40, 41, 42, 43, 44, 45])İSTANBUL SALİH PAŞA GOP MAĞAZASI           =koordinat:41.056998,28.911609
GAZİOSMANPAŞA->dict_values([1, 2, 3, 4, 5, 6, 7, 8, 9, 10, 11, 12, 13, 14, 15, 16, 17, 18, 19, 20, 21, 22, 23, 24, 25, 26, 27, 28, 29, 30, 31, 32, 33, 34, 35, 36, 37, 38, 39, 40, 41, 42, 43, 44, 45])İSTANBUL GOP MEVLANA MAH. MAĞAZASI         =koordinat:41.087226,28.913178
GAZİOSMANPAŞA->dict_values([1, 2, 3, 4, 5, 6, 7, 8, 9, 10, 11, 12, 13, 14, 15, 16, 17, 18, 19, 20, 21, 22, 23, 24, 25, 26, 27, 28, 29, 30, 31, 32, 33, 34, 35, 36, 37, 38, 39, 40, 41, 42, 43, 44, 45])İSTANBUL GOP KIZILAY MAĞAZASI              =koordinat:41.057528,28.917587
GAZİOSMANPAŞA->dict_values([1, 2, 3, 4, 5, 6, 7, 8, 9, 10, 11, 12, 13, 14, 15, 16, 17, 18, 19, 20, 21, 22, 23, 24, 25, 26, 27, 28, 29, 30, 31, 32, 33, 34, 35, 36, 37, 38, 39, 40, 41, 42, 43, 44, 45])İSTANBUL PAŞACAMİ MAĞAZASI                 =koordinat:41.078718,28.901245
GAZİOSMANPAŞA->dict_values([1, 2, 3, 4, 5, 6, 7, 8, 9, 10, 11, 12, 13, 14, 15, 16, 17, 18, 19, 20, 21, 22, 23, 24, 25, 26, 27, 28, 29, 30, 31, 32, 33, 34, 35, 36, 37, 38, 39, 40, 41, 42, 43, 44, 45])İSTANBUL GOP GÖÇMENLER SOKAK MAĞAZASI      =koordinat:41.057439,28.925411
GAZİOSMANPAŞA->dict_values([1, 2, 3, 4, 5, 6, 7, 8, 9, 10, 11, 12, 13, 14, 15, 16, 17, 18, 19, 20, 21, 22, 23, 24, 25, 26, 27, 28, 29, 30, 31, 32, 33, 34, 35, 36, 37, 38, 39, 40, 41, 42, 43, 44, 45])İSTANBUL GAZIOSMANPASA HALITPASA C MAĞAZASI=koordinat:41.056114,28.914189
GAZİOSMANPAŞA->dict_values([1, 2, 3, 4, 5, 6, 7, 8, 9, 10, 11, 12, 13, 14, 15, 16, 17, 18, 19, 20, 21, 22, 23, 24, 25, 26, 27, 28, 29, 30, 31, 32, 33, 34, 35, 36, 37, 38, 39, 40, 41, 42, 43, 44, 45])İSTANBUL GAZİOSMANPAŞA LALELİ              =koordinat:41.05866,28.915648
GAZİOSMANPAŞA->dict_values([1, 2, 3, 4, 5, 6, 7, 8, 9, 10, 11, 12, 13, 14, 15, 16, 17, 18, 19, 20, 21, 22, 23, 24, 25, 26, 27, 28, 29, 30, 31, 32, 33, 34, 35, 36, 37, 38, 39, 40, 41, 42, 43, 44, 45])İSTANBUL GAZİ OSMANPAŞA DESTEGÜL MAĞAZASI  =koordinat:41.067354,28.913014
GAZİOSMANPAŞA->dict_values([1, 2, 3, 4, 5, 6, 7, 8, 9, 10, 11, 12, 13, 14, 15, 16, 17, 18, 19, 20, 21, 22, 23, 24, 25, 26, 27, 28, 29, 30, 31, 32, 33, 34, 35, 36, 37, 38, 39, 40, 41, 42, 43, 44, 45])İSTANBUL MEVLANA SU DEPOSU MAĞAZASI        =koordinat:41.084094,28.91343
GAZİOSMANPAŞA->dict_values([1, 2, 3, 4, 5, 6, 7, 8, 9, 10, 11, 12, 13, 14, 15, 16, 17, 18, 19, 20, 21, 22, 23, 24, 25, 26, 27, 28, 29, 30, 31, 32, 33, 34, 35, 36, 37, 38, 39, 40, 41, 42, 43, 44, 45])İSTANBUL GAZİOSMANPAŞA GÖZTEPE MAĞAZASI    =koordinat:41.055851,28.927174
GAZİOSMANPAŞA->dict_values([1, 2, 3, 4, 5, 6, 7, 8, 9, 10, 11, 12, 13, 14, 15, 16, 17, 18, 19, 20, 21, 22, 23, 24, 25, 26, 27, 28, 29, 30, 31, 32, 33, 34, 35, 36, 37, 38, 39, 40, 41, 42, 43, 44, 45])İSTANBUL GOP SALİH EFENDİ MAĞAZASI         =koordinat:41.074476,28.90132
GAZİOSMANPAŞA->dict_values([1, 2, 3, 4, 5, 6, 7, 8, 9, 10, 11, 12, 13, 14, 15, 16, 17, 18, 19, 20, 21, 22, 23, 24, 25, 26, 27, 28, 29, 30, 31, 32, 33, 34, 35, 36, 37, 38, 39, 40, 41, 42, 43, 44, 45])İSTANBUL GOP KARDELEN MAĞAZASI             =koordinat:41.081062,28.91074
GAZİOSMANPAŞA->dict_values([1, 2, 3, 4, 5, 6, 7, 8, 9, 10, 11, 12, 13, 14, 15, 16, 17, 18, 19, 20, 21, 22, 23, 24, 25, 26, 27, 28, 29, 30, 31, 32, 33, 34, 35, 36, 37, 38, 39, 40, 41, 42, 43, 44, 45])İSTANBUL GAZİOSMANPAŞA YENİMAHALLE MAĞAZASI=koordinat:41.084389,28.902841
GAZİOSMANPAŞA->dict_values([1, 2, 3, 4, 5, 6, 7, 8, 9, 10, 11, 12, 13, 14, 15, 16, 17, 18, 19, 20, 21, 22, 23, 24, 25, 26, 27, 28, 29, 30, 31, 32, 33, 34, 35, 36, 37, 38, 39, 40, 41, 42, 43, 44, 45])İSTANBUL GAZİOSMANPAŞA KARAYOLLARI MAĞAZASI=koordinat:41.083668,28.89499
GAZİOSMANPAŞA->dict_values([1, 2, 3, 4, 5, 6, 7, 8, 9, 10, 11, 12, 13, 14, 15, 16, 17, 18, 19, 20, 21, 22, 23, 24, 25, 26, 27, 28, 29, 30, 31, 32, 33, 34, 35, 36, 37, 38, 39, 40, 41, 42, 43, 44, 45])İSTANBUL FEVZİ ÇAKMAK CAD MAĞAZASI         =koordinat:41.072222,28.906067
GAZİOSMANPAŞA->dict_values([1, 2, 3, 4, 5, 6, 7, 8, 9, 10, 11, 12, 13, 14, 15, 16, 17, 18, 19, 20, 21, 22, 23, 24, 25, 26, 27, 28, 29, 30, 31, 32, 33, 34, 35, 36, 37, 38, 39, 40, 41, 42, 43, 44, 45])ŞOK MİNİ-EYMEN MAĞAZASI                    =koordinat:41.071653,28.90964
GAZİOSMANPAŞA->dict_values([1, 2, 3, 4, 5, 6, 7, 8, 9, 10, 11, 12, 13, 14, 15, 16, 17, 18, 19, 20, 21, 22, 23, 24, 25, 26, 27, 28, 29, 30, 31, 32, 33, 34, 35, 36, 37, 38, 39, 40, 41, 42, 43, 44, 45])ŞOK MİNİ GÖÇMENLER MAĞAZASI                =koordinat:41.057265,28.922458
GAZİOSMANPAŞA->dict_values([1, 2, 3, 4, 5, 6, 7, 8, 9, 10, 11, 12, 13, 14, 15, 16, 17, 18, 19, 20, 21, 22, 23, 24, 25, 26, 27, 28, 29, 30, 31, 32, 33, 34, 35, 36, 37, 38, 39, 40, 41, 42, 43, 44, 45])İSTANBUL KARABEKİR MEVLANA MAĞAZASI        =koordinat:41.081577,28.913299
GAZİOSMANPAŞA->dict_values([1, 2, 3, 4, 5, 6, 7, 8, 9, 10, 11, 12, 13, 14, 15, 16, 17, 18, 19, 20, 21, 22, 23, 24, 25, 26, 27, 28, 29, 30, 31, 32, 33, 34, 35, 36, 37, 38, 39, 40, 41, 42, 43, 44, 45])ŞOK MİNİ-ÇELEBİLER MAĞAZASI                =koordinat:41.056405,28.925122
GAZİOSMANPAŞA->dict_values([1, 2, 3, 4, 5, 6, 7, 8, 9, 10, 11, 12, 13, 14, 15, 16, 17, 18, 19, 20, 21, 22, 23, 24, 25, 26, 27, 28, 29, 30, 31, 32, 33, 34, 35, 36, 37, 38, 39, 40, 41, 42, 43, 44, 45])GOP MEYDAN MAĞAZASI                        =koordinat:41.05673489,28.91482875
GAZİOSMANPAŞA->dict_values([1, 2, 3, 4, 5, 6, 7, 8, 9, 10, 11, 12, 13, 14, 15, 16, 17, 18, 19, 20, 21, 22, 23, 24, 25, 26, 27, 28, 29, 30, 31, 32, 33, 34, 35, 36, 37, 38, 39, 40, 41, 42, 43, 44, 45])GOP SARIGÖL MAĞAZASI                       =koordinat:41.058649,28.914829
GAZİOSMANPAŞA->dict_values([1, 2, 3, 4, 5, 6, 7, 8, 9, 10, 11, 12, 13, 14, 15, 16, 17, 18, 19, 20, 21, 22, 23, 24, 25, 26, 27, 28, 29, 30, 31, 32, 33, 34, 35, 36, 37, 38, 39, 40, 41, 42, 43, 44, 45])ŞOK MİNİ-PAŞAÇAYIRI MAĞAZASI               =koordinat:41.083472,29
GAZİOSMANPAŞA->dict_values([1, 2, 3, 4, 5, 6, 7, 8, 9, 10, 11, 12, 13, 14, 15, 16, 17, 18, 19, 20, 21, 22, 23, 24, 25, 26, 27, 28, 29, 30, 31, 32, 33, 34, 35, 36, 37, 38, 39, 40, 41, 42, 43, 44, 45])ŞOK MİNİ-HAYDARPAŞA                        =koordinat:41.0636244,28.9059266
GAZİOSMANPAŞA->dict_values([1, 2, 3, 4, 5, 6, 7, 8, 9, 10, 11, 12, 13, 14, 15, 16, 17, 18, 19, 20, 21, 22, 23, 24, 25, 26, 27, 28, 29, 30, 31, 32, 33, 34, 35, 36, 37, 38, 39, 40, 41, 42, 43, 44, 45])GAZİOSMANPAŞA PLEVNE MAĞAZASI              =koordinat:41.06533318,28.91446933
GAZİOSMANPAŞA->dict_values([1, 2, 3, 4, 5, 6, 7, 8, 9, 10, 11, 12, 13, 14, 15, 16, 17, 18, 19, 20, 21, 22, 23, 24, 25, 26, 27, 28, 29, 30, 31, 32, 33, 34, 35, 36, 37, 38, 39, 40, 41, 42, 43, 44, 45])YEŞİLPINAR 910 SOKAK MAĞAZASI              =koordinat:41.0878,28.9165
GAZİOSMANPAŞA->dict_values([1, 2, 3, 4, 5, 6, 7, 8, 9, 10, 11, 12, 13, 14, 15, 16, 17, 18, 19, 20, 21, 22, 23, 24, 25, 26, 27, 28, 29, 30, 31, 32, 33, 34, 35, 36, 37, 38, 39, 40, 41, 42, 43, 44, 45])GOP BAĞLARBAŞI TOKİ MAĞAZASI               =koordinat:41.0676,28.9287
GAZİOSMANPAŞA->dict_values([1, 2, 3, 4, 5, 6, 7, 8, 9, 10, 11, 12, 13, 14, 15, 16, 17, 18, 19, 20, 21, 22, 23, 24, 25, 26, 27, 28, 29, 30, 31, 32, 33, 34, 35, 36, 37, 38, 39, 40, 41, 42, 43, 44, 45])GAZİOSMANPAŞA KÖŞK MAĞAZASI                =koordinat:41.07023299,28.9006868
GAZİOSMANPAŞA->dict_values([1, 2, 3, 4, 5, 6, 7, 8, 9, 10, 11, 12, 13, 14, 15, 16, 17, 18, 19, 20, 21, 22, 23, 24, 25, 26, 27, 28, 29, 30, 31, 32, 33, 34, 35, 36, 37, 38, 39, 40, 41, 42, 43, 44, 45])KARAYOLLARI FATİH CADDESİ MAĞAZASI         =koordinat:41.08744877,28.89497209
GAZİOSMANPAŞA->dict_values([1, 2, 3, 4, 5, 6, 7, 8, 9, 10, 11, 12, 13, 14, 15, 16, 17, 18, 19, 20, 21, 22, 23, 24, 25, 26, 27, 28, 29, 30, 31, 32, 33, 34, 35, 36, 37, 38, 39, 40, 41, 42, 43, 44, 45])KARADENİZ TRAMWAY MAĞAZASI                 =koordinat:41.0757,28.8834
GAZİOSMANPAŞA->dict_values([1, 2, 3, 4, 5, 6, 7, 8, 9, 10, 11, 12, 13, 14, 15, 16, 17, 18, 19, 20, 21, 22, 23, 24, 25, 26, 27, 28, 29, 30, 31, 32, 33, 34, 35, 36, 37, 38, 39, 40, 41, 42, 43, 44, 45])İSTANBUL BARBAROS HAYRETTİN PAŞA MAĞAZASI  =koordinat:41.074923,28.888195
GAZİOSMANPAŞA->dict_values([1, 2, 3, 4, 5, 6, 7, 8, 9, 10, 11, 12, 13, 14, 15, 16, 17, 18, 19, 20, 21, 22, 23, 24, 25, 26, 27, 28, 29, 30, 31, 32, 33, 34, 35, 36, 37, 38, 39, 40, 41, 42, 43, 44, 45])ŞOK MİNİ-ŞEHİTLER MAĞAZASI                 =koordinat:41.068953,28.899625
GAZİOSMANPAŞA->dict_values([1, 2, 3, 4, 5, 6, 7, 8, 9, 10, 11, 12, 13, 14, 15, 16, 17, 18, 19, 20, 21, 22, 23, 24, 25, 26, 27, 28, 29, 30, 31, 32, 33, 34, 35, 36, 37, 38, 39, 40, 41, 42, 43, 44, 45])GAZİOSMANPAŞA AKDENİZ CAD MAĞAZASI         =koordinat:41.065284,28.901412
GAZİOSMANPAŞA->dict_values([1, 2, 3, 4, 5, 6, 7, 8, 9, 10, 11, 12, 13, 14, 15, 16, 17, 18, 19, 20, 21, 22, 23, 24, 25, 26, 27, 28, 29, 30, 31, 32, 33, 34, 35, 36, 37, 38, 39, 40, 41, 42, 43, 44, 45])ŞOK MİNİ-ARAŞTIRMA MAĞAZASI                =koordinat:41.08807,28.898483
GAZİOSMANPAŞA->dict_values([1, 2, 3, 4, 5, 6, 7, 8, 9, 10, 11, 12, 13, 14, 15, 16, 17, 18, 19, 20, 21, 22, 23, 24, 25, 26, 27, 28, 29, 30, 31, 32, 33, 34, 35, 36, 37, 38, 39, 40, 41, 42, 43, 44, 45])GAZİOSMANPAŞA GÜLER MAĞAZASI               =koordinat:41.077754,28.913529
GAZİOSMANPAŞA->dict_values([1, 2, 3, 4, 5, 6, 7, 8, 9, 10, 11, 12, 13, 14, 15, 16, 17, 18, 19, 20, 21, 22, 23, 24, 25, 26, 27, 28, 29, 30, 31, 32, 33, 34, 35, 36, 37, 38, 39, 40, 41, 42, 43, 44, 45])ŞOK MİNİ-KARAYOLLARI MAĞAZASI              =koordinat:41.0881,28.8931
GAZİOSMANPAŞA->dict_values([1, 2, 3, 4, 5, 6, 7, 8, 9, 10, 11, 12, 13, 14, 15, 16, 17, 18, 19, 20, 21, 22, 23, 24, 25, 26, 27, 28, 29, 30, 31, 32, 33, 34, 35, 36, 37, 38, 39, 40, 41, 42, 43, 44, 45])GAZİOSMANPAŞA İTFAİYE MAĞAZASI             =koordinat:41.079151,28.89301
GAZİOSMANPAŞA->dict_values([1, 2, 3, 4, 5, 6, 7, 8, 9, 10, 11, 12, 13, 14, 15, 16, 17, 18, 19, 20, 21, 22, 23, 24, 25, 26, 27, 28, 29, 30, 31, 32, 33, 34, 35, 36, 37, 38, 39, 40, 41, 42, 43, 44, 45])ŞOK MİNİ-FEVZİÇAKMAK MAĞAZASI              =koordinat:41,29
GAZİOSMANPAŞA->dict_values([1, 2, 3, 4, 5, 6, 7, 8, 9, 10, 11, 12, 13, 14, 15, 16, 17, 18, 19, 20, 21, 22, 23, 24, 25, 26, 27, 28, 29, 30, 31, 32, 33, 34, 35, 36, 37, 38, 39, 40, 41, 42, 43, 44, 45])GAZİOSMANPAŞA CENGİZTOPEL MAĞAZASI         =koordinat:41.066072,28.904874
GAZİOSMANPAŞA->dict_values([1, 2, 3, 4, 5, 6, 7, 8, 9, 10, 11, 12, 13, 14, 15, 16, 17, 18, 19, 20, 21, 22, 23, 24, 25, 26, 27, 28, 29, 30, 31, 32, 33, 34, 35, 36, 37, 38, 39, 40, 41, 42, 43, 44, 45])GAZİOSMANPAŞA KARLITEPE MAĞAZASI           =koordinat:41.05988695,28.92869443
GAZİOSMANPAŞA->dict_values([1, 2, 3, 4, 5, 6, 7, 8, 9, 10, 11, 12, 13, 14, 15, 16, 17, 18, 19, 20, 21, 22, 23, 24, 25, 26, 27, 28, 29, 30, 31, 32, 33, 34, 35, 36, 37, 38, 39, 40, 41, 42, 43, 44, 45])GAZİOSMANPAŞA BAĞLARBAŞI MAĞAZASI          =koordinat:41.06184,28.910957
GÜNGÖREN->dict_values([1, 2, 3, 4, 5, 6, 7, 8, 9, 10, 11, 12, 13, 14, 15, 16, 17, 18, 19, 20, 21, 22, 23, 24, 25, 26, 27, 28, 29, 30, 31, 32, 33, 34, 35, 36, 37, 38, 39, 40, 41, 42, 43, 44, 45])İSTANBUL GÜVEN MH.GÜNGÖREN MAĞAZASI        =koordinat:41.011122,28.873043
GÜNGÖREN->dict_values([1, 2, 3, 4, 5, 6, 7, 8, 9, 10, 11, 12, 13, 14, 15, 16, 17, 18, 19, 20, 21, 22, 23, 24, 25, 26, 27, 28, 29, 30, 31, 32, 33, 34, 35, 36, 37, 38, 39, 40, 41, 42, 43, 44, 45])İSTANBUL GÜNEŞTEPE MAĞAZASI                =koordinat:41.023817,28.866633
GÜNGÖREN->dict_values([1, 2, 3, 4, 5, 6, 7, 8, 9, 10, 11, 12, 13, 14, 15, 16, 17, 18, 19, 20, 21, 22, 23, 24, 25, 26, 27, 28, 29, 30, 31, 32, 33, 34, 35, 36, 37, 38, 39, 40, 41, 42, 43, 44, 45])İSTANBUL GÜNGÖREN POSTA CAD. MAĞAZASI      =koordinat:41.014209,28.86508
GÜNGÖREN->dict_values([1, 2, 3, 4, 5, 6, 7, 8, 9, 10, 11, 12, 13, 14, 15, 16, 17, 18, 19, 20, 21, 22, 23, 24, 25, 26, 27, 28, 29, 30, 31, 32, 33, 34, 35, 36, 37, 38, 39, 40, 41, 42, 43, 44, 45])İSTANBUL TEVFİK FİKRET SOKAK MAĞAZASI      =koordinat:41.009706,28.87259
GÜNGÖREN->dict_values([1, 2, 3, 4, 5, 6, 7, 8, 9, 10, 11, 12, 13, 14, 15, 16, 17, 18, 19, 20, 21, 22, 23, 24, 25, 26, 27, 28, 29, 30, 31, 32, 33, 34, 35, 36, 37, 38, 39, 40, 41, 42, 43, 44, 45])İSTANBUL GÜNGÖREN DOĞANBEY CADDESİ MAĞAZASI=koordinat:41.037461,28.871453
GÜNGÖREN->dict_values([1, 2, 3, 4, 5, 6, 7, 8, 9, 10, 11, 12, 13, 14, 15, 16, 17, 18, 19, 20, 21, 22, 23, 24, 25, 26, 27, 28, 29, 30, 31, 32, 33, 34, 35, 36, 37, 38, 39, 40, 41, 42, 43, 44, 45])İSTANBUL SOSYAL MESKENLER TOZKOPAR MAĞAZASI=koordinat:41.015836,28.896234
GÜNGÖREN->dict_values([1, 2, 3, 4, 5, 6, 7, 8, 9, 10, 11, 12, 13, 14, 15, 16, 17, 18, 19, 20, 21, 22, 23, 24, 25, 26, 27, 28, 29, 30, 31, 32, 33, 34, 35, 36, 37, 38, 39, 40, 41, 42, 43, 44, 45])ŞOK MİNİ-ÜVEYİS MAĞAZASI                   =koordinat:41.022994,28.861041
GÜNGÖREN->dict_values([1, 2, 3, 4, 5, 6, 7, 8, 9, 10, 11, 12, 13, 14, 15, 16, 17, 18, 19, 20, 21, 22, 23, 24, 25, 26, 27, 28, 29, 30, 31, 32, 33, 34, 35, 36, 37, 38, 39, 40, 41, 42, 43, 44, 45])ŞOK MİNİ-MELTEM MAĞAZASI                   =koordinat:41.011321,28.867639
GÜNGÖREN->dict_values([1, 2, 3, 4, 5, 6, 7, 8, 9, 10, 11, 12, 13, 14, 15, 16, 17, 18, 19, 20, 21, 22, 23, 24, 25, 26, 27, 28, 29, 30, 31, 32, 33, 34, 35, 36, 37, 38, 39, 40, 41, 42, 43, 44, 45])ŞOK MİNİ-KÖYİÇİ MAĞAZASI                   =koordinat:41.023674,28.869318
GÜNGÖREN->dict_values([1, 2, 3, 4, 5, 6, 7, 8, 9, 10, 11, 12, 13, 14, 15, 16, 17, 18, 19, 20, 21, 22, 23, 24, 25, 26, 27, 28, 29, 30, 31, 32, 33, 34, 35, 36, 37, 38, 39, 40, 41, 42, 43, 44, 45])İSTANBUL ÖZMEN TOZKOPARAN MAĞAZASI         =koordinat:41.014717,28.889749
GÜNGÖREN->dict_values([1, 2, 3, 4, 5, 6, 7, 8, 9, 10, 11, 12, 13, 14, 15, 16, 17, 18, 19, 20, 21, 22, 23, 24, 25, 26, 27, 28, 29, 30, 31, 32, 33, 34, 35, 36, 37, 38, 39, 40, 41, 42, 43, 44, 45])İSTANBUL GÜNGÖREN DUMLUPINAR MAĞAZASI      =koordinat:41.02744,28.875793
GÜNGÖREN->dict_values([1, 2, 3, 4, 5, 6, 7, 8, 9, 10, 11, 12, 13, 14, 15, 16, 17, 18, 19, 20, 21, 22, 23, 24, 25, 26, 27, 28, 29, 30, 31, 32, 33, 34, 35, 36, 37, 38, 39, 40, 41, 42, 43, 44, 45])İSTANBUL GÜNGÖREN İNCE MAĞAZASI            =koordinat:41.028988,28.882654
GÜNGÖREN->dict_values([1, 2, 3, 4, 5, 6, 7, 8, 9, 10, 11, 12, 13, 14, 15, 16, 17, 18, 19, 20, 21, 22, 23, 24, 25, 26, 27, 28, 29, 30, 31, 32, 33, 34, 35, 36, 37, 38, 39, 40, 41, 42, 43, 44, 45])İSTANBUL GÜNGÖREN ÖZYÜKSEL MAĞAZASI        =koordinat:41.021855,28.869479
GÜNGÖREN->dict_values([1, 2, 3, 4, 5, 6, 7, 8, 9, 10, 11, 12, 13, 14, 15, 16, 17, 18, 19, 20, 21, 22, 23, 24, 25, 26, 27, 28, 29, 30, 31, 32, 33, 34, 35, 36, 37, 38, 39, 40, 41, 42, 43, 44, 45])İSTANBUL GÜNGÖREN HALİLOĞLU MAĞAZASI       =koordinat:41.01732,28.86736
GÜNGÖREN->dict_values([1, 2, 3, 4, 5, 6, 7, 8, 9, 10, 11, 12, 13, 14, 15, 16, 17, 18, 19, 20, 21, 22, 23, 24, 25, 26, 27, 28, 29, 30, 31, 32, 33, 34, 35, 36, 37, 38, 39, 40, 41, 42, 43, 44, 45])İSTANBUL KERESTECILER MERTER MAĞAZASI      =koordinat:41.0148,28.8821
GÜNGÖREN->dict_values([1, 2, 3, 4, 5, 6, 7, 8, 9, 10, 11, 12, 13, 14, 15, 16, 17, 18, 19, 20, 21, 22, 23, 24, 25, 26, 27, 28, 29, 30, 31, 32, 33, 34, 35, 36, 37, 38, 39, 40, 41, 42, 43, 44, 45])İSTANBUL GÜNGÖREN BİNGÖL SOKAK MAĞAZASI    =koordinat:41.020817,28.863412
GÜNGÖREN->dict_values([1, 2, 3, 4, 5, 6, 7, 8, 9, 10, 11, 12, 13, 14, 15, 16, 17, 18, 19, 20, 21, 22, 23, 24, 25, 26, 27, 28, 29, 30, 31, 32, 33, 34, 35, 36, 37, 38, 39, 40, 41, 42, 43, 44, 45])GÜNGÖREN GENÇ OSMAN MAĞAZASI               =koordinat:41.02934315,28.87280789
GÜNGÖREN->dict_values([1, 2, 3, 4, 5, 6, 7, 8, 9, 10, 11, 12, 13, 14, 15, 16, 17, 18, 19, 20, 21, 22, 23, 24, 25, 26, 27, 28, 29, 30, 31, 32, 33, 34, 35, 36, 37, 38, 39, 40, 41, 42, 43, 44, 45])ŞOK MİNİ-YASİR MAĞAZASI                    =koordinat:41.025655,28.86773
GÜNGÖREN->dict_values([1, 2, 3, 4, 5, 6, 7, 8, 9, 10, 11, 12, 13, 14, 15, 16, 17, 18, 19, 20, 21, 22, 23, 24, 25, 26, 27, 28, 29, 30, 31, 32, 33, 34, 35, 36, 37, 38, 39, 40, 41, 42, 43, 44, 45])GÜNGÖREN AKDENİZ MAĞAZASI                  =koordinat:41.015446,28.866945
GÜNGÖREN->dict_values([1, 2, 3, 4, 5, 6, 7, 8, 9, 10, 11, 12, 13, 14, 15, 16, 17, 18, 19, 20, 21, 22, 23, 24, 25, 26, 27, 28, 29, 30, 31, 32, 33, 34, 35, 36, 37, 38, 39, 40, 41, 42, 43, 44, 45])İSTANBUL GÜNGÖREN CAMLIKAHVE MAĞAZASI      =koordinat:41.015828,28.863034
GÜNGÖREN->dict_values([1, 2, 3, 4, 5, 6, 7, 8, 9, 10, 11, 12, 13, 14, 15, 16, 17, 18, 19, 20, 21, 22, 23, 24, 25, 26, 27, 28, 29, 30, 31, 32, 33, 34, 35, 36, 37, 38, 39, 40, 41, 42, 43, 44, 45])GÜNGÖREN ÇİNÇİNDERE CAD. MAĞAZASI          =koordinat:41.030091,28.87718
GÜNGÖREN->dict_values([1, 2, 3, 4, 5, 6, 7, 8, 9, 10, 11, 12, 13, 14, 15, 16, 17, 18, 19, 20, 21, 22, 23, 24, 25, 26, 27, 28, 29, 30, 31, 32, 33, 34, 35, 36, 37, 38, 39, 40, 41, 42, 43, 44, 45])GÜNGÖREN ÇUBUKÇU MAĞAZASI                  =koordinat:41.014151,28.873452
GÜNGÖREN->dict_values([1, 2, 3, 4, 5, 6, 7, 8, 9, 10, 11, 12, 13, 14, 15, 16, 17, 18, 19, 20, 21, 22, 23, 24, 25, 26, 27, 28, 29, 30, 31, 32, 33, 34, 35, 36, 37, 38, 39, 40, 41, 42, 43, 44, 45])GÜNGÖREN ÖZGECAN MAĞAZASI                  =koordinat:41.032717,28.874313
GÜNGÖREN->dict_values([1, 2, 3, 4, 5, 6, 7, 8, 9, 10, 11, 12, 13, 14, 15, 16, 17, 18, 19, 20, 21, 22, 23, 24, 25, 26, 27, 28, 29, 30, 31, 32, 33, 34, 35, 36, 37, 38, 39, 40, 41, 42, 43, 44, 45])ŞOK MİNİ-TRAMVAY DURAĞI MAĞAZASI           =koordinat:41.0238125,28.8640041
GÜNGÖREN->dict_values([1, 2, 3, 4, 5, 6, 7, 8, 9, 10, 11, 12, 13, 14, 15, 16, 17, 18, 19, 20, 21, 22, 23, 24, 25, 26, 27, 28, 29, 30, 31, 32, 33, 34, 35, 36, 37, 38, 39, 40, 41, 42, 43, 44, 45])GÜNGÖREN ADAŞ MAĞAZASI                     =koordinat:41.028174,28.862237
GÜNGÖREN->dict_values([1, 2, 3, 4, 5, 6, 7, 8, 9, 10, 11, 12, 13, 14, 15, 16, 17, 18, 19, 20, 21, 22, 23, 24, 25, 26, 27, 28, 29, 30, 31, 32, 33, 34, 35, 36, 37, 38, 39, 40, 41, 42, 43, 44, 45])İSTANBUL GÜNGÖREN KÖYİÇİ MAĞAZASI          =koordinat:41.02484781,28.87438104
KADIKÖY->dict_values([1, 2, 3, 4, 5, 6, 7, 8, 9, 10, 11, 12, 13, 14, 15, 16, 17, 18, 19, 20, 21, 22, 23, 24, 25, 26, 27, 28, 29, 30, 31, 32, 33, 34, 35, 36, 37, 38, 39, 40, 41, 42, 43, 44, 45])İSTANBUL KOZYATAĞI KESERCİ MAĞAZASI        =koordinat:40.97248,29.091926
KADIKÖY->dict_values([1, 2, 3, 4, 5, 6, 7, 8, 9, 10, 11, 12, 13, 14, 15, 16, 17, 18, 19, 20, 21, 22, 23, 24, 25, 26, 27, 28, 29, 30, 31, 32, 33, 34, 35, 36, 37, 38, 39, 40, 41, 42, 43, 44, 45])İSTANBUL TÜCCARBAŞI İSTASYON MAĞAZASI      =koordinat:40.974892,29.079164
KADIKÖY->dict_values([1, 2, 3, 4, 5, 6, 7, 8, 9, 10, 11, 12, 13, 14, 15, 16, 17, 18, 19, 20, 21, 22, 23, 24, 25, 26, 27, 28, 29, 30, 31, 32, 33, 34, 35, 36, 37, 38, 39, 40, 41, 42, 43, 44, 45])İSTANBUL BOSTANCI YENİYOL MAĞAZASI         =koordinat:40.961,29.0997
KADIKÖY->dict_values([1, 2, 3, 4, 5, 6, 7, 8, 9, 10, 11, 12, 13, 14, 15, 16, 17, 18, 19, 20, 21, 22, 23, 24, 25, 26, 27, 28, 29, 30, 31, 32, 33, 34, 35, 36, 37, 38, 39, 40, 41, 42, 43, 44, 45])İSTANBUL FENERBAHÇE MAĞAZASI               =koordinat:40.9748,29.0426
KADIKÖY->dict_values([1, 2, 3, 4, 5, 6, 7, 8, 9, 10, 11, 12, 13, 14, 15, 16, 17, 18, 19, 20, 21, 22, 23, 24, 25, 26, 27, 28, 29, 30, 31, 32, 33, 34, 35, 36, 37, 38, 39, 40, 41, 42, 43, 44, 45])İSTANBUL ÇEMENZAR PARK MAĞAZASI            =koordinat:40.9803,29.0624
KADIKÖY->dict_values([1, 2, 3, 4, 5, 6, 7, 8, 9, 10, 11, 12, 13, 14, 15, 16, 17, 18, 19, 20, 21, 22, 23, 24, 25, 26, 27, 28, 29, 30, 31, 32, 33, 34, 35, 36, 37, 38, 39, 40, 41, 42, 43, 44, 45])İSTANBUL KADIKÖY SERASKER MAĞAZASI         =koordinat:40.989481,29.027952
KADIKÖY->dict_values([1, 2, 3, 4, 5, 6, 7, 8, 9, 10, 11, 12, 13, 14, 15, 16, 17, 18, 19, 20, 21, 22, 23, 24, 25, 26, 27, 28, 29, 30, 31, 32, 33, 34, 35, 36, 37, 38, 39, 40, 41, 42, 43, 44, 45])İSTANBUL AYŞEKADIN MAĞAZASI                =koordinat:40.965042,29.086341
KADIKÖY->dict_values([1, 2, 3, 4, 5, 6, 7, 8, 9, 10, 11, 12, 13, 14, 15, 16, 17, 18, 19, 20, 21, 22, 23, 24, 25, 26, 27, 28, 29, 30, 31, 32, 33, 34, 35, 36, 37, 38, 39, 40, 41, 42, 43, 44, 45])İSTANBUL KOZYATAĞI İNÖNÜ MAĞAZASI          =koordinat:40.979675,29.088125
KADIKÖY->dict_values([1, 2, 3, 4, 5, 6, 7, 8, 9, 10, 11, 12, 13, 14, 15, 16, 17, 18, 19, 20, 21, 22, 23, 24, 25, 26, 27, 28, 29, 30, 31, 32, 33, 34, 35, 36, 37, 38, 39, 40, 41, 42, 43, 44, 45])İSTANBUL KOZYATAĞI HALK MAĞAZASI           =koordinat:40.9846,29.0875
KADIKÖY->dict_values([1, 2, 3, 4, 5, 6, 7, 8, 9, 10, 11, 12, 13, 14, 15, 16, 17, 18, 19, 20, 21, 22, 23, 24, 25, 26, 27, 28, 29, 30, 31, 32, 33, 34, 35, 36, 37, 38, 39, 40, 41, 42, 43, 44, 45])İSTANBUL ZİVERBEY MAĞAZASI                 =koordinat:40.988287,29.043404
KADIKÖY->dict_values([1, 2, 3, 4, 5, 6, 7, 8, 9, 10, 11, 12, 13, 14, 15, 16, 17, 18, 19, 20, 21, 22, 23, 24, 25, 26, 27, 28, 29, 30, 31, 32, 33, 34, 35, 36, 37, 38, 39, 40, 41, 42, 43, 44, 45])İSTANBUL ÜSTBOSTANCI MAĞAZASI              =koordinat:40.966251,29.10233
KADIKÖY->dict_values([1, 2, 3, 4, 5, 6, 7, 8, 9, 10, 11, 12, 13, 14, 15, 16, 17, 18, 19, 20, 21, 22, 23, 24, 25, 26, 27, 28, 29, 30, 31, 32, 33, 34, 35, 36, 37, 38, 39, 40, 41, 42, 43, 44, 45])İSTANBUL KOZYATAĞI SİTELER MAĞAZASI        =koordinat:40.967065,29.098473
KADIKÖY->dict_values([1, 2, 3, 4, 5, 6, 7, 8, 9, 10, 11, 12, 13, 14, 15, 16, 17, 18, 19, 20, 21, 22, 23, 24, 25, 26, 27, 28, 29, 30, 31, 32, 33, 34, 35, 36, 37, 38, 39, 40, 41, 42, 43, 44, 45])İSTANBUL YENİSAHRA MAĞAZASI                =koordinat:40.9874,29.0802
KADIKÖY->dict_values([1, 2, 3, 4, 5, 6, 7, 8, 9, 10, 11, 12, 13, 14, 15, 16, 17, 18, 19, 20, 21, 22, 23, 24, 25, 26, 27, 28, 29, 30, 31, 32, 33, 34, 35, 36, 37, 38, 39, 40, 41, 42, 43, 44, 45])İSTANBUL KOZYATAĞI BAYAR MAĞAZASI          =koordinat:40.9754,29.0859
KADIKÖY->dict_values([1, 2, 3, 4, 5, 6, 7, 8, 9, 10, 11, 12, 13, 14, 15, 16, 17, 18, 19, 20, 21, 22, 23, 24, 25, 26, 27, 28, 29, 30, 31, 32, 33, 34, 35, 36, 37, 38, 39, 40, 41, 42, 43, 44, 45])İSTANBUL KOZYATAĞI ŞAKACI MAĞAZASI         =koordinat:40.971077,29.095018
KADIKÖY->dict_values([1, 2, 3, 4, 5, 6, 7, 8, 9, 10, 11, 12, 13, 14, 15, 16, 17, 18, 19, 20, 21, 22, 23, 24, 25, 26, 27, 28, 29, 30, 31, 32, 33, 34, 35, 36, 37, 38, 39, 40, 41, 42, 43, 44, 45])İSTANBUL YOĞURTÇU PARKI KADIKÖY MAĞAZASI   =koordinat:40.9839,29.033
KADIKÖY->dict_values([1, 2, 3, 4, 5, 6, 7, 8, 9, 10, 11, 12, 13, 14, 15, 16, 17, 18, 19, 20, 21, 22, 23, 24, 25, 26, 27, 28, 29, 30, 31, 32, 33, 34, 35, 36, 37, 38, 39, 40, 41, 42, 43, 44, 45])İSTANBUL ADALET KOZYATAĞI MAĞAZASI         =koordinat:40.9716,29.0977
KADIKÖY->dict_values([1, 2, 3, 4, 5, 6, 7, 8, 9, 10, 11, 12, 13, 14, 15, 16, 17, 18, 19, 20, 21, 22, 23, 24, 25, 26, 27, 28, 29, 30, 31, 32, 33, 34, 35, 36, 37, 38, 39, 40, 41, 42, 43, 44, 45])İSTANBUL KADIKÖY BELEDİYE MAĞAZASI         =koordinat:40.994281,29.037302
KADIKÖY->dict_values([1, 2, 3, 4, 5, 6, 7, 8, 9, 10, 11, 12, 13, 14, 15, 16, 17, 18, 19, 20, 21, 22, 23, 24, 25, 26, 27, 28, 29, 30, 31, 32, 33, 34, 35, 36, 37, 38, 39, 40, 41, 42, 43, 44, 45])İSTANBUL RIHTIM CD.KADIKÖY MAĞAZASI        =koordinat:40.993746,29.025594
KADIKÖY->dict_values([1, 2, 3, 4, 5, 6, 7, 8, 9, 10, 11, 12, 13, 14, 15, 16, 17, 18, 19, 20, 21, 22, 23, 24, 25, 26, 27, 28, 29, 30, 31, 32, 33, 34, 35, 36, 37, 38, 39, 40, 41, 42, 43, 44, 45])İSTANBUL ÇELİK SK.SAHRAYICEDİD MAĞAZASI    =koordinat:40.9832,29.0854
KADIKÖY->dict_values([1, 2, 3, 4, 5, 6, 7, 8, 9, 10, 11, 12, 13, 14, 15, 16, 17, 18, 19, 20, 21, 22, 23, 24, 25, 26, 27, 28, 29, 30, 31, 32, 33, 34, 35, 36, 37, 38, 39, 40, 41, 42, 43, 44, 45])İSTANBUL HIZIRBEY CD.GÖZTEPE MAĞAZASI      =koordinat:40.983124,29.065187
KADIKÖY->dict_values([1, 2, 3, 4, 5, 6, 7, 8, 9, 10, 11, 12, 13, 14, 15, 16, 17, 18, 19, 20, 21, 22, 23, 24, 25, 26, 27, 28, 29, 30, 31, 32, 33, 34, 35, 36, 37, 38, 39, 40, 41, 42, 43, 44, 45])İSTANBUL BUKET SK.KOZYATAĞI MAĞAZASI       =koordinat:40.970342,29.090209
KADIKÖY->dict_values([1, 2, 3, 4, 5, 6, 7, 8, 9, 10, 11, 12, 13, 14, 15, 16, 17, 18, 19, 20, 21, 22, 23, 24, 25, 26, 27, 28, 29, 30, 31, 32, 33, 34, 35, 36, 37, 38, 39, 40, 41, 42, 43, 44, 45])İSTANBUL OSMANAĞA MAĞAZASI                 =koordinat:40.991907,29.026989
KADIKÖY->dict_values([1, 2, 3, 4, 5, 6, 7, 8, 9, 10, 11, 12, 13, 14, 15, 16, 17, 18, 19, 20, 21, 22, 23, 24, 25, 26, 27, 28, 29, 30, 31, 32, 33, 34, 35, 36, 37, 38, 39, 40, 41, 42, 43, 44, 45])İSTANBUL ÜÇYOL KOZYATAĞI MAĞAZASI          =koordinat:40.963,29.0961
KADIKÖY->dict_values([1, 2, 3, 4, 5, 6, 7, 8, 9, 10, 11, 12, 13, 14, 15, 16, 17, 18, 19, 20, 21, 22, 23, 24, 25, 26, 27, 28, 29, 30, 31, 32, 33, 34, 35, 36, 37, 38, 39, 40, 41, 42, 43, 44, 45])İSTANBUL YELDEĞİRMENİ MAĞAZASI             =koordinat:40.9937,29.0303
KADIKÖY->dict_values([1, 2, 3, 4, 5, 6, 7, 8, 9, 10, 11, 12, 13, 14, 15, 16, 17, 18, 19, 20, 21, 22, 23, 24, 25, 26, 27, 28, 29, 30, 31, 32, 33, 34, 35, 36, 37, 38, 39, 40, 41, 42, 43, 44, 45])İSTANBUL ESAT IŞIK MODA MAĞAZASI           =koordinat:40.984036,29.027592
KADIKÖY->dict_values([1, 2, 3, 4, 5, 6, 7, 8, 9, 10, 11, 12, 13, 14, 15, 16, 17, 18, 19, 20, 21, 22, 23, 24, 25, 26, 27, 28, 29, 30, 31, 32, 33, 34, 35, 36, 37, 38, 39, 40, 41, 42, 43, 44, 45])İSTANBUL MAZHARBEY 2 MAĞAZASI              =koordinat:40.9824,29.0579
KADIKÖY->dict_values([1, 2, 3, 4, 5, 6, 7, 8, 9, 10, 11, 12, 13, 14, 15, 16, 17, 18, 19, 20, 21, 22, 23, 24, 25, 26, 27, 28, 29, 30, 31, 32, 33, 34, 35, 36, 37, 38, 39, 40, 41, 42, 43, 44, 45])İSTANBUL SAKIZ SK.CAFERAĞA MAĞAZASI        =koordinat:40.989135,29.026802
KADIKÖY->dict_values([1, 2, 3, 4, 5, 6, 7, 8, 9, 10, 11, 12, 13, 14, 15, 16, 17, 18, 19, 20, 21, 22, 23, 24, 25, 26, 27, 28, 29, 30, 31, 32, 33, 34, 35, 36, 37, 38, 39, 40, 41, 42, 43, 44, 45])İSTANBUL ÇİFTEHAVUZLAR MAĞAZASI            =koordinat:40.974965,29.057052
KADIKÖY->dict_values([1, 2, 3, 4, 5, 6, 7, 8, 9, 10, 11, 12, 13, 14, 15, 16, 17, 18, 19, 20, 21, 22, 23, 24, 25, 26, 27, 28, 29, 30, 31, 32, 33, 34, 35, 36, 37, 38, 39, 40, 41, 42, 43, 44, 45])İSTANBUL CAMİ SK.SUADİYE MAĞAZASI          =koordinat:40.9626,29.0806
KADIKÖY->dict_values([1, 2, 3, 4, 5, 6, 7, 8, 9, 10, 11, 12, 13, 14, 15, 16, 17, 18, 19, 20, 21, 22, 23, 24, 25, 26, 27, 28, 29, 30, 31, 32, 33, 34, 35, 36, 37, 38, 39, 40, 41, 42, 43, 44, 45])İSTANBUL YÜKSEKTEPE GÖZTEPE MAĞAZASI       =koordinat:40.979845,29.06715
KADIKÖY->dict_values([1, 2, 3, 4, 5, 6, 7, 8, 9, 10, 11, 12, 13, 14, 15, 16, 17, 18, 19, 20, 21, 22, 23, 24, 25, 26, 27, 28, 29, 30, 31, 32, 33, 34, 35, 36, 37, 38, 39, 40, 41, 42, 43, 44, 45])İSTANBUL SALİH ERİMEZ MERDİVENKÖY MAĞAZASI =koordinat:40.9856,29.068269
KADIKÖY->dict_values([1, 2, 3, 4, 5, 6, 7, 8, 9, 10, 11, 12, 13, 14, 15, 16, 17, 18, 19, 20, 21, 22, 23, 24, 25, 26, 27, 28, 29, 30, 31, 32, 33, 34, 35, 36, 37, 38, 39, 40, 41, 42, 43, 44, 45])İSTANBUL TUĞLACIBAŞI FENERYOLU MAĞAZASI    =koordinat:40.9853,29.0479
KADIKÖY->dict_values([1, 2, 3, 4, 5, 6, 7, 8, 9, 10, 11, 12, 13, 14, 15, 16, 17, 18, 19, 20, 21, 22, 23, 24, 25, 26, 27, 28, 29, 30, 31, 32, 33, 34, 35, 36, 37, 38, 39, 40, 41, 42, 43, 44, 45])İSTANBUL SÜLEYMANPAŞA BAHARİYE MAĞAZASI    =koordinat:40.988909,29.028555
KADIKÖY->dict_values([1, 2, 3, 4, 5, 6, 7, 8, 9, 10, 11, 12, 13, 14, 15, 16, 17, 18, 19, 20, 21, 22, 23, 24, 25, 26, 27, 28, 29, 30, 31, 32, 33, 34, 35, 36, 37, 38, 39, 40, 41, 42, 43, 44, 45])İSTANBUL ÇELİK SK.KOZYATAĞI MAĞAZASI       =koordinat:40.980252,29.089855
KADIKÖY->dict_values([1, 2, 3, 4, 5, 6, 7, 8, 9, 10, 11, 12, 13, 14, 15, 16, 17, 18, 19, 20, 21, 22, 23, 24, 25, 26, 27, 28, 29, 30, 31, 32, 33, 34, 35, 36, 37, 38, 39, 40, 41, 42, 43, 44, 45])İSTANBUL ŞAİRARŞİ MAĞAZASI                 =koordinat:40.982557,29.071053
KADIKÖY->dict_values([1, 2, 3, 4, 5, 6, 7, 8, 9, 10, 11, 12, 13, 14, 15, 16, 17, 18, 19, 20, 21, 22, 23, 24, 25, 26, 27, 28, 29, 30, 31, 32, 33, 34, 35, 36, 37, 38, 39, 40, 41, 42, 43, 44, 45])İSTANBUL SAHRAYICEDİD MERKEZ MAĞAZASI      =koordinat:40.986752,29.07374
KADIKÖY->dict_values([1, 2, 3, 4, 5, 6, 7, 8, 9, 10, 11, 12, 13, 14, 15, 16, 17, 18, 19, 20, 21, 22, 23, 24, 25, 26, 27, 28, 29, 30, 31, 32, 33, 34, 35, 36, 37, 38, 39, 40, 41, 42, 43, 44, 45])İSTANBUL KADIKÖY HASANPAŞA MAĞAZASI        =koordinat:40.994607,29.03892
KADIKÖY->dict_values([1, 2, 3, 4, 5, 6, 7, 8, 9, 10, 11, 12, 13, 14, 15, 16, 17, 18, 19, 20, 21, 22, 23, 24, 25, 26, 27, 28, 29, 30, 31, 32, 33, 34, 35, 36, 37, 38, 39, 40, 41, 42, 43, 44, 45])İSTANBUL KADIKÖY KUYUBAŞI MAĞAZASI         =koordinat:40.98387,29.050128
KADIKÖY->dict_values([1, 2, 3, 4, 5, 6, 7, 8, 9, 10, 11, 12, 13, 14, 15, 16, 17, 18, 19, 20, 21, 22, 23, 24, 25, 26, 27, 28, 29, 30, 31, 32, 33, 34, 35, 36, 37, 38, 39, 40, 41, 42, 43, 44, 45])VOLKAN SOKAK MERDİVENKÖY MAĞAZASI          =koordinat:40.990321,29.056349
KADIKÖY->dict_values([1, 2, 3, 4, 5, 6, 7, 8, 9, 10, 11, 12, 13, 14, 15, 16, 17, 18, 19, 20, 21, 22, 23, 24, 25, 26, 27, 28, 29, 30, 31, 32, 33, 34, 35, 36, 37, 38, 39, 40, 41, 42, 43, 44, 45])İSTANBUL SAHRAYICEDİD MÜMİNDERE CADDE MAĞAZASI=koordinat:40.986159,29.086073
KADIKÖY->dict_values([1, 2, 3, 4, 5, 6, 7, 8, 9, 10, 11, 12, 13, 14, 15, 16, 17, 18, 19, 20, 21, 22, 23, 24, 25, 26, 27, 28, 29, 30, 31, 32, 33, 34, 35, 36, 37, 38, 39, 40, 41, 42, 43, 44, 45])İSTANBUL TÜCCARBAŞI CADDE MAĞAZASI         =koordinat:40.977063,29.078472
KADIKÖY->dict_values([1, 2, 3, 4, 5, 6, 7, 8, 9, 10, 11, 12, 13, 14, 15, 16, 17, 18, 19, 20, 21, 22, 23, 24, 25, 26, 27, 28, 29, 30, 31, 32, 33, 34, 35, 36, 37, 38, 39, 40, 41, 42, 43, 44, 45])İSTANBUL KADIKÖY GÜNEŞLİ SOKAK MAĞAZASI    =koordinat:40.968894,29.088618
KADIKÖY->dict_values([1, 2, 3, 4, 5, 6, 7, 8, 9, 10, 11, 12, 13, 14, 15, 16, 17, 18, 19, 20, 21, 22, 23, 24, 25, 26, 27, 28, 29, 30, 31, 32, 33, 34, 35, 36, 37, 38, 39, 40, 41, 42, 43, 44, 45])ŞOK MİNİ KADIKÖY ELMALI ÇEŞME MAĞAZASI     =koordinat:40.99249,29.032423
KADIKÖY->dict_values([1, 2, 3, 4, 5, 6, 7, 8, 9, 10, 11, 12, 13, 14, 15, 16, 17, 18, 19, 20, 21, 22, 23, 24, 25, 26, 27, 28, 29, 30, 31, 32, 33, 34, 35, 36, 37, 38, 39, 40, 41, 42, 43, 44, 45])KAPTAN ARİF                                =koordinat:40.969151,29.083243
KADIKÖY->dict_values([1, 2, 3, 4, 5, 6, 7, 8, 9, 10, 11, 12, 13, 14, 15, 16, 17, 18, 19, 20, 21, 22, 23, 24, 25, 26, 27, 28, 29, 30, 31, 32, 33, 34, 35, 36, 37, 38, 39, 40, 41, 42, 43, 44, 45])İSTANBUL BOSTANCI BALKAN MAĞAZASI          =koordinat:40.96014,29.10031
KADIKÖY->dict_values([1, 2, 3, 4, 5, 6, 7, 8, 9, 10, 11, 12, 13, 14, 15, 16, 17, 18, 19, 20, 21, 22, 23, 24, 25, 26, 27, 28, 29, 30, 31, 32, 33, 34, 35, 36, 37, 38, 39, 40, 41, 42, 43, 44, 45])KADIKÖY KAYA SULTAN MAĞAZASI               =koordinat:40.964598,29.090322
KADIKÖY->dict_values([1, 2, 3, 4, 5, 6, 7, 8, 9, 10, 11, 12, 13, 14, 15, 16, 17, 18, 19, 20, 21, 22, 23, 24, 25, 26, 27, 28, 29, 30, 31, 32, 33, 34, 35, 36, 37, 38, 39, 40, 41, 42, 43, 44, 45])İSTANBUL BAĞDAT CAD MAĞAZASI               =koordinat:40.966798,29.06814
KADIKÖY->dict_values([1, 2, 3, 4, 5, 6, 7, 8, 9, 10, 11, 12, 13, 14, 15, 16, 17, 18, 19, 20, 21, 22, 23, 24, 25, 26, 27, 28, 29, 30, 31, 32, 33, 34, 35, 36, 37, 38, 39, 40, 41, 42, 43, 44, 45])İSTANBUL ÖMER PAŞA MAĞAZASI                =koordinat:40.971727,29.068228
KADIKÖY->dict_values([1, 2, 3, 4, 5, 6, 7, 8, 9, 10, 11, 12, 13, 14, 15, 16, 17, 18, 19, 20, 21, 22, 23, 24, 25, 26, 27, 28, 29, 30, 31, 32, 33, 34, 35, 36, 37, 38, 39, 40, 41, 42, 43, 44, 45])İSTANBUL KADIKÖY MERDİVENKÖY GÜNAYDIN SOK MAĞAZASI=koordinat:40.983014,29.070001
KADIKÖY->dict_values([1, 2, 3, 4, 5, 6, 7, 8, 9, 10, 11, 12, 13, 14, 15, 16, 17, 18, 19, 20, 21, 22, 23, 24, 25, 26, 27, 28, 29, 30, 31, 32, 33, 34, 35, 36, 37, 38, 39, 40, 41, 42, 43, 44, 45])İSTANBUL KADIKÖY ZİHNİPAŞA MAĞAZASI        =koordinat:40.969254,29.082771
KADIKÖY->dict_values([1, 2, 3, 4, 5, 6, 7, 8, 9, 10, 11, 12, 13, 14, 15, 16, 17, 18, 19, 20, 21, 22, 23, 24, 25, 26, 27, 28, 29, 30, 31, 32, 33, 34, 35, 36, 37, 38, 39, 40, 41, 42, 43, 44, 45])İSTANBUL KADIKÖY MERDİVENKÖY SAYIM SOKAK MAĞAZASI=koordinat:40.987307,29.076457
KADIKÖY->dict_values([1, 2, 3, 4, 5, 6, 7, 8, 9, 10, 11, 12, 13, 14, 15, 16, 17, 18, 19, 20, 21, 22, 23, 24, 25, 26, 27, 28, 29, 30, 31, 32, 33, 34, 35, 36, 37, 38, 39, 40, 41, 42, 43, 44, 45])İSTANBUL KADIKÖY BOĞA MAĞAZASI             =koordinat:40.9856907,29.0274654
KADIKÖY->dict_values([1, 2, 3, 4, 5, 6, 7, 8, 9, 10, 11, 12, 13, 14, 15, 16, 17, 18, 19, 20, 21, 22, 23, 24, 25, 26, 27, 28, 29, 30, 31, 32, 33, 34, 35, 36, 37, 38, 39, 40, 41, 42, 43, 44, 45])ERENKÖY ÇARŞI                              =koordinat:40.972223,29.077127
KADIKÖY->dict_values([1, 2, 3, 4, 5, 6, 7, 8, 9, 10, 11, 12, 13, 14, 15, 16, 17, 18, 19, 20, 21, 22, 23, 24, 25, 26, 27, 28, 29, 30, 31, 32, 33, 34, 35, 36, 37, 38, 39, 40, 41, 42, 43, 44, 45])İSTANBUL KADIKÖY SUDE SOKAK MAĞAZASI       =koordinat:40.9876465,29.0499627
KADIKÖY->dict_values([1, 2, 3, 4, 5, 6, 7, 8, 9, 10, 11, 12, 13, 14, 15, 16, 17, 18, 19, 20, 21, 22, 23, 24, 25, 26, 27, 28, 29, 30, 31, 32, 33, 34, 35, 36, 37, 38, 39, 40, 41, 42, 43, 44, 45])İSTANBUL MODA MAĞAZASI                     =koordinat:40.983672,29.025844
KADIKÖY->dict_values([1, 2, 3, 4, 5, 6, 7, 8, 9, 10, 11, 12, 13, 14, 15, 16, 17, 18, 19, 20, 21, 22, 23, 24, 25, 26, 27, 28, 29, 30, 31, 32, 33, 34, 35, 36, 37, 38, 39, 40, 41, 42, 43, 44, 45])İSTANBUL ŞEHİT EVLİYA ŞENESENEVLER MAĞAZASI=koordinat:40.962866,29.089895
KADIKÖY->dict_values([1, 2, 3, 4, 5, 6, 7, 8, 9, 10, 11, 12, 13, 14, 15, 16, 17, 18, 19, 20, 21, 22, 23, 24, 25, 26, 27, 28, 29, 30, 31, 32, 33, 34, 35, 36, 37, 38, 39, 40, 41, 42, 43, 44, 45])ETHEM EFENDİ                               =koordinat:40.971924,29.073837
KADIKÖY->dict_values([1, 2, 3, 4, 5, 6, 7, 8, 9, 10, 11, 12, 13, 14, 15, 16, 17, 18, 19, 20, 21, 22, 23, 24, 25, 26, 27, 28, 29, 30, 31, 32, 33, 34, 35, 36, 37, 38, 39, 40, 41, 42, 43, 44, 45])GİRİŞKEN HIZIRBEY                          =koordinat:40.986147,29.060222
KADIKÖY->dict_values([1, 2, 3, 4, 5, 6, 7, 8, 9, 10, 11, 12, 13, 14, 15, 16, 17, 18, 19, 20, 21, 22, 23, 24, 25, 26, 27, 28, 29, 30, 31, 32, 33, 34, 35, 36, 37, 38, 39, 40, 41, 42, 43, 44, 45])İSTANBUL MODA CADDE MAĞAZASI               =koordinat:40.982648,29.023502
KADIKÖY->dict_values([1, 2, 3, 4, 5, 6, 7, 8, 9, 10, 11, 12, 13, 14, 15, 16, 17, 18, 19, 20, 21, 22, 23, 24, 25, 26, 27, 28, 29, 30, 31, 32, 33, 34, 35, 36, 37, 38, 39, 40, 41, 42, 43, 44, 45])İSTANBUL KIZILTOPRAK MAĞAZASI              =koordinat:40.983271,29.040776
KADIKÖY->dict_values([1, 2, 3, 4, 5, 6, 7, 8, 9, 10, 11, 12, 13, 14, 15, 16, 17, 18, 19, 20, 21, 22, 23, 24, 25, 26, 27, 28, 29, 30, 31, 32, 33, 34, 35, 36, 37, 38, 39, 40, 41, 42, 43, 44, 45])KADIKÖY HALİL ETHEM SOK MAĞAZASI           =koordinat:40.986262,29.03098
KADIKÖY->dict_values([1, 2, 3, 4, 5, 6, 7, 8, 9, 10, 11, 12, 13, 14, 15, 16, 17, 18, 19, 20, 21, 22, 23, 24, 25, 26, 27, 28, 29, 30, 31, 32, 33, 34, 35, 36, 37, 38, 39, 40, 41, 42, 43, 44, 45])KADIKÖYMEKTEP SOKAK MAĞAZASI               =koordinat:40.99003198,29.05910224
KADIKÖY->dict_values([1, 2, 3, 4, 5, 6, 7, 8, 9, 10, 11, 12, 13, 14, 15, 16, 17, 18, 19, 20, 21, 22, 23, 24, 25, 26, 27, 28, 29, 30, 31, 32, 33, 34, 35, 36, 37, 38, 39, 40, 41, 42, 43, 44, 45])KADIKÖY ÇİLEK SOK                          =koordinat:40.990457,29.031871
KADIKÖY->dict_values([1, 2, 3, 4, 5, 6, 7, 8, 9, 10, 11, 12, 13, 14, 15, 16, 17, 18, 19, 20, 21, 22, 23, 24, 25, 26, 27, 28, 29, 30, 31, 32, 33, 34, 35, 36, 37, 38, 39, 40, 41, 42, 43, 44, 45])KADIKÖY FİKİRTEPE MAĞAZASI                 =koordinat:40.991,29.0589
KADIKÖY->dict_values([1, 2, 3, 4, 5, 6, 7, 8, 9, 10, 11, 12, 13, 14, 15, 16, 17, 18, 19, 20, 21, 22, 23, 24, 25, 26, 27, 28, 29, 30, 31, 32, 33, 34, 35, 36, 37, 38, 39, 40, 41, 42, 43, 44, 45])KADIKÖY HALDUN TANER MAĞAZASI              =koordinat:40.96646651,29.06294972
KADIKÖY->dict_values([1, 2, 3, 4, 5, 6, 7, 8, 9, 10, 11, 12, 13, 14, 15, 16, 17, 18, 19, 20, 21, 22, 23, 24, 25, 26, 27, 28, 29, 30, 31, 32, 33, 34, 35, 36, 37, 38, 39, 40, 41, 42, 43, 44, 45])İSTANBUL KADIKÖY KAŞANELER SK MAĞAZASI     =koordinat:40.966781,29.07768
KADIKÖY->dict_values([1, 2, 3, 4, 5, 6, 7, 8, 9, 10, 11, 12, 13, 14, 15, 16, 17, 18, 19, 20, 21, 22, 23, 24, 25, 26, 27, 28, 29, 30, 31, 32, 33, 34, 35, 36, 37, 38, 39, 40, 41, 42, 43, 44, 45])KADIKÖY CADDEBOSTAN SAHİL MAĞAZASI         =koordinat:40.966437,29.05832
KADIKÖY->dict_values([1, 2, 3, 4, 5, 6, 7, 8, 9, 10, 11, 12, 13, 14, 15, 16, 17, 18, 19, 20, 21, 22, 23, 24, 25, 26, 27, 28, 29, 30, 31, 32, 33, 34, 35, 36, 37, 38, 39, 40, 41, 42, 43, 44, 45])KADIKÖY GÖZTEPE MAĞAZASI                   =koordinat:40.983943,29.061407
KADIKÖY->dict_values([1, 2, 3, 4, 5, 6, 7, 8, 9, 10, 11, 12, 13, 14, 15, 16, 17, 18, 19, 20, 21, 22, 23, 24, 25, 26, 27, 28, 29, 30, 31, 32, 33, 34, 35, 36, 37, 38, 39, 40, 41, 42, 43, 44, 45])KADIKÖY HACI MEHMET EFENDİ MAĞAZASI        =koordinat:40.975056,29.050359
KADIKÖY->dict_values([1, 2, 3, 4, 5, 6, 7, 8, 9, 10, 11, 12, 13, 14, 15, 16, 17, 18, 19, 20, 21, 22, 23, 24, 25, 26, 27, 28, 29, 30, 31, 32, 33, 34, 35, 36, 37, 38, 39, 40, 41, 42, 43, 44, 45])KADIKÖY İMAM HAFIZ MAĞAZASI                =koordinat:40.981439,29.077997
KADIKÖY->dict_values([1, 2, 3, 4, 5, 6, 7, 8, 9, 10, 11, 12, 13, 14, 15, 16, 17, 18, 19, 20, 21, 22, 23, 24, 25, 26, 27, 28, 29, 30, 31, 32, 33, 34, 35, 36, 37, 38, 39, 40, 41, 42, 43, 44, 45])KADIKÖY UHUVVET SOKAK MAĞAZASI             =koordinat:40.9985838,29.04369068
KADIKÖY->dict_values([1, 2, 3, 4, 5, 6, 7, 8, 9, 10, 11, 12, 13, 14, 15, 16, 17, 18, 19, 20, 21, 22, 23, 24, 25, 26, 27, 28, 29, 30, 31, 32, 33, 34, 35, 36, 37, 38, 39, 40, 41, 42, 43, 44, 45])KADIKÖY YELKEN SOK. MAĞAZASI               =koordinat:40.980403,29.0748275
KADIKÖY->dict_values([1, 2, 3, 4, 5, 6, 7, 8, 9, 10, 11, 12, 13, 14, 15, 16, 17, 18, 19, 20, 21, 22, 23, 24, 25, 26, 27, 28, 29, 30, 31, 32, 33, 34, 35, 36, 37, 38, 39, 40, 41, 42, 43, 44, 45])İSTANBUL FENERYOLU MAĞAZASI                =koordinat:40.9765,29.0475
KADIKÖY->dict_values([1, 2, 3, 4, 5, 6, 7, 8, 9, 10, 11, 12, 13, 14, 15, 16, 17, 18, 19, 20, 21, 22, 23, 24, 25, 26, 27, 28, 29, 30, 31, 32, 33, 34, 35, 36, 37, 38, 39, 40, 41, 42, 43, 44, 45])KADIKÖY ŞEHİT İLHANLAR MAĞAZASI            =koordinat:40.98226109,29.08342436
KAĞITHANE->dict_values([1, 2, 3, 4, 5, 6, 7, 8, 9, 10, 11, 12, 13, 14, 15, 16, 17, 18, 19, 20, 21, 22, 23, 24, 25, 26, 27, 28, 29, 30, 31, 32, 33, 34, 35, 36, 37, 38, 39, 40, 41, 42, 43, 44, 45])İSTANBUL ÇELİKTEPE MAĞAZASI                =koordinat:41.083405,28.9991
KAĞITHANE->dict_values([1, 2, 3, 4, 5, 6, 7, 8, 9, 10, 11, 12, 13, 14, 15, 16, 17, 18, 19, 20, 21, 22, 23, 24, 25, 26, 27, 28, 29, 30, 31, 32, 33, 34, 35, 36, 37, 38, 39, 40, 41, 42, 43, 44, 45])İSTANBUL KAĞITHANE HAMİDİYE MAĞAZASI       =koordinat:41.092894,28.971132
KAĞITHANE->dict_values([1, 2, 3, 4, 5, 6, 7, 8, 9, 10, 11, 12, 13, 14, 15, 16, 17, 18, 19, 20, 21, 22, 23, 24, 25, 26, 27, 28, 29, 30, 31, 32, 33, 34, 35, 36, 37, 38, 39, 40, 41, 42, 43, 44, 45])İSTANBUL ÖRNEKTEPE MAĞAZASI                =koordinat:41.058403,28.955302
KAĞITHANE->dict_values([1, 2, 3, 4, 5, 6, 7, 8, 9, 10, 11, 12, 13, 14, 15, 16, 17, 18, 19, 20, 21, 22, 23, 24, 25, 26, 27, 28, 29, 30, 31, 32, 33, 34, 35, 36, 37, 38, 39, 40, 41, 42, 43, 44, 45])İSTANBUL KAĞITHANE TOPATAN MAĞAZASI        =koordinat:41.080942,28.972095
KAĞITHANE->dict_values([1, 2, 3, 4, 5, 6, 7, 8, 9, 10, 11, 12, 13, 14, 15, 16, 17, 18, 19, 20, 21, 22, 23, 24, 25, 26, 27, 28, 29, 30, 31, 32, 33, 34, 35, 36, 37, 38, 39, 40, 41, 42, 43, 44, 45])İSTANBUL KAĞITHANE GİRNE MAĞAZASI          =koordinat:41.093129,28.9701
KAĞITHANE->dict_values([1, 2, 3, 4, 5, 6, 7, 8, 9, 10, 11, 12, 13, 14, 15, 16, 17, 18, 19, 20, 21, 22, 23, 24, 25, 26, 27, 28, 29, 30, 31, 32, 33, 34, 35, 36, 37, 38, 39, 40, 41, 42, 43, 44, 45])İSTANBUL KAĞITHANE ŞİRİNTEPE MAĞAZASI      =koordinat:41.087978,28.990364
KAĞITHANE->dict_values([1, 2, 3, 4, 5, 6, 7, 8, 9, 10, 11, 12, 13, 14, 15, 16, 17, 18, 19, 20, 21, 22, 23, 24, 25, 26, 27, 28, 29, 30, 31, 32, 33, 34, 35, 36, 37, 38, 39, 40, 41, 42, 43, 44, 45])İSTANBUL ÖRNEKTEPE MEHMET AKİFMAĞAZASI     =koordinat:41.055301,28.956571
KAĞITHANE->dict_values([1, 2, 3, 4, 5, 6, 7, 8, 9, 10, 11, 12, 13, 14, 15, 16, 17, 18, 19, 20, 21, 22, 23, 24, 25, 26, 27, 28, 29, 30, 31, 32, 33, 34, 35, 36, 37, 38, 39, 40, 41, 42, 43, 44, 45])İSTANBUL KAĞITHANE NURTEPE SOKULLU MAĞAZASI=koordinat:41.078957,28.963032
KAĞITHANE->dict_values([1, 2, 3, 4, 5, 6, 7, 8, 9, 10, 11, 12, 13, 14, 15, 16, 17, 18, 19, 20, 21, 22, 23, 24, 25, 26, 27, 28, 29, 30, 31, 32, 33, 34, 35, 36, 37, 38, 39, 40, 41, 42, 43, 44, 45])İSTANBUL NURTEPE SEDEF MAĞAZASI            =koordinat:41.076183,28.960653
KAĞITHANE->dict_values([1, 2, 3, 4, 5, 6, 7, 8, 9, 10, 11, 12, 13, 14, 15, 16, 17, 18, 19, 20, 21, 22, 23, 24, 25, 26, 27, 28, 29, 30, 31, 32, 33, 34, 35, 36, 37, 38, 39, 40, 41, 42, 43, 44, 45])İSTANBUL KAĞITHANE TALATPAŞA MAĞAZASI      =koordinat:41.063312,28.967565
KAĞITHANE->dict_values([1, 2, 3, 4, 5, 6, 7, 8, 9, 10, 11, 12, 13, 14, 15, 16, 17, 18, 19, 20, 21, 22, 23, 24, 25, 26, 27, 28, 29, 30, 31, 32, 33, 34, 35, 36, 37, 38, 39, 40, 41, 42, 43, 44, 45])İSTANBUL VATAN CD. ÇAĞLAYAN MAĞAZASI       =koordinat:41.072812,28.980625
KAĞITHANE->dict_values([1, 2, 3, 4, 5, 6, 7, 8, 9, 10, 11, 12, 13, 14, 15, 16, 17, 18, 19, 20, 21, 22, 23, 24, 25, 26, 27, 28, 29, 30, 31, 32, 33, 34, 35, 36, 37, 38, 39, 40, 41, 42, 43, 44, 45])İSTANBUL MAYIS SK GULTEPE MAĞAZASI         =koordinat:41.078449,29.003458
KAĞITHANE->dict_values([1, 2, 3, 4, 5, 6, 7, 8, 9, 10, 11, 12, 13, 14, 15, 16, 17, 18, 19, 20, 21, 22, 23, 24, 25, 26, 27, 28, 29, 30, 31, 32, 33, 34, 35, 36, 37, 38, 39, 40, 41, 42, 43, 44, 45])İSTANBUL SANAYI MAHALLESI MAĞAZASI         =koordinat:41.090699,29.003901
KAĞITHANE->dict_values([1, 2, 3, 4, 5, 6, 7, 8, 9, 10, 11, 12, 13, 14, 15, 16, 17, 18, 19, 20, 21, 22, 23, 24, 25, 26, 27, 28, 29, 30, 31, 32, 33, 34, 35, 36, 37, 38, 39, 40, 41, 42, 43, 44, 45])İSTANBUL MEZİYET KAĞITHANE MAĞAZASI        =koordinat:41.081969,28.973501
KAĞITHANE->dict_values([1, 2, 3, 4, 5, 6, 7, 8, 9, 10, 11, 12, 13, 14, 15, 16, 17, 18, 19, 20, 21, 22, 23, 24, 25, 26, 27, 28, 29, 30, 31, 32, 33, 34, 35, 36, 37, 38, 39, 40, 41, 42, 43, 44, 45])İSTANBUL SEYRANTEPE MAĞAZASI               =koordinat:41.098895,28.991737
KAĞITHANE->dict_values([1, 2, 3, 4, 5, 6, 7, 8, 9, 10, 11, 12, 13, 14, 15, 16, 17, 18, 19, 20, 21, 22, 23, 24, 25, 26, 27, 28, 29, 30, 31, 32, 33, 34, 35, 36, 37, 38, 39, 40, 41, 42, 43, 44, 45])İSTANBUL GUMUSHANE CD.KAĞITHANE MAĞAZASI   =koordinat:41.089597,28.994543
KAĞITHANE->dict_values([1, 2, 3, 4, 5, 6, 7, 8, 9, 10, 11, 12, 13, 14, 15, 16, 17, 18, 19, 20, 21, 22, 23, 24, 25, 26, 27, 28, 29, 30, 31, 32, 33, 34, 35, 36, 37, 38, 39, 40, 41, 42, 43, 44, 45])İSTANBUL KAĞITHANE HÜRRİYET MAĞAZASI       =koordinat:41.071864,28.985093
KAĞITHANE->dict_values([1, 2, 3, 4, 5, 6, 7, 8, 9, 10, 11, 12, 13, 14, 15, 16, 17, 18, 19, 20, 21, 22, 23, 24, 25, 26, 27, 28, 29, 30, 31, 32, 33, 34, 35, 36, 37, 38, 39, 40, 41, 42, 43, 44, 45])İSTANBUL GÜRSEL MAH. ŞOK                   =koordinat:41.069196,28.973723
KAĞITHANE->dict_values([1, 2, 3, 4, 5, 6, 7, 8, 9, 10, 11, 12, 13, 14, 15, 16, 17, 18, 19, 20, 21, 22, 23, 24, 25, 26, 27, 28, 29, 30, 31, 32, 33, 34, 35, 36, 37, 38, 39, 40, 41, 42, 43, 44, 45])İSTANBUL KAĞITHANE VATAN CD.               =koordinat:41.07849,28.982355
KAĞITHANE->dict_values([1, 2, 3, 4, 5, 6, 7, 8, 9, 10, 11, 12, 13, 14, 15, 16, 17, 18, 19, 20, 21, 22, 23, 24, 25, 26, 27, 28, 29, 30, 31, 32, 33, 34, 35, 36, 37, 38, 39, 40, 41, 42, 43, 44, 45])İSTANBUL KAĞITHANE TERASEVLER MAĞAZASI     =koordinat:41.065777,28.960267
KAĞITHANE->dict_values([1, 2, 3, 4, 5, 6, 7, 8, 9, 10, 11, 12, 13, 14, 15, 16, 17, 18, 19, 20, 21, 22, 23, 24, 25, 26, 27, 28, 29, 30, 31, 32, 33, 34, 35, 36, 37, 38, 39, 40, 41, 42, 43, 44, 45])İSTANBUL KAĞITHANE DUMLUPINAR MAĞAZASI     =koordinat:41.089698,28.968944
KAĞITHANE->dict_values([1, 2, 3, 4, 5, 6, 7, 8, 9, 10, 11, 12, 13, 14, 15, 16, 17, 18, 19, 20, 21, 22, 23, 24, 25, 26, 27, 28, 29, 30, 31, 32, 33, 34, 35, 36, 37, 38, 39, 40, 41, 42, 43, 44, 45])İSTANBUL KAĞITHANE CENGİZ TOPEL MAĞAZASI   =koordinat:41.062616,28.952588
KAĞITHANE->dict_values([1, 2, 3, 4, 5, 6, 7, 8, 9, 10, 11, 12, 13, 14, 15, 16, 17, 18, 19, 20, 21, 22, 23, 24, 25, 26, 27, 28, 29, 30, 31, 32, 33, 34, 35, 36, 37, 38, 39, 40, 41, 42, 43, 44, 45])İSTANBUL KAĞITHANE GÜRTEKİN MAĞAZASI       =koordinat:41.092751,28.993607
KAĞITHANE->dict_values([1, 2, 3, 4, 5, 6, 7, 8, 9, 10, 11, 12, 13, 14, 15, 16, 17, 18, 19, 20, 21, 22, 23, 24, 25, 26, 27, 28, 29, 30, 31, 32, 33, 34, 35, 36, 37, 38, 39, 40, 41, 42, 43, 44, 45])İSTANBUL KAĞITHANE TAŞ OCAĞI CAD MAĞAZASI  =koordinat:41.077594,28.986585
KAĞITHANE->dict_values([1, 2, 3, 4, 5, 6, 7, 8, 9, 10, 11, 12, 13, 14, 15, 16, 17, 18, 19, 20, 21, 22, 23, 24, 25, 26, 27, 28, 29, 30, 31, 32, 33, 34, 35, 36, 37, 38, 39, 40, 41, 42, 43, 44, 45])İSTANBUL KAĞITHANE AÇELYA MAĞAZASI         =koordinat:41.08893,28.991222
KAĞITHANE->dict_values([1, 2, 3, 4, 5, 6, 7, 8, 9, 10, 11, 12, 13, 14, 15, 16, 17, 18, 19, 20, 21, 22, 23, 24, 25, 26, 27, 28, 29, 30, 31, 32, 33, 34, 35, 36, 37, 38, 39, 40, 41, 42, 43, 44, 45])İSTANBUL KAĞITHANE MEGA EVLER MAĞAZASI     =koordinat:41.088493,28.970467
KAĞITHANE->dict_values([1, 2, 3, 4, 5, 6, 7, 8, 9, 10, 11, 12, 13, 14, 15, 16, 17, 18, 19, 20, 21, 22, 23, 24, 25, 26, 27, 28, 29, 30, 31, 32, 33, 34, 35, 36, 37, 38, 39, 40, 41, 42, 43, 44, 45])İSTANBUL KAĞITHANE ÇİLEKLİ MAĞAZASI        =koordinat:41.080926,28.967117
KAĞITHANE->dict_values([1, 2, 3, 4, 5, 6, 7, 8, 9, 10, 11, 12, 13, 14, 15, 16, 17, 18, 19, 20, 21, 22, 23, 24, 25, 26, 27, 28, 29, 30, 31, 32, 33, 34, 35, 36, 37, 38, 39, 40, 41, 42, 43, 44, 45])İSTANBUL KAĞITHANE ÇELİKTEPE GENÇ OSMAN MAĞAZASI=koordinat:41.081149,28.997751
KAĞITHANE->dict_values([1, 2, 3, 4, 5, 6, 7, 8, 9, 10, 11, 12, 13, 14, 15, 16, 17, 18, 19, 20, 21, 22, 23, 24, 25, 26, 27, 28, 29, 30, 31, 32, 33, 34, 35, 36, 37, 38, 39, 40, 41, 42, 43, 44, 45])İSTANBUL KAĞITHANE İNCE BAYIR MAĞAZASI     =koordinat:41.061763,28.960666
KAĞITHANE->dict_values([1, 2, 3, 4, 5, 6, 7, 8, 9, 10, 11, 12, 13, 14, 15, 16, 17, 18, 19, 20, 21, 22, 23, 24, 25, 26, 27, 28, 29, 30, 31, 32, 33, 34, 35, 36, 37, 38, 39, 40, 41, 42, 43, 44, 45])İSTANBUL KAĞITHANE SULTAN SELİM MAĞAZASI   =koordinat:41.092008,28.998829
KAĞITHANE->dict_values([1, 2, 3, 4, 5, 6, 7, 8, 9, 10, 11, 12, 13, 14, 15, 16, 17, 18, 19, 20, 21, 22, 23, 24, 25, 26, 27, 28, 29, 30, 31, 32, 33, 34, 35, 36, 37, 38, 39, 40, 41, 42, 43, 44, 45])İSTANBUL ÇAĞLAYAN BAĞ MAĞAZASI             =koordinat:41.080291,28.979986
KAĞITHANE->dict_values([1, 2, 3, 4, 5, 6, 7, 8, 9, 10, 11, 12, 13, 14, 15, 16, 17, 18, 19, 20, 21, 22, 23, 24, 25, 26, 27, 28, 29, 30, 31, 32, 33, 34, 35, 36, 37, 38, 39, 40, 41, 42, 43, 44, 45])İSTANBUL KAĞITHANE TATLIPINAR MAĞAZASI     =koordinat:41.085422,28.968096
KAĞITHANE->dict_values([1, 2, 3, 4, 5, 6, 7, 8, 9, 10, 11, 12, 13, 14, 15, 16, 17, 18, 19, 20, 21, 22, 23, 24, 25, 26, 27, 28, 29, 30, 31, 32, 33, 34, 35, 36, 37, 38, 39, 40, 41, 42, 43, 44, 45])İSTANBUL GÜLTEPE TELSİZLER MAĞAZASI        =koordinat:41.079216,28.998486
KAĞITHANE->dict_values([1, 2, 3, 4, 5, 6, 7, 8, 9, 10, 11, 12, 13, 14, 15, 16, 17, 18, 19, 20, 21, 22, 23, 24, 25, 26, 27, 28, 29, 30, 31, 32, 33, 34, 35, 36, 37, 38, 39, 40, 41, 42, 43, 44, 45])İSTANBUL KAĞITHANE ŞEHİTLER MAĞAZASI       =koordinat:41.070891,28.972111
KAĞITHANE->dict_values([1, 2, 3, 4, 5, 6, 7, 8, 9, 10, 11, 12, 13, 14, 15, 16, 17, 18, 19, 20, 21, 22, 23, 24, 25, 26, 27, 28, 29, 30, 31, 32, 33, 34, 35, 36, 37, 38, 39, 40, 41, 42, 43, 44, 45])İSTANBUL KAĞITHANE DUTLUK MAĞAZASI         =koordinat:41.080789,29.003177
KAĞITHANE->dict_values([1, 2, 3, 4, 5, 6, 7, 8, 9, 10, 11, 12, 13, 14, 15, 16, 17, 18, 19, 20, 21, 22, 23, 24, 25, 26, 27, 28, 29, 30, 31, 32, 33, 34, 35, 36, 37, 38, 39, 40, 41, 42, 43, 44, 45])İSTANBUL KAĞITHANE AYAZMA MAĞAZASI         =koordinat:41.081571,28.982465
KAĞITHANE->dict_values([1, 2, 3, 4, 5, 6, 7, 8, 9, 10, 11, 12, 13, 14, 15, 16, 17, 18, 19, 20, 21, 22, 23, 24, 25, 26, 27, 28, 29, 30, 31, 32, 33, 34, 35, 36, 37, 38, 39, 40, 41, 42, 43, 44, 45])ŞOK MİNİ-SEMERKANT MAĞAZASI                =koordinat:41.084347,29.004105
KAĞITHANE->dict_values([1, 2, 3, 4, 5, 6, 7, 8, 9, 10, 11, 12, 13, 14, 15, 16, 17, 18, 19, 20, 21, 22, 23, 24, 25, 26, 27, 28, 29, 30, 31, 32, 33, 34, 35, 36, 37, 38, 39, 40, 41, 42, 43, 44, 45])ŞOK MİNİ-ASLANGAZİ MAĞAZASI                =koordinat:41.064667,28.962421
KAĞITHANE->dict_values([1, 2, 3, 4, 5, 6, 7, 8, 9, 10, 11, 12, 13, 14, 15, 16, 17, 18, 19, 20, 21, 22, 23, 24, 25, 26, 27, 28, 29, 30, 31, 32, 33, 34, 35, 36, 37, 38, 39, 40, 41, 42, 43, 44, 45])İSTANBUL SEYRANTEPE ÇALIŞKAN MAĞAZASI      =koordinat:41.09833,28.994631
KAĞITHANE->dict_values([1, 2, 3, 4, 5, 6, 7, 8, 9, 10, 11, 12, 13, 14, 15, 16, 17, 18, 19, 20, 21, 22, 23, 24, 25, 26, 27, 28, 29, 30, 31, 32, 33, 34, 35, 36, 37, 38, 39, 40, 41, 42, 43, 44, 45])ŞOK MİNİ-TAŞKIRAN MAĞAZASI                 =koordinat:41.085515,28.988529
KAĞITHANE->dict_values([1, 2, 3, 4, 5, 6, 7, 8, 9, 10, 11, 12, 13, 14, 15, 16, 17, 18, 19, 20, 21, 22, 23, 24, 25, 26, 27, 28, 29, 30, 31, 32, 33, 34, 35, 36, 37, 38, 39, 40, 41, 42, 43, 44, 45])ŞOK MİNİ-YASAYANLAR MAĞAZASI               =koordinat:41.061918,28.962434
KAĞITHANE->dict_values([1, 2, 3, 4, 5, 6, 7, 8, 9, 10, 11, 12, 13, 14, 15, 16, 17, 18, 19, 20, 21, 22, 23, 24, 25, 26, 27, 28, 29, 30, 31, 32, 33, 34, 35, 36, 37, 38, 39, 40, 41, 42, 43, 44, 45])ŞOK MİNİ-ÇELİKTEPE MAĞAZASI                =koordinat:41.082293,29.00164
KAĞITHANE->dict_values([1, 2, 3, 4, 5, 6, 7, 8, 9, 10, 11, 12, 13, 14, 15, 16, 17, 18, 19, 20, 21, 22, 23, 24, 25, 26, 27, 28, 29, 30, 31, 32, 33, 34, 35, 36, 37, 38, 39, 40, 41, 42, 43, 44, 45])İSTANBUL KAĞITHANE GÖNÜL MAĞAZASI          =koordinat:41.086955,28.968777
KAĞITHANE->dict_values([1, 2, 3, 4, 5, 6, 7, 8, 9, 10, 11, 12, 13, 14, 15, 16, 17, 18, 19, 20, 21, 22, 23, 24, 25, 26, 27, 28, 29, 30, 31, 32, 33, 34, 35, 36, 37, 38, 39, 40, 41, 42, 43, 44, 45])İSTANBUL KAĞITHANE DR.CEMİL BENGÜ MAĞAZASI =koordinat:41.073186,28.987215
KAĞITHANE->dict_values([1, 2, 3, 4, 5, 6, 7, 8, 9, 10, 11, 12, 13, 14, 15, 16, 17, 18, 19, 20, 21, 22, 23, 24, 25, 26, 27, 28, 29, 30, 31, 32, 33, 34, 35, 36, 37, 38, 39, 40, 41, 42, 43, 44, 45])KAĞITHANE İĞDELİ BAHÇE MAĞAZASI            =koordinat:41.068835,28.974901
KAĞITHANE->dict_values([1, 2, 3, 4, 5, 6, 7, 8, 9, 10, 11, 12, 13, 14, 15, 16, 17, 18, 19, 20, 21, 22, 23, 24, 25, 26, 27, 28, 29, 30, 31, 32, 33, 34, 35, 36, 37, 38, 39, 40, 41, 42, 43, 44, 45])GÜLTEPE HARMANTEPE MAĞAZASI                =koordinat:41.081858,28.991278
KAĞITHANE->dict_values([1, 2, 3, 4, 5, 6, 7, 8, 9, 10, 11, 12, 13, 14, 15, 16, 17, 18, 19, 20, 21, 22, 23, 24, 25, 26, 27, 28, 29, 30, 31, 32, 33, 34, 35, 36, 37, 38, 39, 40, 41, 42, 43, 44, 45])ŞOK MİNİ-ÇAĞLAYAN MAĞAZASI                 =koordinat:41.076365,28.981111
KAĞITHANE->dict_values([1, 2, 3, 4, 5, 6, 7, 8, 9, 10, 11, 12, 13, 14, 15, 16, 17, 18, 19, 20, 21, 22, 23, 24, 25, 26, 27, 28, 29, 30, 31, 32, 33, 34, 35, 36, 37, 38, 39, 40, 41, 42, 43, 44, 45])EMNİYET EVLERİ TAŞKENT MAĞAZASI            =koordinat:41.085093,29.003145
KAĞITHANE->dict_values([1, 2, 3, 4, 5, 6, 7, 8, 9, 10, 11, 12, 13, 14, 15, 16, 17, 18, 19, 20, 21, 22, 23, 24, 25, 26, 27, 28, 29, 30, 31, 32, 33, 34, 35, 36, 37, 38, 39, 40, 41, 42, 43, 44, 45])KAĞITHANE YEŞİLCE MAĞAZASI                 =koordinat:41.096328,28.999856
KAĞITHANE->dict_values([1, 2, 3, 4, 5, 6, 7, 8, 9, 10, 11, 12, 13, 14, 15, 16, 17, 18, 19, 20, 21, 22, 23, 24, 25, 26, 27, 28, 29, 30, 31, 32, 33, 34, 35, 36, 37, 38, 39, 40, 41, 42, 43, 44, 45])KAĞITHANE IŞIKLI SOKAK MAĞAZASI            =koordinat:41.07029102,28.97566742
KAĞITHANE->dict_values([1, 2, 3, 4, 5, 6, 7, 8, 9, 10, 11, 12, 13, 14, 15, 16, 17, 18, 19, 20, 21, 22, 23, 24, 25, 26, 27, 28, 29, 30, 31, 32, 33, 34, 35, 36, 37, 38, 39, 40, 41, 42, 43, 44, 45])KAĞITHANE FERMANLI MAĞAZASI                =koordinat:41.0872,28.9782
KAĞITHANE->dict_values([1, 2, 3, 4, 5, 6, 7, 8, 9, 10, 11, 12, 13, 14, 15, 16, 17, 18, 19, 20, 21, 22, 23, 24, 25, 26, 27, 28, 29, 30, 31, 32, 33, 34, 35, 36, 37, 38, 39, 40, 41, 42, 43, 44, 45])KAĞITHANE ÇELEBİ MAĞAZASI                  =koordinat:41.06275568,28.96294255
KAĞITHANE->dict_values([1, 2, 3, 4, 5, 6, 7, 8, 9, 10, 11, 12, 13, 14, 15, 16, 17, 18, 19, 20, 21, 22, 23, 24, 25, 26, 27, 28, 29, 30, 31, 32, 33, 34, 35, 36, 37, 38, 39, 40, 41, 42, 43, 44, 45])KAĞITHANE BAHÇELER CAD MAĞAZASI            =koordinat:41.069939,28.976834
KAĞITHANE->dict_values([1, 2, 3, 4, 5, 6, 7, 8, 9, 10, 11, 12, 13, 14, 15, 16, 17, 18, 19, 20, 21, 22, 23, 24, 25, 26, 27, 28, 29, 30, 31, 32, 33, 34, 35, 36, 37, 38, 39, 40, 41, 42, 43, 44, 45])GÜLTEPE ERKILIÇ MAĞAZASI                   =koordinat:41.078989,29.002237
KAĞITHANE->dict_values([1, 2, 3, 4, 5, 6, 7, 8, 9, 10, 11, 12, 13, 14, 15, 16, 17, 18, 19, 20, 21, 22, 23, 24, 25, 26, 27, 28, 29, 30, 31, 32, 33, 34, 35, 36, 37, 38, 39, 40, 41, 42, 43, 44, 45])KAĞITHANE ULU MAĞAZASI                     =koordinat:41.09352,28.97256
KAĞITHANE->dict_values([1, 2, 3, 4, 5, 6, 7, 8, 9, 10, 11, 12, 13, 14, 15, 16, 17, 18, 19, 20, 21, 22, 23, 24, 25, 26, 27, 28, 29, 30, 31, 32, 33, 34, 35, 36, 37, 38, 39, 40, 41, 42, 43, 44, 45])KAĞITHANE IŞIN SOKAK MAĞAZASI              =koordinat:41.092055,29.000924
KAĞITHANE->dict_values([1, 2, 3, 4, 5, 6, 7, 8, 9, 10, 11, 12, 13, 14, 15, 16, 17, 18, 19, 20, 21, 22, 23, 24, 25, 26, 27, 28, 29, 30, 31, 32, 33, 34, 35, 36, 37, 38, 39, 40, 41, 42, 43, 44, 45])ŞOK MİNİ-DİLŞAT MAĞAZASI                   =koordinat:41.021575,29.069224
KAĞITHANE->dict_values([1, 2, 3, 4, 5, 6, 7, 8, 9, 10, 11, 12, 13, 14, 15, 16, 17, 18, 19, 20, 21, 22, 23, 24, 25, 26, 27, 28, 29, 30, 31, 32, 33, 34, 35, 36, 37, 38, 39, 40, 41, 42, 43, 44, 45])KAĞITHANE ANKA SOK MAĞAZASI                =koordinat:41.064009,28.965322
KAĞITHANE->dict_values([1, 2, 3, 4, 5, 6, 7, 8, 9, 10, 11, 12, 13, 14, 15, 16, 17, 18, 19, 20, 21, 22, 23, 24, 25, 26, 27, 28, 29, 30, 31, 32, 33, 34, 35, 36, 37, 38, 39, 40, 41, 42, 43, 44, 45])İSTANBUL KAĞITHANE BAŞARAN SOKAK MAĞAZASI  =koordinat:41.073085,28.980104
KAĞITHANE->dict_values([1, 2, 3, 4, 5, 6, 7, 8, 9, 10, 11, 12, 13, 14, 15, 16, 17, 18, 19, 20, 21, 22, 23, 24, 25, 26, 27, 28, 29, 30, 31, 32, 33, 34, 35, 36, 37, 38, 39, 40, 41, 42, 43, 44, 45])KAĞITHANE KOÇ MAĞAZASI                     =koordinat:41.08957687,29.00060445
KAĞITHANE->dict_values([1, 2, 3, 4, 5, 6, 7, 8, 9, 10, 11, 12, 13, 14, 15, 16, 17, 18, 19, 20, 21, 22, 23, 24, 25, 26, 27, 28, 29, 30, 31, 32, 33, 34, 35, 36, 37, 38, 39, 40, 41, 42, 43, 44, 45])KAĞITHANE TARIM SOK. MAĞAZASI              =koordinat:41.0818,28.9937
KAĞITHANE->dict_values([1, 2, 3, 4, 5, 6, 7, 8, 9, 10, 11, 12, 13, 14, 15, 16, 17, 18, 19, 20, 21, 22, 23, 24, 25, 26, 27, 28, 29, 30, 31, 32, 33, 34, 35, 36, 37, 38, 39, 40, 41, 42, 43, 44, 45])YAHYA KEMAL MAĞAZASI                       =koordinat:41.085117,28.98752
KAĞITHANE->dict_values([1, 2, 3, 4, 5, 6, 7, 8, 9, 10, 11, 12, 13, 14, 15, 16, 17, 18, 19, 20, 21, 22, 23, 24, 25, 26, 27, 28, 29, 30, 31, 32, 33, 34, 35, 36, 37, 38, 39, 40, 41, 42, 43, 44, 45])KAĞITHANE AKIN MAĞAZASI                    =koordinat:41.05875842,28.9578715
KAĞITHANE->dict_values([1, 2, 3, 4, 5, 6, 7, 8, 9, 10, 11, 12, 13, 14, 15, 16, 17, 18, 19, 20, 21, 22, 23, 24, 25, 26, 27, 28, 29, 30, 31, 32, 33, 34, 35, 36, 37, 38, 39, 40, 41, 42, 43, 44, 45])KAĞITHANE GÜNEBAKAN SOKAK MAĞAZASI         =koordinat:41.083993,28.964564
KAĞITHANE->dict_values([1, 2, 3, 4, 5, 6, 7, 8, 9, 10, 11, 12, 13, 14, 15, 16, 17, 18, 19, 20, 21, 22, 23, 24, 25, 26, 27, 28, 29, 30, 31, 32, 33, 34, 35, 36, 37, 38, 39, 40, 41, 42, 43, 44, 45])KAĞITHANE KARTALER MAĞAZASI                =koordinat:41.076541,28.984439
KAĞITHANE->dict_values([1, 2, 3, 4, 5, 6, 7, 8, 9, 10, 11, 12, 13, 14, 15, 16, 17, 18, 19, 20, 21, 22, 23, 24, 25, 26, 27, 28, 29, 30, 31, 32, 33, 34, 35, 36, 37, 38, 39, 40, 41, 42, 43, 44, 45])SEYRANTEPE NARİN SOKAK MAĞAZASI            =koordinat:41.09945451,28.98388884
KAPAKLI->dict_values([1, 2, 3, 4, 5, 6, 7, 8, 9, 10, 11, 12, 13, 14, 15, 16, 17, 18, 19, 20, 21, 22, 23, 24, 25, 26, 27, 28, 29, 30, 31, 32, 33, 34, 35, 36, 37, 38, 39, 40, 41, 42, 43, 44, 45])ŞOK MİNİ-KAPAKLI KURTULUŞ MAĞAZASI         =koordinat:41.3327,27.974
KAPAKLI->dict_values([1, 2, 3, 4, 5, 6, 7, 8, 9, 10, 11, 12, 13, 14, 15, 16, 17, 18, 19, 20, 21, 22, 23, 24, 25, 26, 27, 28, 29, 30, 31, 32, 33, 34, 35, 36, 37, 38, 39, 40, 41, 42, 43, 44, 45])ŞOK-MİNİ ATATÜRK MAH MAĞAZASI              =koordinat:41.3378,27.9763
KARTAL->dict_values([1, 2, 3, 4, 5, 6, 7, 8, 9, 10, 11, 12, 13, 14, 15, 16, 17, 18, 19, 20, 21, 22, 23, 24, 25, 26, 27, 28, 29, 30, 31, 32, 33, 34, 35, 36, 37, 38, 39, 40, 41, 42, 43, 44, 45])İSTANBUL KARTAL MAĞAZASI                   =koordinat:40.889286,29.180632
KARTAL->dict_values([1, 2, 3, 4, 5, 6, 7, 8, 9, 10, 11, 12, 13, 14, 15, 16, 17, 18, 19, 20, 21, 22, 23, 24, 25, 26, 27, 28, 29, 30, 31, 32, 33, 34, 35, 36, 37, 38, 39, 40, 41, 42, 43, 44, 45])İSTANBUL RAHMANLAR PETROLİŞ MAĞAZASI       =koordinat:40.8958,29.1738
KARTAL->dict_values([1, 2, 3, 4, 5, 6, 7, 8, 9, 10, 11, 12, 13, 14, 15, 16, 17, 18, 19, 20, 21, 22, 23, 24, 25, 26, 27, 28, 29, 30, 31, 32, 33, 34, 35, 36, 37, 38, 39, 40, 41, 42, 43, 44, 45])İSTANBUL KARTAL KIZILAY MAĞAZASI           =koordinat:40.894708,29.182659
KARTAL->dict_values([1, 2, 3, 4, 5, 6, 7, 8, 9, 10, 11, 12, 13, 14, 15, 16, 17, 18, 19, 20, 21, 22, 23, 24, 25, 26, 27, 28, 29, 30, 31, 32, 33, 34, 35, 36, 37, 38, 39, 40, 41, 42, 43, 44, 45])İSTANBUL RAHMANLAR SAHİL MAĞAZASI          =koordinat:40.904042,29.163012
KARTAL->dict_values([1, 2, 3, 4, 5, 6, 7, 8, 9, 10, 11, 12, 13, 14, 15, 16, 17, 18, 19, 20, 21, 22, 23, 24, 25, 26, 27, 28, 29, 30, 31, 32, 33, 34, 35, 36, 37, 38, 39, 40, 41, 42, 43, 44, 45])İSTANBUL UĞURMUMCU MAĞAZASI                =koordinat:40.930395,29.21918
KARTAL->dict_values([1, 2, 3, 4, 5, 6, 7, 8, 9, 10, 11, 12, 13, 14, 15, 16, 17, 18, 19, 20, 21, 22, 23, 24, 25, 26, 27, 28, 29, 30, 31, 32, 33, 34, 35, 36, 37, 38, 39, 40, 41, 42, 43, 44, 45])İSTANBUL KARTAL CADDE MAĞAZASI             =koordinat:40.888228,29.193504
KARTAL->dict_values([1, 2, 3, 4, 5, 6, 7, 8, 9, 10, 11, 12, 13, 14, 15, 16, 17, 18, 19, 20, 21, 22, 23, 24, 25, 26, 27, 28, 29, 30, 31, 32, 33, 34, 35, 36, 37, 38, 39, 40, 41, 42, 43, 44, 45])İSTANBUL RAHMANLAR PAZARYOLU MAĞAZASI      =koordinat:40.899331,29.176552
KARTAL->dict_values([1, 2, 3, 4, 5, 6, 7, 8, 9, 10, 11, 12, 13, 14, 15, 16, 17, 18, 19, 20, 21, 22, 23, 24, 25, 26, 27, 28, 29, 30, 31, 32, 33, 34, 35, 36, 37, 38, 39, 40, 41, 42, 43, 44, 45])İSTANBUL SARAYLAR CADDE MAĞAZASI           =koordinat:40.911094,29.164436
KARTAL->dict_values([1, 2, 3, 4, 5, 6, 7, 8, 9, 10, 11, 12, 13, 14, 15, 16, 17, 18, 19, 20, 21, 22, 23, 24, 25, 26, 27, 28, 29, 30, 31, 32, 33, 34, 35, 36, 37, 38, 39, 40, 41, 42, 43, 44, 45])İSTANBUL UĞUR MUMCU FSM CADDE MAĞAZASI     =koordinat:40.928066,29.209473
KARTAL->dict_values([1, 2, 3, 4, 5, 6, 7, 8, 9, 10, 11, 12, 13, 14, 15, 16, 17, 18, 19, 20, 21, 22, 23, 24, 25, 26, 27, 28, 29, 30, 31, 32, 33, 34, 35, 36, 37, 38, 39, 40, 41, 42, 43, 44, 45])İSTANBUL SPOR CD.KARTAL MAĞAZASI           =koordinat:40.909043,29.236768
KARTAL->dict_values([1, 2, 3, 4, 5, 6, 7, 8, 9, 10, 11, 12, 13, 14, 15, 16, 17, 18, 19, 20, 21, 22, 23, 24, 25, 26, 27, 28, 29, 30, 31, 32, 33, 34, 35, 36, 37, 38, 39, 40, 41, 42, 43, 44, 45])İSTANBUL LİSE KARTAL MAĞAZASI              =koordinat:40.895551,29.178531
KARTAL->dict_values([1, 2, 3, 4, 5, 6, 7, 8, 9, 10, 11, 12, 13, 14, 15, 16, 17, 18, 19, 20, 21, 22, 23, 24, 25, 26, 27, 28, 29, 30, 31, 32, 33, 34, 35, 36, 37, 38, 39, 40, 41, 42, 43, 44, 45])İSTANBUL YUDANUR SK.UĞUR MUMCU MAĞAZASI    =koordinat:40.931349,29.218837
KARTAL->dict_values([1, 2, 3, 4, 5, 6, 7, 8, 9, 10, 11, 12, 13, 14, 15, 16, 17, 18, 19, 20, 21, 22, 23, 24, 25, 26, 27, 28, 29, 30, 31, 32, 33, 34, 35, 36, 37, 38, 39, 40, 41, 42, 43, 44, 45])İSTANBUL KARTAL ATALAR MAĞAZASI            =koordinat:40.901372,29.169948
KARTAL->dict_values([1, 2, 3, 4, 5, 6, 7, 8, 9, 10, 11, 12, 13, 14, 15, 16, 17, 18, 19, 20, 21, 22, 23, 24, 25, 26, 27, 28, 29, 30, 31, 32, 33, 34, 35, 36, 37, 38, 39, 40, 41, 42, 43, 44, 45])İSTANBUL KARTAL İNÖNÜ CADDESİ MAĞAZASI     =koordinat:40.90406,29.186452
KARTAL->dict_values([1, 2, 3, 4, 5, 6, 7, 8, 9, 10, 11, 12, 13, 14, 15, 16, 17, 18, 19, 20, 21, 22, 23, 24, 25, 26, 27, 28, 29, 30, 31, 32, 33, 34, 35, 36, 37, 38, 39, 40, 41, 42, 43, 44, 45])İSTANBUL KARTAL HACILAR MAĞAZASI           =koordinat:40.914155,29.162674
KARTAL->dict_values([1, 2, 3, 4, 5, 6, 7, 8, 9, 10, 11, 12, 13, 14, 15, 16, 17, 18, 19, 20, 21, 22, 23, 24, 25, 26, 27, 28, 29, 30, 31, 32, 33, 34, 35, 36, 37, 38, 39, 40, 41, 42, 43, 44, 45])İSTANBUL YAKACIK İSMAİL DEDE CADDE MAĞAZASI=koordinat:40.907638,29.223888
KARTAL->dict_values([1, 2, 3, 4, 5, 6, 7, 8, 9, 10, 11, 12, 13, 14, 15, 16, 17, 18, 19, 20, 21, 22, 23, 24, 25, 26, 27, 28, 29, 30, 31, 32, 33, 34, 35, 36, 37, 38, 39, 40, 41, 42, 43, 44, 45])İSTANBUL KARTAL ÇIRÇIR                     =koordinat:40.889933,29.184486
KARTAL->dict_values([1, 2, 3, 4, 5, 6, 7, 8, 9, 10, 11, 12, 13, 14, 15, 16, 17, 18, 19, 20, 21, 22, 23, 24, 25, 26, 27, 28, 29, 30, 31, 32, 33, 34, 35, 36, 37, 38, 39, 40, 41, 42, 43, 44, 45])İSTANBUL KARTAL DRAGOS SAHİL MAĞAZASI      =koordinat:40.902102,29.16309
KARTAL->dict_values([1, 2, 3, 4, 5, 6, 7, 8, 9, 10, 11, 12, 13, 14, 15, 16, 17, 18, 19, 20, 21, 22, 23, 24, 25, 26, 27, 28, 29, 30, 31, 32, 33, 34, 35, 36, 37, 38, 39, 40, 41, 42, 43, 44, 45])İSTANBUL SOĞANLIK GÜMÜŞPINAR MAĞAZASI      =koordinat:40.919976,29.206305
KARTAL->dict_values([1, 2, 3, 4, 5, 6, 7, 8, 9, 10, 11, 12, 13, 14, 15, 16, 17, 18, 19, 20, 21, 22, 23, 24, 25, 26, 27, 28, 29, 30, 31, 32, 33, 34, 35, 36, 37, 38, 39, 40, 41, 42, 43, 44, 45])İSTANBUL KARTAL ATALAR HALİTPAŞA MAĞAZASI  =koordinat:40.902915,29.17273
KARTAL->dict_values([1, 2, 3, 4, 5, 6, 7, 8, 9, 10, 11, 12, 13, 14, 15, 16, 17, 18, 19, 20, 21, 22, 23, 24, 25, 26, 27, 28, 29, 30, 31, 32, 33, 34, 35, 36, 37, 38, 39, 40, 41, 42, 43, 44, 45])İSTANBUL KARTAL YAKACIK ASLAN SOKAK MAĞAZASI=koordinat:40.924486,29.220572
KARTAL->dict_values([1, 2, 3, 4, 5, 6, 7, 8, 9, 10, 11, 12, 13, 14, 15, 16, 17, 18, 19, 20, 21, 22, 23, 24, 25, 26, 27, 28, 29, 30, 31, 32, 33, 34, 35, 36, 37, 38, 39, 40, 41, 42, 43, 44, 45])ŞOK MİNİ-KARTAL SANCAKTAR MAĞAZASI         =koordinat:40.897583,29.181165
KARTAL->dict_values([1, 2, 3, 4, 5, 6, 7, 8, 9, 10, 11, 12, 13, 14, 15, 16, 17, 18, 19, 20, 21, 22, 23, 24, 25, 26, 27, 28, 29, 30, 31, 32, 33, 34, 35, 36, 37, 38, 39, 40, 41, 42, 43, 44, 45])İSTANBUL KARTAL ANAYURT CADDE MAĞAZASI     =koordinat:40.907414,29.182171
KARTAL->dict_values([1, 2, 3, 4, 5, 6, 7, 8, 9, 10, 11, 12, 13, 14, 15, 16, 17, 18, 19, 20, 21, 22, 23, 24, 25, 26, 27, 28, 29, 30, 31, 32, 33, 34, 35, 36, 37, 38, 39, 40, 41, 42, 43, 44, 45])ŞOK MİNİ-KARTAL ÇARŞI MAĞAZASI             =koordinat:40.889233,29.186879
KARTAL->dict_values([1, 2, 3, 4, 5, 6, 7, 8, 9, 10, 11, 12, 13, 14, 15, 16, 17, 18, 19, 20, 21, 22, 23, 24, 25, 26, 27, 28, 29, 30, 31, 32, 33, 34, 35, 36, 37, 38, 39, 40, 41, 42, 43, 44, 45])İSTANBUL KARTAL SOĞANLIK SAKIZ AĞACI CAD   =koordinat:40.921914,29.206418
KARTAL->dict_values([1, 2, 3, 4, 5, 6, 7, 8, 9, 10, 11, 12, 13, 14, 15, 16, 17, 18, 19, 20, 21, 22, 23, 24, 25, 26, 27, 28, 29, 30, 31, 32, 33, 34, 35, 36, 37, 38, 39, 40, 41, 42, 43, 44, 45])ŞOK MİNİ-SADEGUL MAĞAZASI                  =koordinat:40.903227,29.233131
KARTAL->dict_values([1, 2, 3, 4, 5, 6, 7, 8, 9, 10, 11, 12, 13, 14, 15, 16, 17, 18, 19, 20, 21, 22, 23, 24, 25, 26, 27, 28, 29, 30, 31, 32, 33, 34, 35, 36, 37, 38, 39, 40, 41, 42, 43, 44, 45])İSTANBUL KARTAL SOĞANLIK TİMUR SOKAK MAĞAZASI=koordinat:40.919607,29.193209
KARTAL->dict_values([1, 2, 3, 4, 5, 6, 7, 8, 9, 10, 11, 12, 13, 14, 15, 16, 17, 18, 19, 20, 21, 22, 23, 24, 25, 26, 27, 28, 29, 30, 31, 32, 33, 34, 35, 36, 37, 38, 39, 40, 41, 42, 43, 44, 45])İSTANBUL KARTAL ANADOLU İMAM HATİP LİSESİ MAĞAZASI=koordinat:40.901003,29.183308
KARTAL->dict_values([1, 2, 3, 4, 5, 6, 7, 8, 9, 10, 11, 12, 13, 14, 15, 16, 17, 18, 19, 20, 21, 22, 23, 24, 25, 26, 27, 28, 29, 30, 31, 32, 33, 34, 35, 36, 37, 38, 39, 40, 41, 42, 43, 44, 45])ŞOK MİNİ-KARLIKTEPE MAĞAZASI               =koordinat:40.897842,29.187986
KARTAL->dict_values([1, 2, 3, 4, 5, 6, 7, 8, 9, 10, 11, 12, 13, 14, 15, 16, 17, 18, 19, 20, 21, 22, 23, 24, 25, 26, 27, 28, 29, 30, 31, 32, 33, 34, 35, 36, 37, 38, 39, 40, 41, 42, 43, 44, 45])KARTAL BAĞLAR CADDESİ MAĞAZASI             =koordinat:40.89676,29.220363
KARTAL->dict_values([1, 2, 3, 4, 5, 6, 7, 8, 9, 10, 11, 12, 13, 14, 15, 16, 17, 18, 19, 20, 21, 22, 23, 24, 25, 26, 27, 28, 29, 30, 31, 32, 33, 34, 35, 36, 37, 38, 39, 40, 41, 42, 43, 44, 45])ŞOK MİNİ KARTAL PERAPARK MAĞAZASI          =koordinat:40.901058,29.187573
KARTAL->dict_values([1, 2, 3, 4, 5, 6, 7, 8, 9, 10, 11, 12, 13, 14, 15, 16, 17, 18, 19, 20, 21, 22, 23, 24, 25, 26, 27, 28, 29, 30, 31, 32, 33, 34, 35, 36, 37, 38, 39, 40, 41, 42, 43, 44, 45])İSTANBUL KARTAL KURFALI MAĞAZASI           =koordinat:40.900561,29.236601
KARTAL->dict_values([1, 2, 3, 4, 5, 6, 7, 8, 9, 10, 11, 12, 13, 14, 15, 16, 17, 18, 19, 20, 21, 22, 23, 24, 25, 26, 27, 28, 29, 30, 31, 32, 33, 34, 35, 36, 37, 38, 39, 40, 41, 42, 43, 44, 45])İSTANBUL KARTAL UZMANLAR MAĞAZASI          =koordinat:40.905595,29.236038
KARTAL->dict_values([1, 2, 3, 4, 5, 6, 7, 8, 9, 10, 11, 12, 13, 14, 15, 16, 17, 18, 19, 20, 21, 22, 23, 24, 25, 26, 27, 28, 29, 30, 31, 32, 33, 34, 35, 36, 37, 38, 39, 40, 41, 42, 43, 44, 45])İSTANBUL KARTAL DOĞU CADDESİ MAĞAZASI      =koordinat:40.907245,29.173331
KARTAL->dict_values([1, 2, 3, 4, 5, 6, 7, 8, 9, 10, 11, 12, 13, 14, 15, 16, 17, 18, 19, 20, 21, 22, 23, 24, 25, 26, 27, 28, 29, 30, 31, 32, 33, 34, 35, 36, 37, 38, 39, 40, 41, 42, 43, 44, 45])ŞOK MİNİ-SÜMBÜL MAĞAZASI                   =koordinat:40.921675,29.215299
KARTAL->dict_values([1, 2, 3, 4, 5, 6, 7, 8, 9, 10, 11, 12, 13, 14, 15, 16, 17, 18, 19, 20, 21, 22, 23, 24, 25, 26, 27, 28, 29, 30, 31, 32, 33, 34, 35, 36, 37, 38, 39, 40, 41, 42, 43, 44, 45])ŞOK MİNİ-ORHANGAZİ MAĞAZASI                =koordinat:40.912623,29.140852
KARTAL->dict_values([1, 2, 3, 4, 5, 6, 7, 8, 9, 10, 11, 12, 13, 14, 15, 16, 17, 18, 19, 20, 21, 22, 23, 24, 25, 26, 27, 28, 29, 30, 31, 32, 33, 34, 35, 36, 37, 38, 39, 40, 41, 42, 43, 44, 45])İSTANBUL KARTAL ORHANTEPE MAĞAZASI         =koordinat:40.912475,29.160692
KARTAL->dict_values([1, 2, 3, 4, 5, 6, 7, 8, 9, 10, 11, 12, 13, 14, 15, 16, 17, 18, 19, 20, 21, 22, 23, 24, 25, 26, 27, 28, 29, 30, 31, 32, 33, 34, 35, 36, 37, 38, 39, 40, 41, 42, 43, 44, 45])İSTANBUL KARTAL HÜRRİYET MAHALLESİ MAĞAZASI=koordinat:40.89931,29.227318
KARTAL->dict_values([1, 2, 3, 4, 5, 6, 7, 8, 9, 10, 11, 12, 13, 14, 15, 16, 17, 18, 19, 20, 21, 22, 23, 24, 25, 26, 27, 28, 29, 30, 31, 32, 33, 34, 35, 36, 37, 38, 39, 40, 41, 42, 43, 44, 45])İSTANBUL KARTAL SOĞANLIK İZ TOWER MAĞAZASI =koordinat:40.91393,29.208366
KARTAL->dict_values([1, 2, 3, 4, 5, 6, 7, 8, 9, 10, 11, 12, 13, 14, 15, 16, 17, 18, 19, 20, 21, 22, 23, 24, 25, 26, 27, 28, 29, 30, 31, 32, 33, 34, 35, 36, 37, 38, 39, 40, 41, 42, 43, 44, 45])ŞOK MİNİ KARTAL KUYUMCU SOKAK MAĞAZASI     =koordinat:40.891855,29.182603
KARTAL->dict_values([1, 2, 3, 4, 5, 6, 7, 8, 9, 10, 11, 12, 13, 14, 15, 16, 17, 18, 19, 20, 21, 22, 23, 24, 25, 26, 27, 28, 29, 30, 31, 32, 33, 34, 35, 36, 37, 38, 39, 40, 41, 42, 43, 44, 45])ŞOK MİNİ-BAYCAN MAĞAZASI                   =koordinat:40.903651,29.22742
KARTAL->dict_values([1, 2, 3, 4, 5, 6, 7, 8, 9, 10, 11, 12, 13, 14, 15, 16, 17, 18, 19, 20, 21, 22, 23, 24, 25, 26, 27, 28, 29, 30, 31, 32, 33, 34, 35, 36, 37, 38, 39, 40, 41, 42, 43, 44, 45])ŞOK MİNİ-MITHATPASA MAĞAZASI               =koordinat:40.895349,29.233098
KARTAL->dict_values([1, 2, 3, 4, 5, 6, 7, 8, 9, 10, 11, 12, 13, 14, 15, 16, 17, 18, 19, 20, 21, 22, 23, 24, 25, 26, 27, 28, 29, 30, 31, 32, 33, 34, 35, 36, 37, 38, 39, 40, 41, 42, 43, 44, 45])İSTANBUL KARTAL ÇEŞME CADDESİ MAĞAZASI     =koordinat:40.894558,29.189531
KARTAL->dict_values([1, 2, 3, 4, 5, 6, 7, 8, 9, 10, 11, 12, 13, 14, 15, 16, 17, 18, 19, 20, 21, 22, 23, 24, 25, 26, 27, 28, 29, 30, 31, 32, 33, 34, 35, 36, 37, 38, 39, 40, 41, 42, 43, 44, 45])ŞOK MİNİ-NİS MAĞAZASI                      =koordinat:40.9242,29.219966
KARTAL->dict_values([1, 2, 3, 4, 5, 6, 7, 8, 9, 10, 11, 12, 13, 14, 15, 16, 17, 18, 19, 20, 21, 22, 23, 24, 25, 26, 27, 28, 29, 30, 31, 32, 33, 34, 35, 36, 37, 38, 39, 40, 41, 42, 43, 44, 45])İSTANBUL KARTAL TOPSELVİ MAİ REZİDANS MAĞAZASI=koordinat:40.899483,29.218531
KARTAL->dict_values([1, 2, 3, 4, 5, 6, 7, 8, 9, 10, 11, 12, 13, 14, 15, 16, 17, 18, 19, 20, 21, 22, 23, 24, 25, 26, 27, 28, 29, 30, 31, 32, 33, 34, 35, 36, 37, 38, 39, 40, 41, 42, 43, 44, 45])İSTANBUL KARTAL KARLIKTEPE KEŞİF SOKAK MAĞAZASI=koordinat:40.901155,29.185122
KARTAL->dict_values([1, 2, 3, 4, 5, 6, 7, 8, 9, 10, 11, 12, 13, 14, 15, 16, 17, 18, 19, 20, 21, 22, 23, 24, 25, 26, 27, 28, 29, 30, 31, 32, 33, 34, 35, 36, 37, 38, 39, 40, 41, 42, 43, 44, 45])İSTANBUL KARTAL MİMAR SİNAN CADDE MAĞAZASI =koordinat:40.917177,29.191645
KARTAL->dict_values([1, 2, 3, 4, 5, 6, 7, 8, 9, 10, 11, 12, 13, 14, 15, 16, 17, 18, 19, 20, 21, 22, 23, 24, 25, 26, 27, 28, 29, 30, 31, 32, 33, 34, 35, 36, 37, 38, 39, 40, 41, 42, 43, 44, 45])İSTANBUL KARTAL ADNAN KAHVECİ MAĞAZASI     =koordinat:40.907713,29.226017
KARTAL->dict_values([1, 2, 3, 4, 5, 6, 7, 8, 9, 10, 11, 12, 13, 14, 15, 16, 17, 18, 19, 20, 21, 22, 23, 24, 25, 26, 27, 28, 29, 30, 31, 32, 33, 34, 35, 36, 37, 38, 39, 40, 41, 42, 43, 44, 45])İSTANBUL SOĞANLIK KAPTANI DERYA MAĞAZASI   =koordinat:40.913105,29.203068
KARTAL->dict_values([1, 2, 3, 4, 5, 6, 7, 8, 9, 10, 11, 12, 13, 14, 15, 16, 17, 18, 19, 20, 21, 22, 23, 24, 25, 26, 27, 28, 29, 30, 31, 32, 33, 34, 35, 36, 37, 38, 39, 40, 41, 42, 43, 44, 45])İSTANBUL KARTAL TECERDAĞ CADDESİ MAĞAZASI  =koordinat:40.906017,29.178419
KARTAL->dict_values([1, 2, 3, 4, 5, 6, 7, 8, 9, 10, 11, 12, 13, 14, 15, 16, 17, 18, 19, 20, 21, 22, 23, 24, 25, 26, 27, 28, 29, 30, 31, 32, 33, 34, 35, 36, 37, 38, 39, 40, 41, 42, 43, 44, 45])İSTANBUL CEVİZLİ BANKALAR CADDESİ          =koordinat:40.907729,29.162666
KARTAL->dict_values([1, 2, 3, 4, 5, 6, 7, 8, 9, 10, 11, 12, 13, 14, 15, 16, 17, 18, 19, 20, 21, 22, 23, 24, 25, 26, 27, 28, 29, 30, 31, 32, 33, 34, 35, 36, 37, 38, 39, 40, 41, 42, 43, 44, 45])İSTANBUL KARTAL ÇAVUŞOĞLU MAĞAZASI         =koordinat:40.890243,29.194587
KARTAL->dict_values([1, 2, 3, 4, 5, 6, 7, 8, 9, 10, 11, 12, 13, 14, 15, 16, 17, 18, 19, 20, 21, 22, 23, 24, 25, 26, 27, 28, 29, 30, 31, 32, 33, 34, 35, 36, 37, 38, 39, 40, 41, 42, 43, 44, 45])İSTANBUL KARTAL YÜZYIL MAĞAZASI            =koordinat:40.910667,29.222319
KARTAL->dict_values([1, 2, 3, 4, 5, 6, 7, 8, 9, 10, 11, 12, 13, 14, 15, 16, 17, 18, 19, 20, 21, 22, 23, 24, 25, 26, 27, 28, 29, 30, 31, 32, 33, 34, 35, 36, 37, 38, 39, 40, 41, 42, 43, 44, 45])KARTAL MEŞELİ AYAZMA CAD. MAĞAZASI         =koordinat:40.88813849,29.19579417
KARTAL->dict_values([1, 2, 3, 4, 5, 6, 7, 8, 9, 10, 11, 12, 13, 14, 15, 16, 17, 18, 19, 20, 21, 22, 23, 24, 25, 26, 27, 28, 29, 30, 31, 32, 33, 34, 35, 36, 37, 38, 39, 40, 41, 42, 43, 44, 45])E-5 KARTAL YANYOL MAĞAZASI                 =koordinat:40.898297,29.222399
KARTAL->dict_values([1, 2, 3, 4, 5, 6, 7, 8, 9, 10, 11, 12, 13, 14, 15, 16, 17, 18, 19, 20, 21, 22, 23, 24, 25, 26, 27, 28, 29, 30, 31, 32, 33, 34, 35, 36, 37, 38, 39, 40, 41, 42, 43, 44, 45])KARTAL BAKOMUTAN CAD                       =koordinat:40.894552,29.187565
KARTAL->dict_values([1, 2, 3, 4, 5, 6, 7, 8, 9, 10, 11, 12, 13, 14, 15, 16, 17, 18, 19, 20, 21, 22, 23, 24, 25, 26, 27, 28, 29, 30, 31, 32, 33, 34, 35, 36, 37, 38, 39, 40, 41, 42, 43, 44, 45])CEVİZLİ KÖROĞLU CADDESİ MAĞAZASI           =koordinat:40.910474,29.172439
KARTAL->dict_values([1, 2, 3, 4, 5, 6, 7, 8, 9, 10, 11, 12, 13, 14, 15, 16, 17, 18, 19, 20, 21, 22, 23, 24, 25, 26, 27, 28, 29, 30, 31, 32, 33, 34, 35, 36, 37, 38, 39, 40, 41, 42, 43, 44, 45])KARTAL ÖZBERK SOKAK MAĞAZASI               =koordinat:40.8983,29.0371
KARTAL->dict_values([1, 2, 3, 4, 5, 6, 7, 8, 9, 10, 11, 12, 13, 14, 15, 16, 17, 18, 19, 20, 21, 22, 23, 24, 25, 26, 27, 28, 29, 30, 31, 32, 33, 34, 35, 36, 37, 38, 39, 40, 41, 42, 43, 44, 45])ŞOK-KARTAL SEMA SOK.                       =koordinat:40.90770716,29.16598946
KARTAL->dict_values([1, 2, 3, 4, 5, 6, 7, 8, 9, 10, 11, 12, 13, 14, 15, 16, 17, 18, 19, 20, 21, 22, 23, 24, 25, 26, 27, 28, 29, 30, 31, 32, 33, 34, 35, 36, 37, 38, 39, 40, 41, 42, 43, 44, 45])SOĞANLIK BALIKESİR CADDESİ MAĞAZASI        =koordinat:40.920481,29.19798
KARTAL->dict_values([1, 2, 3, 4, 5, 6, 7, 8, 9, 10, 11, 12, 13, 14, 15, 16, 17, 18, 19, 20, 21, 22, 23, 24, 25, 26, 27, 28, 29, 30, 31, 32, 33, 34, 35, 36, 37, 38, 39, 40, 41, 42, 43, 44, 45])ŞOK-MİNİ FAZİLET CADDE MAĞAZASI            =koordinat:40.8929,29.1862
KARTAL->dict_values([1, 2, 3, 4, 5, 6, 7, 8, 9, 10, 11, 12, 13, 14, 15, 16, 17, 18, 19, 20, 21, 22, 23, 24, 25, 26, 27, 28, 29, 30, 31, 32, 33, 34, 35, 36, 37, 38, 39, 40, 41, 42, 43, 44, 45])İSTANBUL SOĞANLIK YAVUZ SELİM MAĞAZASI     =koordinat:40.915076,29.200051
KARTAL->dict_values([1, 2, 3, 4, 5, 6, 7, 8, 9, 10, 11, 12, 13, 14, 15, 16, 17, 18, 19, 20, 21, 22, 23, 24, 25, 26, 27, 28, 29, 30, 31, 32, 33, 34, 35, 36, 37, 38, 39, 40, 41, 42, 43, 44, 45])REFERANS KARTAL MAĞAZASI                   =koordinat:40.907219,29.167859
KARTAL->dict_values([1, 2, 3, 4, 5, 6, 7, 8, 9, 10, 11, 12, 13, 14, 15, 16, 17, 18, 19, 20, 21, 22, 23, 24, 25, 26, 27, 28, 29, 30, 31, 32, 33, 34, 35, 36, 37, 38, 39, 40, 41, 42, 43, 44, 45])ATALAR ÜSKÜDAR CAD MAĞAZASI                =koordinat:40.897972,29.171198
KARTAL->dict_values([1, 2, 3, 4, 5, 6, 7, 8, 9, 10, 11, 12, 13, 14, 15, 16, 17, 18, 19, 20, 21, 22, 23, 24, 25, 26, 27, 28, 29, 30, 31, 32, 33, 34, 35, 36, 37, 38, 39, 40, 41, 42, 43, 44, 45])İSTANBUL SOĞANLIK ATATÜRK CADDESİ MAĞAZASI =koordinat:40.9166,29.1953
KARTAL->dict_values([1, 2, 3, 4, 5, 6, 7, 8, 9, 10, 11, 12, 13, 14, 15, 16, 17, 18, 19, 20, 21, 22, 23, 24, 25, 26, 27, 28, 29, 30, 31, 32, 33, 34, 35, 36, 37, 38, 39, 40, 41, 42, 43, 44, 45])DUMLUPINAR SOKAK KARTAL MAĞAZASI           =koordinat:40.89571,29.184625
KARTAL->dict_values([1, 2, 3, 4, 5, 6, 7, 8, 9, 10, 11, 12, 13, 14, 15, 16, 17, 18, 19, 20, 21, 22, 23, 24, 25, 26, 27, 28, 29, 30, 31, 32, 33, 34, 35, 36, 37, 38, 39, 40, 41, 42, 43, 44, 45])KARLIKTEPE SOĞANLIK CAD MAĞAZASI           =koordinat:40.890809,29.188112
KARTAL->dict_values([1, 2, 3, 4, 5, 6, 7, 8, 9, 10, 11, 12, 13, 14, 15, 16, 17, 18, 19, 20, 21, 22, 23, 24, 25, 26, 27, 28, 29, 30, 31, 32, 33, 34, 35, 36, 37, 38, 39, 40, 41, 42, 43, 44, 45])ŞEHİT HAKAN KURBAN CAD MAĞAZASI            =koordinat:40.90924,29.17067
KARTAL->dict_values([1, 2, 3, 4, 5, 6, 7, 8, 9, 10, 11, 12, 13, 14, 15, 16, 17, 18, 19, 20, 21, 22, 23, 24, 25, 26, 27, 28, 29, 30, 31, 32, 33, 34, 35, 36, 37, 38, 39, 40, 41, 42, 43, 44, 45])KARTAL FAHRİ KORUTÜRK CAD MAĞAZASI         =koordinat:40.89605042,29.1934431
KARTAL->dict_values([1, 2, 3, 4, 5, 6, 7, 8, 9, 10, 11, 12, 13, 14, 15, 16, 17, 18, 19, 20, 21, 22, 23, 24, 25, 26, 27, 28, 29, 30, 31, 32, 33, 34, 35, 36, 37, 38, 39, 40, 41, 42, 43, 44, 45])YAKACIK MEYDAN MAĞAZASI                    =koordinat:40.9172,29.2266
KARTAL->dict_values([1, 2, 3, 4, 5, 6, 7, 8, 9, 10, 11, 12, 13, 14, 15, 16, 17, 18, 19, 20, 21, 22, 23, 24, 25, 26, 27, 28, 29, 30, 31, 32, 33, 34, 35, 36, 37, 38, 39, 40, 41, 42, 43, 44, 45])ÇAVUŞOĞLU PORTAKAL SOKAK MAĞAZASI          =koordinat:40.89151983,29.19688904
KARTAL->dict_values([1, 2, 3, 4, 5, 6, 7, 8, 9, 10, 11, 12, 13, 14, 15, 16, 17, 18, 19, 20, 21, 22, 23, 24, 25, 26, 27, 28, 29, 30, 31, 32, 33, 34, 35, 36, 37, 38, 39, 40, 41, 42, 43, 44, 45])ŞOK MİNİ-KARTAL OKYANUS MAĞAZASI           =koordinat:40.8967,29.2113
KARTAL->dict_values([1, 2, 3, 4, 5, 6, 7, 8, 9, 10, 11, 12, 13, 14, 15, 16, 17, 18, 19, 20, 21, 22, 23, 24, 25, 26, 27, 28, 29, 30, 31, 32, 33, 34, 35, 36, 37, 38, 39, 40, 41, 42, 43, 44, 45])ASFOR KARTAL KARLIKTEPE MAĞAZASI           =koordinat:40.899702,29.19827
KARTAL->dict_values([1, 2, 3, 4, 5, 6, 7, 8, 9, 10, 11, 12, 13, 14, 15, 16, 17, 18, 19, 20, 21, 22, 23, 24, 25, 26, 27, 28, 29, 30, 31, 32, 33, 34, 35, 36, 37, 38, 39, 40, 41, 42, 43, 44, 45])KARTAL CELAL ÖZ MAĞAZASI                   =koordinat:40.906497,29.161153
KÜÇÜKCEKMECE->dict_values([1, 2, 3, 4, 5, 6, 7, 8, 9, 10, 11, 12, 13, 14, 15, 16, 17, 18, 19, 20, 21, 22, 23, 24, 25, 26, 27, 28, 29, 30, 31, 32, 33, 34, 35, 36, 37, 38, 39, 40, 41, 42, 43, 44, 45])KANARYA PELİKAN MAĞAZASI                   =koordinat:41.1872,28.7867
KÜÇÜKCEKMECE->dict_values([1, 2, 3, 4, 5, 6, 7, 8, 9, 10, 11, 12, 13, 14, 15, 16, 17, 18, 19, 20, 21, 22, 23, 24, 25, 26, 27, 28, 29, 30, 31, 32, 33, 34, 35, 36, 37, 38, 39, 40, 41, 42, 43, 44, 45])KÜÇÜKCEKMECE KIRIMLI MAĞAZASI              =koordinat:40.9967,28.7656
KÜÇÜKCEKMECE->dict_values([1, 2, 3, 4, 5, 6, 7, 8, 9, 10, 11, 12, 13, 14, 15, 16, 17, 18, 19, 20, 21, 22, 23, 24, 25, 26, 27, 28, 29, 30, 31, 32, 33, 34, 35, 36, 37, 38, 39, 40, 41, 42, 43, 44, 45])KÜÇÜKÇEKMECE AKŞEMSETTİN MAĞAZASI          =koordinat:41.0251,28.8032
KÜÇÜKCEKMECE->dict_values([1, 2, 3, 4, 5, 6, 7, 8, 9, 10, 11, 12, 13, 14, 15, 16, 17, 18, 19, 20, 21, 22, 23, 24, 25, 26, 27, 28, 29, 30, 31, 32, 33, 34, 35, 36, 37, 38, 39, 40, 41, 42, 43, 44, 45])HALKALI KARDELEN MAĞAZASI                  =koordinat:41.0332,28.8012
KÜÇÜKÇEKMECE->dict_values([1, 2, 3, 4, 5, 6, 7, 8, 9, 10, 11, 12, 13, 14, 15, 16, 17, 18, 19, 20, 21, 22, 23, 24, 25, 26, 27, 28, 29, 30, 31, 32, 33, 34, 35, 36, 37, 38, 39, 40, 41, 42, 43, 44, 45])İSTANBUL KÜÇÜKÇEKMECE TEPEÜSTÜ MAĞAZASI    =koordinat:40.992524,28.776707
KÜÇÜKÇEKMECE->dict_values([1, 2, 3, 4, 5, 6, 7, 8, 9, 10, 11, 12, 13, 14, 15, 16, 17, 18, 19, 20, 21, 22, 23, 24, 25, 26, 27, 28, 29, 30, 31, 32, 33, 34, 35, 36, 37, 38, 39, 40, 41, 42, 43, 44, 45])İSTANBUL K.ÇEKMECE YEŞİLOVA MAĞAZASI       =koordinat:40.990481,28.785923
KÜÇÜKÇEKMECE->dict_values([1, 2, 3, 4, 5, 6, 7, 8, 9, 10, 11, 12, 13, 14, 15, 16, 17, 18, 19, 20, 21, 22, 23, 24, 25, 26, 27, 28, 29, 30, 31, 32, 33, 34, 35, 36, 37, 38, 39, 40, 41, 42, 43, 44, 45])İSTANBUL SEFAKÖY SÖĞÜTLÜÇEŞME MAĞAZASI     =koordinat:41.021582,28.786487
KÜÇÜKÇEKMECE->dict_values([1, 2, 3, 4, 5, 6, 7, 8, 9, 10, 11, 12, 13, 14, 15, 16, 17, 18, 19, 20, 21, 22, 23, 24, 25, 26, 27, 28, 29, 30, 31, 32, 33, 34, 35, 36, 37, 38, 39, 40, 41, 42, 43, 44, 45])İSTANBUL MASLAK ÇEŞME MAĞAZASI             =koordinat:41.020428,28.799238
KÜÇÜKÇEKMECE->dict_values([1, 2, 3, 4, 5, 6, 7, 8, 9, 10, 11, 12, 13, 14, 15, 16, 17, 18, 19, 20, 21, 22, 23, 24, 25, 26, 27, 28, 29, 30, 31, 32, 33, 34, 35, 36, 37, 38, 39, 40, 41, 42, 43, 44, 45])İSTANBUL YEŞİLOVA DELİORMAN CAD MAĞAZASI   =koordinat:40.99469,28.787704
KÜÇÜKÇEKMECE->dict_values([1, 2, 3, 4, 5, 6, 7, 8, 9, 10, 11, 12, 13, 14, 15, 16, 17, 18, 19, 20, 21, 22, 23, 24, 25, 26, 27, 28, 29, 30, 31, 32, 33, 34, 35, 36, 37, 38, 39, 40, 41, 42, 43, 44, 45])İSTANBUL GÜLTEPE BAĞLAR MAĞAZASI           =koordinat:40.997626,28.792098
KÜÇÜKÇEKMECE->dict_values([1, 2, 3, 4, 5, 6, 7, 8, 9, 10, 11, 12, 13, 14, 15, 16, 17, 18, 19, 20, 21, 22, 23, 24, 25, 26, 27, 28, 29, 30, 31, 32, 33, 34, 35, 36, 37, 38, 39, 40, 41, 42, 43, 44, 45])İSTANBUL KEMAL PAŞA REİS MAĞAZASI          =koordinat:41.058019,28.801633
KÜÇÜKÇEKMECE->dict_values([1, 2, 3, 4, 5, 6, 7, 8, 9, 10, 11, 12, 13, 14, 15, 16, 17, 18, 19, 20, 21, 22, 23, 24, 25, 26, 27, 28, 29, 30, 31, 32, 33, 34, 35, 36, 37, 38, 39, 40, 41, 42, 43, 44, 45])İSTANBUL KÜÇÜKÇEKMECE 27 MAYIS MAĞAZASI    =koordinat:40.991627,28.770243
KÜÇÜKÇEKMECE->dict_values([1, 2, 3, 4, 5, 6, 7, 8, 9, 10, 11, 12, 13, 14, 15, 16, 17, 18, 19, 20, 21, 22, 23, 24, 25, 26, 27, 28, 29, 30, 31, 32, 33, 34, 35, 36, 37, 38, 39, 40, 41, 42, 43, 44, 45])İSTANBUL KÜÇÜKÇEKMECE AHMET SADIK MAĞAZASI =koordinat:41.000399,28.777211
KÜÇÜKÇEKMECE->dict_values([1, 2, 3, 4, 5, 6, 7, 8, 9, 10, 11, 12, 13, 14, 15, 16, 17, 18, 19, 20, 21, 22, 23, 24, 25, 26, 27, 28, 29, 30, 31, 32, 33, 34, 35, 36, 37, 38, 39, 40, 41, 42, 43, 44, 45])İSTANBUL İKİTELLİ MEHMET AKİF MAĞAZASI     =koordinat:41.0567,28.8059
KÜÇÜKÇEKMECE->dict_values([1, 2, 3, 4, 5, 6, 7, 8, 9, 10, 11, 12, 13, 14, 15, 16, 17, 18, 19, 20, 21, 22, 23, 24, 25, 26, 27, 28, 29, 30, 31, 32, 33, 34, 35, 36, 37, 38, 39, 40, 41, 42, 43, 44, 45])İSTANBUL ATATÜRK MAHALLESİ MAĞAZASI        =koordinat:41.048537,28.800882
KÜÇÜKÇEKMECE->dict_values([1, 2, 3, 4, 5, 6, 7, 8, 9, 10, 11, 12, 13, 14, 15, 16, 17, 18, 19, 20, 21, 22, 23, 24, 25, 26, 27, 28, 29, 30, 31, 32, 33, 34, 35, 36, 37, 38, 39, 40, 41, 42, 43, 44, 45])İSTANBUL KANARYA BOZDOĞAN CAD MAĞAZASI     =koordinat:41.012604,28.775444
KÜÇÜKÇEKMECE->dict_values([1, 2, 3, 4, 5, 6, 7, 8, 9, 10, 11, 12, 13, 14, 15, 16, 17, 18, 19, 20, 21, 22, 23, 24, 25, 26, 27, 28, 29, 30, 31, 32, 33, 34, 35, 36, 37, 38, 39, 40, 41, 42, 43, 44, 45])İSTANBUL FATİH MH.KÜÇÜKÇEKMECE MAĞAZASI    =koordinat:40.991156,28.770592
KÜÇÜKÇEKMECE->dict_values([1, 2, 3, 4, 5, 6, 7, 8, 9, 10, 11, 12, 13, 14, 15, 16, 17, 18, 19, 20, 21, 22, 23, 24, 25, 26, 27, 28, 29, 30, 31, 32, 33, 34, 35, 36, 37, 38, 39, 40, 41, 42, 43, 44, 45])İSTANBUL ASIK VEYSEL KÜÇÜKÇEKMECE MAĞAZASI =koordinat:40.996508,28.769607
KÜÇÜKÇEKMECE->dict_values([1, 2, 3, 4, 5, 6, 7, 8, 9, 10, 11, 12, 13, 14, 15, 16, 17, 18, 19, 20, 21, 22, 23, 24, 25, 26, 27, 28, 29, 30, 31, 32, 33, 34, 35, 36, 37, 38, 39, 40, 41, 42, 43, 44, 45])5618 - KÜÇÜKÇEKMECE YENİMAHALLE            =koordinat:40.994633,28.777994
KÜÇÜKÇEKMECE->dict_values([1, 2, 3, 4, 5, 6, 7, 8, 9, 10, 11, 12, 13, 14, 15, 16, 17, 18, 19, 20, 21, 22, 23, 24, 25, 26, 27, 28, 29, 30, 31, 32, 33, 34, 35, 36, 37, 38, 39, 40, 41, 42, 43, 44, 45])İSTANBUL KÜÇÜKÇEKMECE KAKTÜS MAĞAZASI      =koordinat:41.000767,28.780819
KÜÇÜKÇEKMECE->dict_values([1, 2, 3, 4, 5, 6, 7, 8, 9, 10, 11, 12, 13, 14, 15, 16, 17, 18, 19, 20, 21, 22, 23, 24, 25, 26, 27, 28, 29, 30, 31, 32, 33, 34, 35, 36, 37, 38, 39, 40, 41, 42, 43, 44, 45])İSTANBUL YEŞİLOVA BENHUR SOKAK MAĞAZASI    =koordinat:40.998822,28.78407
KÜÇÜKÇEKMECE->dict_values([1, 2, 3, 4, 5, 6, 7, 8, 9, 10, 11, 12, 13, 14, 15, 16, 17, 18, 19, 20, 21, 22, 23, 24, 25, 26, 27, 28, 29, 30, 31, 32, 33, 34, 35, 36, 37, 38, 39, 40, 41, 42, 43, 44, 45])İSTANBUL HALKALI YENİLMEZ SOKAK MAĞAZASI   =koordinat:41.037392,28.794426
KÜÇÜKÇEKMECE->dict_values([1, 2, 3, 4, 5, 6, 7, 8, 9, 10, 11, 12, 13, 14, 15, 16, 17, 18, 19, 20, 21, 22, 23, 24, 25, 26, 27, 28, 29, 30, 31, 32, 33, 34, 35, 36, 37, 38, 39, 40, 41, 42, 43, 44, 45])İSTANBUL KÜÇÜKÇEKMECE FAHRİ SOKAK MAĞAZASI =koordinat:41.018821,28.787717
KÜÇÜKÇEKMECE->dict_values([1, 2, 3, 4, 5, 6, 7, 8, 9, 10, 11, 12, 13, 14, 15, 16, 17, 18, 19, 20, 21, 22, 23, 24, 25, 26, 27, 28, 29, 30, 31, 32, 33, 34, 35, 36, 37, 38, 39, 40, 41, 42, 43, 44, 45])İSTANBUL KÜÇÜKÇEKMECE YILDIRIM SOKAK MAĞAZASI=koordinat:41.016958,28.800914
KÜÇÜKÇEKMECE->dict_values([1, 2, 3, 4, 5, 6, 7, 8, 9, 10, 11, 12, 13, 14, 15, 16, 17, 18, 19, 20, 21, 22, 23, 24, 25, 26, 27, 28, 29, 30, 31, 32, 33, 34, 35, 36, 37, 38, 39, 40, 41, 42, 43, 44, 45])İSTANBUL HALKALI KAVAKLI MAĞAZASI          =koordinat:41.041617,28.786325
KÜÇÜKÇEKMECE->dict_values([1, 2, 3, 4, 5, 6, 7, 8, 9, 10, 11, 12, 13, 14, 15, 16, 17, 18, 19, 20, 21, 22, 23, 24, 25, 26, 27, 28, 29, 30, 31, 32, 33, 34, 35, 36, 37, 38, 39, 40, 41, 42, 43, 44, 45])İSTANBUL KÜÇÜKÇEKMECE ŞAHİN MAĞAZASI       =koordinat:41.010442,28.784681
KÜÇÜKÇEKMECE->dict_values([1, 2, 3, 4, 5, 6, 7, 8, 9, 10, 11, 12, 13, 14, 15, 16, 17, 18, 19, 20, 21, 22, 23, 24, 25, 26, 27, 28, 29, 30, 31, 32, 33, 34, 35, 36, 37, 38, 39, 40, 41, 42, 43, 44, 45])İSTANBUL KÜÇÜKÇEKMECE OKUL SK. MAĞAZASI    =koordinat:40.990419,28.775229
KÜÇÜKÇEKMECE->dict_values([1, 2, 3, 4, 5, 6, 7, 8, 9, 10, 11, 12, 13, 14, 15, 16, 17, 18, 19, 20, 21, 22, 23, 24, 25, 26, 27, 28, 29, 30, 31, 32, 33, 34, 35, 36, 37, 38, 39, 40, 41, 42, 43, 44, 45])İSTANBUL KÜÇÜKÇEKMECE EBABİL MAĞAZASI      =koordinat:41.003808,28.778842
KÜÇÜKÇEKMECE->dict_values([1, 2, 3, 4, 5, 6, 7, 8, 9, 10, 11, 12, 13, 14, 15, 16, 17, 18, 19, 20, 21, 22, 23, 24, 25, 26, 27, 28, 29, 30, 31, 32, 33, 34, 35, 36, 37, 38, 39, 40, 41, 42, 43, 44, 45])İSTANBUL KÜÇÜKÇEKMECE NEBİOĞLU MAĞAZASI    =koordinat:41.00084,28.796225
KÜÇÜKÇEKMECE->dict_values([1, 2, 3, 4, 5, 6, 7, 8, 9, 10, 11, 12, 13, 14, 15, 16, 17, 18, 19, 20, 21, 22, 23, 24, 25, 26, 27, 28, 29, 30, 31, 32, 33, 34, 35, 36, 37, 38, 39, 40, 41, 42, 43, 44, 45])İSTANBUL SEFAKÖY İNÖNÜ MAĞAZASI            =koordinat:41.024053,28.796276
KÜÇÜKÇEKMECE->dict_values([1, 2, 3, 4, 5, 6, 7, 8, 9, 10, 11, 12, 13, 14, 15, 16, 17, 18, 19, 20, 21, 22, 23, 24, 25, 26, 27, 28, 29, 30, 31, 32, 33, 34, 35, 36, 37, 38, 39, 40, 41, 42, 43, 44, 45])İSTANBUL YEŞİLOVA BARBAROS CAD MAĞAZASI    =koordinat:40.989861,28.78989
KÜÇÜKÇEKMECE->dict_values([1, 2, 3, 4, 5, 6, 7, 8, 9, 10, 11, 12, 13, 14, 15, 16, 17, 18, 19, 20, 21, 22, 23, 24, 25, 26, 27, 28, 29, 30, 31, 32, 33, 34, 35, 36, 37, 38, 39, 40, 41, 42, 43, 44, 45])KÜÇÜKÇEKMECE KÖKNAR MAĞAZASI               =koordinat:41.005273,28.779341
KÜÇÜKÇEKMECE->dict_values([1, 2, 3, 4, 5, 6, 7, 8, 9, 10, 11, 12, 13, 14, 15, 16, 17, 18, 19, 20, 21, 22, 23, 24, 25, 26, 27, 28, 29, 30, 31, 32, 33, 34, 35, 36, 37, 38, 39, 40, 41, 42, 43, 44, 45])İSTANBUL KÜÇÜKÇEKMECE HATBOYU MAĞAZASI     =koordinat:40.988961,28.77315
KÜÇÜKÇEKMECE->dict_values([1, 2, 3, 4, 5, 6, 7, 8, 9, 10, 11, 12, 13, 14, 15, 16, 17, 18, 19, 20, 21, 22, 23, 24, 25, 26, 27, 28, 29, 30, 31, 32, 33, 34, 35, 36, 37, 38, 39, 40, 41, 42, 43, 44, 45])İSTANBUL SEFAKÖY HAYIRLI MAĞAZASI          =koordinat:41.006486,28.800485
KÜÇÜKÇEKMECE->dict_values([1, 2, 3, 4, 5, 6, 7, 8, 9, 10, 11, 12, 13, 14, 15, 16, 17, 18, 19, 20, 21, 22, 23, 24, 25, 26, 27, 28, 29, 30, 31, 32, 33, 34, 35, 36, 37, 38, 39, 40, 41, 42, 43, 44, 45])İSTANBUL HALKALI EGE MAĞAZASI              =koordinat:41.031009,28.803899
KÜÇÜKÇEKMECE->dict_values([1, 2, 3, 4, 5, 6, 7, 8, 9, 10, 11, 12, 13, 14, 15, 16, 17, 18, 19, 20, 21, 22, 23, 24, 25, 26, 27, 28, 29, 30, 31, 32, 33, 34, 35, 36, 37, 38, 39, 40, 41, 42, 43, 44, 45])İSTANBUL KÜÇÜKÇEKMECE KAHRAMANLAR CADDESİ MAĞAZASI=koordinat:40.988694,28.783815
KÜÇÜKÇEKMECE->dict_values([1, 2, 3, 4, 5, 6, 7, 8, 9, 10, 11, 12, 13, 14, 15, 16, 17, 18, 19, 20, 21, 22, 23, 24, 25, 26, 27, 28, 29, 30, 31, 32, 33, 34, 35, 36, 37, 38, 39, 40, 41, 42, 43, 44, 45])KÜÇÜKÇEKMECE KORUCU MAĞAZASI               =koordinat:40.990704,28.784086
KÜÇÜKÇEKMECE->dict_values([1, 2, 3, 4, 5, 6, 7, 8, 9, 10, 11, 12, 13, 14, 15, 16, 17, 18, 19, 20, 21, 22, 23, 24, 25, 26, 27, 28, 29, 30, 31, 32, 33, 34, 35, 36, 37, 38, 39, 40, 41, 42, 43, 44, 45])İSTANBUL KÜÇÜKÇEKMECE MERİÇ MAĞAZASI       =koordinat:41.050264,28.799643
KÜÇÜKÇEKMECE->dict_values([1, 2, 3, 4, 5, 6, 7, 8, 9, 10, 11, 12, 13, 14, 15, 16, 17, 18, 19, 20, 21, 22, 23, 24, 25, 26, 27, 28, 29, 30, 31, 32, 33, 34, 35, 36, 37, 38, 39, 40, 41, 42, 43, 44, 45])ŞOK MİNİ-OKAN MAĞAZASI                     =koordinat:41.025021,28.793263
KÜÇÜKÇEKMECE->dict_values([1, 2, 3, 4, 5, 6, 7, 8, 9, 10, 11, 12, 13, 14, 15, 16, 17, 18, 19, 20, 21, 22, 23, 24, 25, 26, 27, 28, 29, 30, 31, 32, 33, 34, 35, 36, 37, 38, 39, 40, 41, 42, 43, 44, 45])İSTANBUL KÜÇÜKÇEKMECE NİFER SOKAK MAĞAZASI =koordinat:41.060485,28.799627
KÜÇÜKÇEKMECE->dict_values([1, 2, 3, 4, 5, 6, 7, 8, 9, 10, 11, 12, 13, 14, 15, 16, 17, 18, 19, 20, 21, 22, 23, 24, 25, 26, 27, 28, 29, 30, 31, 32, 33, 34, 35, 36, 37, 38, 39, 40, 41, 42, 43, 44, 45])İSTANBUL HALKALI FATİH CD. MAĞAZASI        =koordinat:41.034269,28.794656
KÜÇÜKÇEKMECE->dict_values([1, 2, 3, 4, 5, 6, 7, 8, 9, 10, 11, 12, 13, 14, 15, 16, 17, 18, 19, 20, 21, 22, 23, 24, 25, 26, 27, 28, 29, 30, 31, 32, 33, 34, 35, 36, 37, 38, 39, 40, 41, 42, 43, 44, 45])İSTANBUL KÜÇÜKÇEKMECE GÜVEN MAĞAZASI       =koordinat:40.996286,28.77477
KÜÇÜKÇEKMECE->dict_values([1, 2, 3, 4, 5, 6, 7, 8, 9, 10, 11, 12, 13, 14, 15, 16, 17, 18, 19, 20, 21, 22, 23, 24, 25, 26, 27, 28, 29, 30, 31, 32, 33, 34, 35, 36, 37, 38, 39, 40, 41, 42, 43, 44, 45])İSTANBUL KÜÇÜKÇEKMECE ŞAFAK MAĞAZASI       =koordinat:40.993405,28.771099
KÜÇÜKÇEKMECE->dict_values([1, 2, 3, 4, 5, 6, 7, 8, 9, 10, 11, 12, 13, 14, 15, 16, 17, 18, 19, 20, 21, 22, 23, 24, 25, 26, 27, 28, 29, 30, 31, 32, 33, 34, 35, 36, 37, 38, 39, 40, 41, 42, 43, 44, 45])ŞOK MİNİ-ZAFER MAĞAZASI                    =koordinat:40.989972,28.7792282
KÜÇÜKÇEKMECE->dict_values([1, 2, 3, 4, 5, 6, 7, 8, 9, 10, 11, 12, 13, 14, 15, 16, 17, 18, 19, 20, 21, 22, 23, 24, 25, 26, 27, 28, 29, 30, 31, 32, 33, 34, 35, 36, 37, 38, 39, 40, 41, 42, 43, 44, 45])İSTANBUL KÜÇÜKÇEKMECE TEVFİKBEY MAĞAZASI   =koordinat:41.009747,28.801975
KÜÇÜKÇEKMECE->dict_values([1, 2, 3, 4, 5, 6, 7, 8, 9, 10, 11, 12, 13, 14, 15, 16, 17, 18, 19, 20, 21, 22, 23, 24, 25, 26, 27, 28, 29, 30, 31, 32, 33, 34, 35, 36, 37, 38, 39, 40, 41, 42, 43, 44, 45])İSTANBUL KÜÇÜKÇEKMECE KANARYA DOĞAN MAĞAZASI=koordinat:41.016444,28.782192
KÜÇÜKÇEKMECE->dict_values([1, 2, 3, 4, 5, 6, 7, 8, 9, 10, 11, 12, 13, 14, 15, 16, 17, 18, 19, 20, 21, 22, 23, 24, 25, 26, 27, 28, 29, 30, 31, 32, 33, 34, 35, 36, 37, 38, 39, 40, 41, 42, 43, 44, 45])İSTANBUL KÜÇÜKÇEKMECE CENGİZHAN MAĞAZASI   =koordinat:41.019708,28.786615
KÜÇÜKÇEKMECE->dict_values([1, 2, 3, 4, 5, 6, 7, 8, 9, 10, 11, 12, 13, 14, 15, 16, 17, 18, 19, 20, 21, 22, 23, 24, 25, 26, 27, 28, 29, 30, 31, 32, 33, 34, 35, 36, 37, 38, 39, 40, 41, 42, 43, 44, 45])ŞOK MİNİ - SELİN MAĞAZASI                  =koordinat:40.991482,28.77355
KÜÇÜKÇEKMECE->dict_values([1, 2, 3, 4, 5, 6, 7, 8, 9, 10, 11, 12, 13, 14, 15, 16, 17, 18, 19, 20, 21, 22, 23, 24, 25, 26, 27, 28, 29, 30, 31, 32, 33, 34, 35, 36, 37, 38, 39, 40, 41, 42, 43, 44, 45])ŞOK MİNİ-YENIMAHALLE2 MAĞAZASI             =koordinat:40.9961,28.7787
KÜÇÜKÇEKMECE->dict_values([1, 2, 3, 4, 5, 6, 7, 8, 9, 10, 11, 12, 13, 14, 15, 16, 17, 18, 19, 20, 21, 22, 23, 24, 25, 26, 27, 28, 29, 30, 31, 32, 33, 34, 35, 36, 37, 38, 39, 40, 41, 42, 43, 44, 45])İSTANBUL SEFAKÖY FORTİS MAĞAZASI           =koordinat:41.006229,28.808459
KÜÇÜKÇEKMECE->dict_values([1, 2, 3, 4, 5, 6, 7, 8, 9, 10, 11, 12, 13, 14, 15, 16, 17, 18, 19, 20, 21, 22, 23, 24, 25, 26, 27, 28, 29, 30, 31, 32, 33, 34, 35, 36, 37, 38, 39, 40, 41, 42, 43, 44, 45])İSTANBUL KÜÇÜKÇEKMECE BALIKÇIN MAĞAZASI    =koordinat:41.0130355,28.7802273
KÜÇÜKÇEKMECE->dict_values([1, 2, 3, 4, 5, 6, 7, 8, 9, 10, 11, 12, 13, 14, 15, 16, 17, 18, 19, 20, 21, 22, 23, 24, 25, 26, 27, 28, 29, 30, 31, 32, 33, 34, 35, 36, 37, 38, 39, 40, 41, 42, 43, 44, 45])ŞOK MİNİ HELVACI YENİ MAĞAZASI             =koordinat:41.028699,28.793265
KÜÇÜKÇEKMECE->dict_values([1, 2, 3, 4, 5, 6, 7, 8, 9, 10, 11, 12, 13, 14, 15, 16, 17, 18, 19, 20, 21, 22, 23, 24, 25, 26, 27, 28, 29, 30, 31, 32, 33, 34, 35, 36, 37, 38, 39, 40, 41, 42, 43, 44, 45])ŞOK MİNİ REYHAN MAĞAZASI                   =koordinat:40.992636,28.786505
KÜÇÜKÇEKMECE->dict_values([1, 2, 3, 4, 5, 6, 7, 8, 9, 10, 11, 12, 13, 14, 15, 16, 17, 18, 19, 20, 21, 22, 23, 24, 25, 26, 27, 28, 29, 30, 31, 32, 33, 34, 35, 36, 37, 38, 39, 40, 41, 42, 43, 44, 45])ŞOK MİNİ-KOSOVA MAĞAZASI                   =koordinat:41.012718,28.783072
KÜÇÜKÇEKMECE->dict_values([1, 2, 3, 4, 5, 6, 7, 8, 9, 10, 11, 12, 13, 14, 15, 16, 17, 18, 19, 20, 21, 22, 23, 24, 25, 26, 27, 28, 29, 30, 31, 32, 33, 34, 35, 36, 37, 38, 39, 40, 41, 42, 43, 44, 45])ŞOK MİNİ-MAHSUROGLU MAĞAZASI               =koordinat:40.99868,28.788469
KÜÇÜKÇEKMECE->dict_values([1, 2, 3, 4, 5, 6, 7, 8, 9, 10, 11, 12, 13, 14, 15, 16, 17, 18, 19, 20, 21, 22, 23, 24, 25, 26, 27, 28, 29, 30, 31, 32, 33, 34, 35, 36, 37, 38, 39, 40, 41, 42, 43, 44, 45])ŞOK MİNİ-BEŞALA MAĞAZASI                   =koordinat:40.994753,28.792739
KÜÇÜKÇEKMECE->dict_values([1, 2, 3, 4, 5, 6, 7, 8, 9, 10, 11, 12, 13, 14, 15, 16, 17, 18, 19, 20, 21, 22, 23, 24, 25, 26, 27, 28, 29, 30, 31, 32, 33, 34, 35, 36, 37, 38, 39, 40, 41, 42, 43, 44, 45])İSTANBUL K.ÇEKMECE DİVRİĞİ KUŞU MAĞAZASI   =koordinat:41.014132,28.786232
KÜÇÜKÇEKMECE->dict_values([1, 2, 3, 4, 5, 6, 7, 8, 9, 10, 11, 12, 13, 14, 15, 16, 17, 18, 19, 20, 21, 22, 23, 24, 25, 26, 27, 28, 29, 30, 31, 32, 33, 34, 35, 36, 37, 38, 39, 40, 41, 42, 43, 44, 45])İSTANBUL ŞEHİT ŞENOL ERGİN MAĞAZASI        =koordinat:40.995794,28.779698
KÜÇÜKÇEKMECE->dict_values([1, 2, 3, 4, 5, 6, 7, 8, 9, 10, 11, 12, 13, 14, 15, 16, 17, 18, 19, 20, 21, 22, 23, 24, 25, 26, 27, 28, 29, 30, 31, 32, 33, 34, 35, 36, 37, 38, 39, 40, 41, 42, 43, 44, 45])İSTANBUL CENNET MAĞAZASI                   =koordinat:40.988955,28.78054
KÜÇÜKÇEKMECE->dict_values([1, 2, 3, 4, 5, 6, 7, 8, 9, 10, 11, 12, 13, 14, 15, 16, 17, 18, 19, 20, 21, 22, 23, 24, 25, 26, 27, 28, 29, 30, 31, 32, 33, 34, 35, 36, 37, 38, 39, 40, 41, 42, 43, 44, 45])ŞOK MİNİ-SEREF MAĞAZASI                    =koordinat:41.008206,28.789536
KÜÇÜKÇEKMECE->dict_values([1, 2, 3, 4, 5, 6, 7, 8, 9, 10, 11, 12, 13, 14, 15, 16, 17, 18, 19, 20, 21, 22, 23, 24, 25, 26, 27, 28, 29, 30, 31, 32, 33, 34, 35, 36, 37, 38, 39, 40, 41, 42, 43, 44, 45])ŞOK MİNİ-AĞRI CADDESİ MAĞAZASI             =koordinat:41.007919,28.801247
KÜÇÜKÇEKMECE->dict_values([1, 2, 3, 4, 5, 6, 7, 8, 9, 10, 11, 12, 13, 14, 15, 16, 17, 18, 19, 20, 21, 22, 23, 24, 25, 26, 27, 28, 29, 30, 31, 32, 33, 34, 35, 36, 37, 38, 39, 40, 41, 42, 43, 44, 45])İSTANBUL KARADUT MAĞAZASI                  =koordinat:41.0348375,28.796641
KÜÇÜKÇEKMECE->dict_values([1, 2, 3, 4, 5, 6, 7, 8, 9, 10, 11, 12, 13, 14, 15, 16, 17, 18, 19, 20, 21, 22, 23, 24, 25, 26, 27, 28, 29, 30, 31, 32, 33, 34, 35, 36, 37, 38, 39, 40, 41, 42, 43, 44, 45])İSTANBUL HALKALI AKDAĞ MAĞAZASI            =koordinat:41.034918,28.764269
KÜÇÜKÇEKMECE->dict_values([1, 2, 3, 4, 5, 6, 7, 8, 9, 10, 11, 12, 13, 14, 15, 16, 17, 18, 19, 20, 21, 22, 23, 24, 25, 26, 27, 28, 29, 30, 31, 32, 33, 34, 35, 36, 37, 38, 39, 40, 41, 42, 43, 44, 45])ŞOK MİNİ-ATATÜRK YENİ MAĞAZASI             =koordinat:41.017287,28.787561
KÜÇÜKÇEKMECE->dict_values([1, 2, 3, 4, 5, 6, 7, 8, 9, 10, 11, 12, 13, 14, 15, 16, 17, 18, 19, 20, 21, 22, 23, 24, 25, 26, 27, 28, 29, 30, 31, 32, 33, 34, 35, 36, 37, 38, 39, 40, 41, 42, 43, 44, 45])İSTANBUL HALKALI BATI MAĞAZASI             =koordinat:41.042806,28.783917
KÜÇÜKÇEKMECE->dict_values([1, 2, 3, 4, 5, 6, 7, 8, 9, 10, 11, 12, 13, 14, 15, 16, 17, 18, 19, 20, 21, 22, 23, 24, 25, 26, 27, 28, 29, 30, 31, 32, 33, 34, 35, 36, 37, 38, 39, 40, 41, 42, 43, 44, 45])İSTANBUL HALKALI EKİNEVLER MAĞAZASI        =koordinat:41.032988,28.798987
KÜÇÜKÇEKMECE->dict_values([1, 2, 3, 4, 5, 6, 7, 8, 9, 10, 11, 12, 13, 14, 15, 16, 17, 18, 19, 20, 21, 22, 23, 24, 25, 26, 27, 28, 29, 30, 31, 32, 33, 34, 35, 36, 37, 38, 39, 40, 41, 42, 43, 44, 45])İSTANBUL KÜÇÜKÇEKMECE FINDIK MAĞAZASI      =koordinat:41.001371,28.78326
KÜÇÜKÇEKMECE->dict_values([1, 2, 3, 4, 5, 6, 7, 8, 9, 10, 11, 12, 13, 14, 15, 16, 17, 18, 19, 20, 21, 22, 23, 24, 25, 26, 27, 28, 29, 30, 31, 32, 33, 34, 35, 36, 37, 38, 39, 40, 41, 42, 43, 44, 45])İSTANBUL SEFAKÖY YAYLA MAĞAZASI            =koordinat:41.009034,28.800195
KÜÇÜKÇEKMECE->dict_values([1, 2, 3, 4, 5, 6, 7, 8, 9, 10, 11, 12, 13, 14, 15, 16, 17, 18, 19, 20, 21, 22, 23, 24, 25, 26, 27, 28, 29, 30, 31, 32, 33, 34, 35, 36, 37, 38, 39, 40, 41, 42, 43, 44, 45])ŞOK MİNİ- MERİÇ MAĞAZASI                   =koordinat:40.998344,28.789128
KÜÇÜKÇEKMECE->dict_values([1, 2, 3, 4, 5, 6, 7, 8, 9, 10, 11, 12, 13, 14, 15, 16, 17, 18, 19, 20, 21, 22, 23, 24, 25, 26, 27, 28, 29, 30, 31, 32, 33, 34, 35, 36, 37, 38, 39, 40, 41, 42, 43, 44, 45])İSTANBUL KÜÇÜKÇEKMECE DOSTLUK              =koordinat:41.054842,28.799677
KÜÇÜKÇEKMECE->dict_values([1, 2, 3, 4, 5, 6, 7, 8, 9, 10, 11, 12, 13, 14, 15, 16, 17, 18, 19, 20, 21, 22, 23, 24, 25, 26, 27, 28, 29, 30, 31, 32, 33, 34, 35, 36, 37, 38, 39, 40, 41, 42, 43, 44, 45])KÜÇÜKÇEKMECE BEGONYA MAĞAZASI              =koordinat:40.994828,28.773735
KÜÇÜKÇEKMECE->dict_values([1, 2, 3, 4, 5, 6, 7, 8, 9, 10, 11, 12, 13, 14, 15, 16, 17, 18, 19, 20, 21, 22, 23, 24, 25, 26, 27, 28, 29, 30, 31, 32, 33, 34, 35, 36, 37, 38, 39, 40, 41, 42, 43, 44, 45])KÜÇÜKÇEKMECE ŞİRİN MAĞAZASI                =koordinat:41.037159,28.803563
KÜÇÜKÇEKMECE->dict_values([1, 2, 3, 4, 5, 6, 7, 8, 9, 10, 11, 12, 13, 14, 15, 16, 17, 18, 19, 20, 21, 22, 23, 24, 25, 26, 27, 28, 29, 30, 31, 32, 33, 34, 35, 36, 37, 38, 39, 40, 41, 42, 43, 44, 45])ŞOK-MİNİ CENGİZ TOPEL MAĞAZASI             =koordinat:40.9962,28.7886
KÜÇÜKÇEKMECE->dict_values([1, 2, 3, 4, 5, 6, 7, 8, 9, 10, 11, 12, 13, 14, 15, 16, 17, 18, 19, 20, 21, 22, 23, 24, 25, 26, 27, 28, 29, 30, 31, 32, 33, 34, 35, 36, 37, 38, 39, 40, 41, 42, 43, 44, 45])ŞOK MİNİ-BAGLAR MAĞAZASI                   =koordinat:40.9935584,28.7910138
KÜÇÜKÇEKMECE->dict_values([1, 2, 3, 4, 5, 6, 7, 8, 9, 10, 11, 12, 13, 14, 15, 16, 17, 18, 19, 20, 21, 22, 23, 24, 25, 26, 27, 28, 29, 30, 31, 32, 33, 34, 35, 36, 37, 38, 39, 40, 41, 42, 43, 44, 45])KÜÇÜKÇEKMECE YARIMBURGAZ MAĞAZASI          =koordinat:41.05689487,28.75293554
KÜÇÜKÇEKMECE->dict_values([1, 2, 3, 4, 5, 6, 7, 8, 9, 10, 11, 12, 13, 14, 15, 16, 17, 18, 19, 20, 21, 22, 23, 24, 25, 26, 27, 28, 29, 30, 31, 32, 33, 34, 35, 36, 37, 38, 39, 40, 41, 42, 43, 44, 45])KANARYA KAŞIKCIN MAĞAZASI                  =koordinat:41.01063303,28.78065124
KÜÇÜKÇEKMECE->dict_values([1, 2, 3, 4, 5, 6, 7, 8, 9, 10, 11, 12, 13, 14, 15, 16, 17, 18, 19, 20, 21, 22, 23, 24, 25, 26, 27, 28, 29, 30, 31, 32, 33, 34, 35, 36, 37, 38, 39, 40, 41, 42, 43, 44, 45])KÜÇÜKÇEKMECE BEŞYOL MAĞAZASI               =koordinat:40.994842,28.796077
KÜÇÜKÇEKMECE->dict_values([1, 2, 3, 4, 5, 6, 7, 8, 9, 10, 11, 12, 13, 14, 15, 16, 17, 18, 19, 20, 21, 22, 23, 24, 25, 26, 27, 28, 29, 30, 31, 32, 33, 34, 35, 36, 37, 38, 39, 40, 41, 42, 43, 44, 45])KÜÇÜKÇEKMECE GÖZDE MAĞAZASI                =koordinat:41.01082328,28.80172335
KÜÇÜKÇEKMECE->dict_values([1, 2, 3, 4, 5, 6, 7, 8, 9, 10, 11, 12, 13, 14, 15, 16, 17, 18, 19, 20, 21, 22, 23, 24, 25, 26, 27, 28, 29, 30, 31, 32, 33, 34, 35, 36, 37, 38, 39, 40, 41, 42, 43, 44, 45])ŞOK MİNİ-FİLAMEN MAĞAZASI                  =koordinat:41.015113,28.762323
KÜÇÜKÇEKMECE->dict_values([1, 2, 3, 4, 5, 6, 7, 8, 9, 10, 11, 12, 13, 14, 15, 16, 17, 18, 19, 20, 21, 22, 23, 24, 25, 26, 27, 28, 29, 30, 31, 32, 33, 34, 35, 36, 37, 38, 39, 40, 41, 42, 43, 44, 45])KÜÇÜKÇEKMECE MAVİKUŞ MAĞAZASI              =koordinat:41.010399,28.782631
KÜÇÜKÇEKMECE->dict_values([1, 2, 3, 4, 5, 6, 7, 8, 9, 10, 11, 12, 13, 14, 15, 16, 17, 18, 19, 20, 21, 22, 23, 24, 25, 26, 27, 28, 29, 30, 31, 32, 33, 34, 35, 36, 37, 38, 39, 40, 41, 42, 43, 44, 45])KANARYA GELİNCİK MAĞAZASI                  =koordinat:41.0065,28.7881
KÜÇÜKÇEKMECE->dict_values([1, 2, 3, 4, 5, 6, 7, 8, 9, 10, 11, 12, 13, 14, 15, 16, 17, 18, 19, 20, 21, 22, 23, 24, 25, 26, 27, 28, 29, 30, 31, 32, 33, 34, 35, 36, 37, 38, 39, 40, 41, 42, 43, 44, 45])HALKALI HURMA SOK. MAĞAZASI                =koordinat:41.0328,28.7987
KÜÇÜKÇEKMECE->dict_values([1, 2, 3, 4, 5, 6, 7, 8, 9, 10, 11, 12, 13, 14, 15, 16, 17, 18, 19, 20, 21, 22, 23, 24, 25, 26, 27, 28, 29, 30, 31, 32, 33, 34, 35, 36, 37, 38, 39, 40, 41, 42, 43, 44, 45])KÜÇÜKÇEKMECE ÇINAR MAĞAZASI                =koordinat:40.999285,28.770717
KÜÇÜKÇEKMECE->dict_values([1, 2, 3, 4, 5, 6, 7, 8, 9, 10, 11, 12, 13, 14, 15, 16, 17, 18, 19, 20, 21, 22, 23, 24, 25, 26, 27, 28, 29, 30, 31, 32, 33, 34, 35, 36, 37, 38, 39, 40, 41, 42, 43, 44, 45])ŞOK MİNİ-KÜÇÜKÇEKMECE SULTAN ERTUĞRUL MAĞAZASI=koordinat:41.0533,28.8058
KÜÇÜKÇEKMECE->dict_values([1, 2, 3, 4, 5, 6, 7, 8, 9, 10, 11, 12, 13, 14, 15, 16, 17, 18, 19, 20, 21, 22, 23, 24, 25, 26, 27, 28, 29, 30, 31, 32, 33, 34, 35, 36, 37, 38, 39, 40, 41, 42, 43, 44, 45])ŞOK MİNİ-KÜÇÜKÇEKMECE ARIKUŞU MAĞAZASI     =koordinat:41.0066,28.7756
KÜÇÜKÇEKMECE->dict_values([1, 2, 3, 4, 5, 6, 7, 8, 9, 10, 11, 12, 13, 14, 15, 16, 17, 18, 19, 20, 21, 22, 23, 24, 25, 26, 27, 28, 29, 30, 31, 32, 33, 34, 35, 36, 37, 38, 39, 40, 41, 42, 43, 44, 45])KANARYA TAVUSKUŞU MAĞAZASI                 =koordinat:41.011727,28.7811065
KÜÇÜKÇEKMECE->dict_values([1, 2, 3, 4, 5, 6, 7, 8, 9, 10, 11, 12, 13, 14, 15, 16, 17, 18, 19, 20, 21, 22, 23, 24, 25, 26, 27, 28, 29, 30, 31, 32, 33, 34, 35, 36, 37, 38, 39, 40, 41, 42, 43, 44, 45])K.ÇEKMECE ORHANGAZİ SOK. MAĞAZASI          =koordinat:40.9931,28.7782
KÜÇÜKÇEKMECE->dict_values([1, 2, 3, 4, 5, 6, 7, 8, 9, 10, 11, 12, 13, 14, 15, 16, 17, 18, 19, 20, 21, 22, 23, 24, 25, 26, 27, 28, 29, 30, 31, 32, 33, 34, 35, 36, 37, 38, 39, 40, 41, 42, 43, 44, 45])KÜÇÜKÇEKMECE TORKAM MAĞAZASI               =koordinat:41.0002,28.7982
KÜÇÜKÇEKMECE->dict_values([1, 2, 3, 4, 5, 6, 7, 8, 9, 10, 11, 12, 13, 14, 15, 16, 17, 18, 19, 20, 21, 22, 23, 24, 25, 26, 27, 28, 29, 30, 31, 32, 33, 34, 35, 36, 37, 38, 39, 40, 41, 42, 43, 44, 45])KÜÇÜKÇEKMECE TEMA EVLERİ MAĞAZASI          =koordinat:41.0557,28.7617
KÜÇÜKÇEKMECE->dict_values([1, 2, 3, 4, 5, 6, 7, 8, 9, 10, 11, 12, 13, 14, 15, 16, 17, 18, 19, 20, 21, 22, 23, 24, 25, 26, 27, 28, 29, 30, 31, 32, 33, 34, 35, 36, 37, 38, 39, 40, 41, 42, 43, 44, 45])ŞOK MİNİ-TAMER YENİ MAĞAZASI               =koordinat:41.004796,29
KÜÇÜKÇEKMECE->dict_values([1, 2, 3, 4, 5, 6, 7, 8, 9, 10, 11, 12, 13, 14, 15, 16, 17, 18, 19, 20, 21, 22, 23, 24, 25, 26, 27, 28, 29, 30, 31, 32, 33, 34, 35, 36, 37, 38, 39, 40, 41, 42, 43, 44, 45])ŞOK MİNİ-KÜÇÜKÇEKMECE FİDAN MAĞAZASI       =koordinat:41.0161,28.785
KÜÇÜKÇEKMECE->dict_values([1, 2, 3, 4, 5, 6, 7, 8, 9, 10, 11, 12, 13, 14, 15, 16, 17, 18, 19, 20, 21, 22, 23, 24, 25, 26, 27, 28, 29, 30, 31, 32, 33, 34, 35, 36, 37, 38, 39, 40, 41, 42, 43, 44, 45])HALKALI KOCAALİ MAĞAZASI                   =koordinat:41.037906,28.78705
KÜÇÜKÇEKMECE->dict_values([1, 2, 3, 4, 5, 6, 7, 8, 9, 10, 11, 12, 13, 14, 15, 16, 17, 18, 19, 20, 21, 22, 23, 24, 25, 26, 27, 28, 29, 30, 31, 32, 33, 34, 35, 36, 37, 38, 39, 40, 41, 42, 43, 44, 45])KÜÇÜKÇEKMECE AZİZ SANCAR MAĞAZASI          =koordinat:40.997378,28.765205
KÜÇÜKÇEKMECE->dict_values([1, 2, 3, 4, 5, 6, 7, 8, 9, 10, 11, 12, 13, 14, 15, 16, 17, 18, 19, 20, 21, 22, 23, 24, 25, 26, 27, 28, 29, 30, 31, 32, 33, 34, 35, 36, 37, 38, 39, 40, 41, 42, 43, 44, 45])KÜÇÜKÇEKMECE NİVO EVLERİ MAĞAZASI          =koordinat:41.026471,28.805191
KÜÇÜKÇEKMECE->dict_values([1, 2, 3, 4, 5, 6, 7, 8, 9, 10, 11, 12, 13, 14, 15, 16, 17, 18, 19, 20, 21, 22, 23, 24, 25, 26, 27, 28, 29, 30, 31, 32, 33, 34, 35, 36, 37, 38, 39, 40, 41, 42, 43, 44, 45])ŞOK MİNİ LEYLAK MAĞAZASI                   =koordinat:41.021575,29.069224
KÜÇÜKÇEKMECE->dict_values([1, 2, 3, 4, 5, 6, 7, 8, 9, 10, 11, 12, 13, 14, 15, 16, 17, 18, 19, 20, 21, 22, 23, 24, 25, 26, 27, 28, 29, 30, 31, 32, 33, 34, 35, 36, 37, 38, 39, 40, 41, 42, 43, 44, 45])HALKALI ZEYNEBİYE MAĞAZASI                 =koordinat:41.032773,28.803172
KÜÇÜKÇEKMECE->dict_values([1, 2, 3, 4, 5, 6, 7, 8, 9, 10, 11, 12, 13, 14, 15, 16, 17, 18, 19, 20, 21, 22, 23, 24, 25, 26, 27, 28, 29, 30, 31, 32, 33, 34, 35, 36, 37, 38, 39, 40, 41, 42, 43, 44, 45])HALKALI HEKİM MAĞAZASI                     =koordinat:41.036508,28.800498
KÜÇÜKÇEKMECE->dict_values([1, 2, 3, 4, 5, 6, 7, 8, 9, 10, 11, 12, 13, 14, 15, 16, 17, 18, 19, 20, 21, 22, 23, 24, 25, 26, 27, 28, 29, 30, 31, 32, 33, 34, 35, 36, 37, 38, 39, 40, 41, 42, 43, 44, 45])KÜÇÜKÇEKMECE GÜLAY MAĞAZASI                =koordinat:41.05021,28.797978
KÜÇÜKÇEKMECE->dict_values([1, 2, 3, 4, 5, 6, 7, 8, 9, 10, 11, 12, 13, 14, 15, 16, 17, 18, 19, 20, 21, 22, 23, 24, 25, 26, 27, 28, 29, 30, 31, 32, 33, 34, 35, 36, 37, 38, 39, 40, 41, 42, 43, 44, 45])KÜÇÜKÇEKMECE SÜLÜN MAĞAZASI                =koordinat:41.058383,28.807813
KÜÇÜKÇEKMECE->dict_values([1, 2, 3, 4, 5, 6, 7, 8, 9, 10, 11, 12, 13, 14, 15, 16, 17, 18, 19, 20, 21, 22, 23, 24, 25, 26, 27, 28, 29, 30, 31, 32, 33, 34, 35, 36, 37, 38, 39, 40, 41, 42, 43, 44, 45])KÜÇÜKÇEKMECE AKBABA MAĞAZASI               =koordinat:41.014074,28.782941
KÜÇÜKÇEKMECE->dict_values([1, 2, 3, 4, 5, 6, 7, 8, 9, 10, 11, 12, 13, 14, 15, 16, 17, 18, 19, 20, 21, 22, 23, 24, 25, 26, 27, 28, 29, 30, 31, 32, 33, 34, 35, 36, 37, 38, 39, 40, 41, 42, 43, 44, 45])HALKALI KIRMIZIGÜL MAĞAZASI                =koordinat:41.034954,28.800585
KÜÇÜKÇEKMECE->dict_values([1, 2, 3, 4, 5, 6, 7, 8, 9, 10, 11, 12, 13, 14, 15, 16, 17, 18, 19, 20, 21, 22, 23, 24, 25, 26, 27, 28, 29, 30, 31, 32, 33, 34, 35, 36, 37, 38, 39, 40, 41, 42, 43, 44, 45])KÜÇÜKÇEKMECE EMRAH MAĞAZASI                =koordinat:41.016347,28.797796
KÜÇÜKÇEKMECE->dict_values([1, 2, 3, 4, 5, 6, 7, 8, 9, 10, 11, 12, 13, 14, 15, 16, 17, 18, 19, 20, 21, 22, 23, 24, 25, 26, 27, 28, 29, 30, 31, 32, 33, 34, 35, 36, 37, 38, 39, 40, 41, 42, 43, 44, 45])KÜÇÜKÇEKMECE MUAMMER AKSOY MAĞAZASI        =koordinat:41.019489,28.805578
KÜÇÜKÇEKMECE->dict_values([1, 2, 3, 4, 5, 6, 7, 8, 9, 10, 11, 12, 13, 14, 15, 16, 17, 18, 19, 20, 21, 22, 23, 24, 25, 26, 27, 28, 29, 30, 31, 32, 33, 34, 35, 36, 37, 38, 39, 40, 41, 42, 43, 44, 45])ŞOK MİNİ-AKYEL MAĞAZASI                    =koordinat:41.055937,28.807431
KÜÇÜKÇEKMECE->dict_values([1, 2, 3, 4, 5, 6, 7, 8, 9, 10, 11, 12, 13, 14, 15, 16, 17, 18, 19, 20, 21, 22, 23, 24, 25, 26, 27, 28, 29, 30, 31, 32, 33, 34, 35, 36, 37, 38, 39, 40, 41, 42, 43, 44, 45])ŞOK MİNİ ATAKENT MAĞAZASI                  =koordinat:41.048732,28.7916
KÜÇÜKÇEKMECE->dict_values([1, 2, 3, 4, 5, 6, 7, 8, 9, 10, 11, 12, 13, 14, 15, 16, 17, 18, 19, 20, 21, 22, 23, 24, 25, 26, 27, 28, 29, 30, 31, 32, 33, 34, 35, 36, 37, 38, 39, 40, 41, 42, 43, 44, 45])İSTANBUL SEFAKÖY KARTAL MAĞAZASI           =koordinat:41.003824,28.800553
KÜÇÜKÇEKMECE->dict_values([1, 2, 3, 4, 5, 6, 7, 8, 9, 10, 11, 12, 13, 14, 15, 16, 17, 18, 19, 20, 21, 22, 23, 24, 25, 26, 27, 28, 29, 30, 31, 32, 33, 34, 35, 36, 37, 38, 39, 40, 41, 42, 43, 44, 45])HALKALI MEYDAN MAĞAZASI                    =koordinat:41.0356594,28.79158679
KÜÇÜKÇEKMECE->dict_values([1, 2, 3, 4, 5, 6, 7, 8, 9, 10, 11, 12, 13, 14, 15, 16, 17, 18, 19, 20, 21, 22, 23, 24, 25, 26, 27, 28, 29, 30, 31, 32, 33, 34, 35, 36, 37, 38, 39, 40, 41, 42, 43, 44, 45])KÜÇÜKÇEKMECE AŞIK NEDİM MAĞAZASI           =koordinat:40.996615,28.783079
KÜÇÜKÇEKMECE->dict_values([1, 2, 3, 4, 5, 6, 7, 8, 9, 10, 11, 12, 13, 14, 15, 16, 17, 18, 19, 20, 21, 22, 23, 24, 25, 26, 27, 28, 29, 30, 31, 32, 33, 34, 35, 36, 37, 38, 39, 40, 41, 42, 43, 44, 45])KÜÇÜKÇEKMECE YENİMEKTEP MAĞAZASI           =koordinat:41.02819604,28.7754127
KÜÇÜKÇEKMECE->dict_values([1, 2, 3, 4, 5, 6, 7, 8, 9, 10, 11, 12, 13, 14, 15, 16, 17, 18, 19, 20, 21, 22, 23, 24, 25, 26, 27, 28, 29, 30, 31, 32, 33, 34, 35, 36, 37, 38, 39, 40, 41, 42, 43, 44, 45])ŞOK MİNİ-KÜÇÜKÇEKMECE SELÇUKBEY MAĞAZASI   =koordinat:41.0546,28.7974
KÜÇÜKÇEKMECE->dict_values([1, 2, 3, 4, 5, 6, 7, 8, 9, 10, 11, 12, 13, 14, 15, 16, 17, 18, 19, 20, 21, 22, 23, 24, 25, 26, 27, 28, 29, 30, 31, 32, 33, 34, 35, 36, 37, 38, 39, 40, 41, 42, 43, 44, 45])KÜÇÜKÇEKMECE DİLEK MAĞAZASI                =koordinat:41.04895774,28.80351037
KÜÇÜKÇEKMECE->dict_values([1, 2, 3, 4, 5, 6, 7, 8, 9, 10, 11, 12, 13, 14, 15, 16, 17, 18, 19, 20, 21, 22, 23, 24, 25, 26, 27, 28, 29, 30, 31, 32, 33, 34, 35, 36, 37, 38, 39, 40, 41, 42, 43, 44, 45])KÜÇÜKÇEKMECE YİĞİTALP MAĞAZASI             =koordinat:40.99332138,28.78308257
KÜÇÜKÇEKMECE->dict_values([1, 2, 3, 4, 5, 6, 7, 8, 9, 10, 11, 12, 13, 14, 15, 16, 17, 18, 19, 20, 21, 22, 23, 24, 25, 26, 27, 28, 29, 30, 31, 32, 33, 34, 35, 36, 37, 38, 39, 40, 41, 42, 43, 44, 45])KÜÇÜKÇEKMECE HAKAN MAĞAZASI                =koordinat:41.026622,28.797929
KÜÇÜKÇEKMECE->dict_values([1, 2, 3, 4, 5, 6, 7, 8, 9, 10, 11, 12, 13, 14, 15, 16, 17, 18, 19, 20, 21, 22, 23, 24, 25, 26, 27, 28, 29, 30, 31, 32, 33, 34, 35, 36, 37, 38, 39, 40, 41, 42, 43, 44, 45])İSTANBUL KANARYA MAĞAZASI                  =koordinat:41.009874,28.774661
MALTEPE->dict_values([1, 2, 3, 4, 5, 6, 7, 8, 9, 10, 11, 12, 13, 14, 15, 16, 17, 18, 19, 20, 21, 22, 23, 24, 25, 26, 27, 28, 29, 30, 31, 32, 33, 34, 35, 36, 37, 38, 39, 40, 41, 42, 43, 44, 45])İSTANBUL KÜÇÜKYALI KILAVUZ ÇAYIRI MAĞAZA   =koordinat:40.9522,29.1087
MALTEPE->dict_values([1, 2, 3, 4, 5, 6, 7, 8, 9, 10, 11, 12, 13, 14, 15, 16, 17, 18, 19, 20, 21, 22, 23, 24, 25, 26, 27, 28, 29, 30, 31, 32, 33, 34, 35, 36, 37, 38, 39, 40, 41, 42, 43, 44, 45])İSTANBUL ALTINTEPE MAĞAZASI                =koordinat:40.954432,29.102952
MALTEPE->dict_values([1, 2, 3, 4, 5, 6, 7, 8, 9, 10, 11, 12, 13, 14, 15, 16, 17, 18, 19, 20, 21, 22, 23, 24, 25, 26, 27, 28, 29, 30, 31, 32, 33, 34, 35, 36, 37, 38, 39, 40, 41, 42, 43, 44, 45])İSTANBUL MALTEPE KAMPÜS MAĞAZASI           =koordinat:40.957266,29.182407
MALTEPE->dict_values([1, 2, 3, 4, 5, 6, 7, 8, 9, 10, 11, 12, 13, 14, 15, 16, 17, 18, 19, 20, 21, 22, 23, 24, 25, 26, 27, 28, 29, 30, 31, 32, 33, 34, 35, 36, 37, 38, 39, 40, 41, 42, 43, 44, 45])İSTANBUL İÇERENKÖY FINDIKLI MAĞAZASI       =koordinat:40.969017,29.131451
MALTEPE->dict_values([1, 2, 3, 4, 5, 6, 7, 8, 9, 10, 11, 12, 13, 14, 15, 16, 17, 18, 19, 20, 21, 22, 23, 24, 25, 26, 27, 28, 29, 30, 31, 32, 33, 34, 35, 36, 37, 38, 39, 40, 41, 42, 43, 44, 45])İSTANBUL BAŞIBÜYÜK CADDE MAĞAZASI          =koordinat:40.941294,29.140884
MALTEPE->dict_values([1, 2, 3, 4, 5, 6, 7, 8, 9, 10, 11, 12, 13, 14, 15, 16, 17, 18, 19, 20, 21, 22, 23, 24, 25, 26, 27, 28, 29, 30, 31, 32, 33, 34, 35, 36, 37, 38, 39, 40, 41, 42, 43, 44, 45])İSTANBUL MALTEPE HUKUKÇULAR MAĞAZASI       =koordinat:40.9425,29.1514
MALTEPE->dict_values([1, 2, 3, 4, 5, 6, 7, 8, 9, 10, 11, 12, 13, 14, 15, 16, 17, 18, 19, 20, 21, 22, 23, 24, 25, 26, 27, 28, 29, 30, 31, 32, 33, 34, 35, 36, 37, 38, 39, 40, 41, 42, 43, 44, 45])İSTANBUL MALTEPE TALATPAŞA MAĞAZASI        =koordinat:40.918979,29.151567
MALTEPE->dict_values([1, 2, 3, 4, 5, 6, 7, 8, 9, 10, 11, 12, 13, 14, 15, 16, 17, 18, 19, 20, 21, 22, 23, 24, 25, 26, 27, 28, 29, 30, 31, 32, 33, 34, 35, 36, 37, 38, 39, 40, 41, 42, 43, 44, 45])İSTANBUL KARAYOLLARI 50.YIL PARKI MAĞAZASI =koordinat:40.943885,29.119676
MALTEPE->dict_values([1, 2, 3, 4, 5, 6, 7, 8, 9, 10, 11, 12, 13, 14, 15, 16, 17, 18, 19, 20, 21, 22, 23, 24, 25, 26, 27, 28, 29, 30, 31, 32, 33, 34, 35, 36, 37, 38, 39, 40, 41, 42, 43, 44, 45])İSTANBUL TEYFİK SAĞLAM MALTEPE MAĞAZASI    =koordinat:40.9529,29.1044
MALTEPE->dict_values([1, 2, 3, 4, 5, 6, 7, 8, 9, 10, 11, 12, 13, 14, 15, 16, 17, 18, 19, 20, 21, 22, 23, 24, 25, 26, 27, 28, 29, 30, 31, 32, 33, 34, 35, 36, 37, 38, 39, 40, 41, 42, 43, 44, 45])İSTANBUL MEKTEP CD.MALTEPE MAĞAZASI        =koordinat:40.950224,29.111736
MALTEPE->dict_values([1, 2, 3, 4, 5, 6, 7, 8, 9, 10, 11, 12, 13, 14, 15, 16, 17, 18, 19, 20, 21, 22, 23, 24, 25, 26, 27, 28, 29, 30, 31, 32, 33, 34, 35, 36, 37, 38, 39, 40, 41, 42, 43, 44, 45])İSTANBUL ALTAY MALTEPE MAĞAZASI            =koordinat:40.9305,29.1346
MALTEPE->dict_values([1, 2, 3, 4, 5, 6, 7, 8, 9, 10, 11, 12, 13, 14, 15, 16, 17, 18, 19, 20, 21, 22, 23, 24, 25, 26, 27, 28, 29, 30, 31, 32, 33, 34, 35, 36, 37, 38, 39, 40, 41, 42, 43, 44, 45])İSTANBUL BAĞDATTEPE ALTINTEPE MAĞAZASI     =koordinat:40.952625,29.100873
MALTEPE->dict_values([1, 2, 3, 4, 5, 6, 7, 8, 9, 10, 11, 12, 13, 14, 15, 16, 17, 18, 19, 20, 21, 22, 23, 24, 25, 26, 27, 28, 29, 30, 31, 32, 33, 34, 35, 36, 37, 38, 39, 40, 41, 42, 43, 44, 45])İSTANBUL MALTEPE YALI MAĞAZASI             =koordinat:40.919563,29.13195
MALTEPE->dict_values([1, 2, 3, 4, 5, 6, 7, 8, 9, 10, 11, 12, 13, 14, 15, 16, 17, 18, 19, 20, 21, 22, 23, 24, 25, 26, 27, 28, 29, 30, 31, 32, 33, 34, 35, 36, 37, 38, 39, 40, 41, 42, 43, 44, 45])İSTANBUL ŞEHİT RIZA ESENKENT MAĞAZASI      =koordinat:40.922364,29.164678
MALTEPE->dict_values([1, 2, 3, 4, 5, 6, 7, 8, 9, 10, 11, 12, 13, 14, 15, 16, 17, 18, 19, 20, 21, 22, 23, 24, 25, 26, 27, 28, 29, 30, 31, 32, 33, 34, 35, 36, 37, 38, 39, 40, 41, 42, 43, 44, 45])İSTANBUL İNCEYOL SK.ALTINTEPE MAĞAZASI     =koordinat:40.954373,29.11327
MALTEPE->dict_values([1, 2, 3, 4, 5, 6, 7, 8, 9, 10, 11, 12, 13, 14, 15, 16, 17, 18, 19, 20, 21, 22, 23, 24, 25, 26, 27, 28, 29, 30, 31, 32, 33, 34, 35, 36, 37, 38, 39, 40, 41, 42, 43, 44, 45])İSTANBUL GALİPBEY CD.ALTINTEPE MAĞAZASI    =koordinat:40.9558,29.1072
MALTEPE->dict_values([1, 2, 3, 4, 5, 6, 7, 8, 9, 10, 11, 12, 13, 14, 15, 16, 17, 18, 19, 20, 21, 22, 23, 24, 25, 26, 27, 28, 29, 30, 31, 32, 33, 34, 35, 36, 37, 38, 39, 40, 41, 42, 43, 44, 45])İSTANBUL MALTEPE HANCIOĞLU                 =koordinat:40.969015,29.125662
MALTEPE->dict_values([1, 2, 3, 4, 5, 6, 7, 8, 9, 10, 11, 12, 13, 14, 15, 16, 17, 18, 19, 20, 21, 22, 23, 24, 25, 26, 27, 28, 29, 30, 31, 32, 33, 34, 35, 36, 37, 38, 39, 40, 41, 42, 43, 44, 45])İSTANBUL GİRNE MAHALLESİ ELİF SOKAK MAĞAZASI=koordinat:40.938609,29.137679
MALTEPE->dict_values([1, 2, 3, 4, 5, 6, 7, 8, 9, 10, 11, 12, 13, 14, 15, 16, 17, 18, 19, 20, 21, 22, 23, 24, 25, 26, 27, 28, 29, 30, 31, 32, 33, 34, 35, 36, 37, 38, 39, 40, 41, 42, 43, 44, 45])İSTANBUL SÜMEN SK.İDEALTEPE MAĞAZASI       =koordinat:40.9403,29.1174
MALTEPE->dict_values([1, 2, 3, 4, 5, 6, 7, 8, 9, 10, 11, 12, 13, 14, 15, 16, 17, 18, 19, 20, 21, 22, 23, 24, 25, 26, 27, 28, 29, 30, 31, 32, 33, 34, 35, 36, 37, 38, 39, 40, 41, 42, 43, 44, 45])İSTANBUL MALTEPE KRİZANTEM MAĞAZASI        =koordinat:40.924927,29.128913
MALTEPE->dict_values([1, 2, 3, 4, 5, 6, 7, 8, 9, 10, 11, 12, 13, 14, 15, 16, 17, 18, 19, 20, 21, 22, 23, 24, 25, 26, 27, 28, 29, 30, 31, 32, 33, 34, 35, 36, 37, 38, 39, 40, 41, 42, 43, 44, 45])İSTANBUL KÜÇÜKYALI ALTMIŞÜÇ MAĞAZASI       =koordinat:40.9505,29.1033
MALTEPE->dict_values([1, 2, 3, 4, 5, 6, 7, 8, 9, 10, 11, 12, 13, 14, 15, 16, 17, 18, 19, 20, 21, 22, 23, 24, 25, 26, 27, 28, 29, 30, 31, 32, 33, 34, 35, 36, 37, 38, 39, 40, 41, 42, 43, 44, 45])İSTANBUL KÜÇÜKYALI ADİLE HANIM MAĞAZASI    =koordinat:40.949228,29.115328
MALTEPE->dict_values([1, 2, 3, 4, 5, 6, 7, 8, 9, 10, 11, 12, 13, 14, 15, 16, 17, 18, 19, 20, 21, 22, 23, 24, 25, 26, 27, 28, 29, 30, 31, 32, 33, 34, 35, 36, 37, 38, 39, 40, 41, 42, 43, 44, 45])İSTANBUL ZÜMRÜTEVLER ERTUĞRUL SOKAK MAĞAZASI=koordinat:40.934783,29.148015
MALTEPE->dict_values([1, 2, 3, 4, 5, 6, 7, 8, 9, 10, 11, 12, 13, 14, 15, 16, 17, 18, 19, 20, 21, 22, 23, 24, 25, 26, 27, 28, 29, 30, 31, 32, 33, 34, 35, 36, 37, 38, 39, 40, 41, 42, 43, 44, 45])İSTANBUL MALTEPE İKİNCİ İLKOKUL CADDESİ MAĞAZASI=koordinat:40.922114,29.132175
MALTEPE->dict_values([1, 2, 3, 4, 5, 6, 7, 8, 9, 10, 11, 12, 13, 14, 15, 16, 17, 18, 19, 20, 21, 22, 23, 24, 25, 26, 27, 28, 29, 30, 31, 32, 33, 34, 35, 36, 37, 38, 39, 40, 41, 42, 43, 44, 45])İSTANBUL ZÜMRÜTEVLER TÜLİN CADDE MAĞAZASI  =koordinat:40.93834,29.151363
MALTEPE->dict_values([1, 2, 3, 4, 5, 6, 7, 8, 9, 10, 11, 12, 13, 14, 15, 16, 17, 18, 19, 20, 21, 22, 23, 24, 25, 26, 27, 28, 29, 30, 31, 32, 33, 34, 35, 36, 37, 38, 39, 40, 41, 42, 43, 44, 45])İSTANBUL GÜLYOLU SK.MALTEPE MAĞAZASI       =koordinat:40.92515,29.141007
MALTEPE->dict_values([1, 2, 3, 4, 5, 6, 7, 8, 9, 10, 11, 12, 13, 14, 15, 16, 17, 18, 19, 20, 21, 22, 23, 24, 25, 26, 27, 28, 29, 30, 31, 32, 33, 34, 35, 36, 37, 38, 39, 40, 41, 42, 43, 44, 45])İSTANBUL FINDIKLI ÇINAR CADDESİ MAĞAZASI   =koordinat:40.969513,29.139731
MALTEPE->dict_values([1, 2, 3, 4, 5, 6, 7, 8, 9, 10, 11, 12, 13, 14, 15, 16, 17, 18, 19, 20, 21, 22, 23, 24, 25, 26, 27, 28, 29, 30, 31, 32, 33, 34, 35, 36, 37, 38, 39, 40, 41, 42, 43, 44, 45])İSTANBUL MALTEPE TEKEL BLOKLARI MAĞAZASI   =koordinat:40.9323,29.1346
MALTEPE->dict_values([1, 2, 3, 4, 5, 6, 7, 8, 9, 10, 11, 12, 13, 14, 15, 16, 17, 18, 19, 20, 21, 22, 23, 24, 25, 26, 27, 28, 29, 30, 31, 32, 33, 34, 35, 36, 37, 38, 39, 40, 41, 42, 43, 44, 45])İSTANBUL ZÜMRÜTEVLER KALEYURT MAĞAZASI     =koordinat:40.947481,29.153527
MALTEPE->dict_values([1, 2, 3, 4, 5, 6, 7, 8, 9, 10, 11, 12, 13, 14, 15, 16, 17, 18, 19, 20, 21, 22, 23, 24, 25, 26, 27, 28, 29, 30, 31, 32, 33, 34, 35, 36, 37, 38, 39, 40, 41, 42, 43, 44, 45])İSTANBUL MALTEPE YAVUZ SOKAK MAĞAZASI      =koordinat:40.920337,29.144376
MALTEPE->dict_values([1, 2, 3, 4, 5, 6, 7, 8, 9, 10, 11, 12, 13, 14, 15, 16, 17, 18, 19, 20, 21, 22, 23, 24, 25, 26, 27, 28, 29, 30, 31, 32, 33, 34, 35, 36, 37, 38, 39, 40, 41, 42, 43, 44, 45])İSTANBUL ZÜMRÜT EVLER FİLİZ SOKAK MAĞAZASI =koordinat:40.939085,29.14518
MALTEPE->dict_values([1, 2, 3, 4, 5, 6, 7, 8, 9, 10, 11, 12, 13, 14, 15, 16, 17, 18, 19, 20, 21, 22, 23, 24, 25, 26, 27, 28, 29, 30, 31, 32, 33, 34, 35, 36, 37, 38, 39, 40, 41, 42, 43, 44, 45])MALTEPE TUGAY YOLU EMİR MAĞAZASI           =koordinat:40.921788,29.156384
MALTEPE->dict_values([1, 2, 3, 4, 5, 6, 7, 8, 9, 10, 11, 12, 13, 14, 15, 16, 17, 18, 19, 20, 21, 22, 23, 24, 25, 26, 27, 28, 29, 30, 31, 32, 33, 34, 35, 36, 37, 38, 39, 40, 41, 42, 43, 44, 45])İSTANBUL MALTEPE ÇIRAK SOKAK MAĞAZASI      =koordinat:40.924575,29.146624
MALTEPE->dict_values([1, 2, 3, 4, 5, 6, 7, 8, 9, 10, 11, 12, 13, 14, 15, 16, 17, 18, 19, 20, 21, 22, 23, 24, 25, 26, 27, 28, 29, 30, 31, 32, 33, 34, 35, 36, 37, 38, 39, 40, 41, 42, 43, 44, 45])MALTEPE EMEK CADDE MAĞAZASI                =koordinat:40.935509,29.153118
MALTEPE->dict_values([1, 2, 3, 4, 5, 6, 7, 8, 9, 10, 11, 12, 13, 14, 15, 16, 17, 18, 19, 20, 21, 22, 23, 24, 25, 26, 27, 28, 29, 30, 31, 32, 33, 34, 35, 36, 37, 38, 39, 40, 41, 42, 43, 44, 45])İSTANBUL MALTEPE ADALI SOKAK MAĞAZASI      =koordinat:40.927525,29.130649
MALTEPE->dict_values([1, 2, 3, 4, 5, 6, 7, 8, 9, 10, 11, 12, 13, 14, 15, 16, 17, 18, 19, 20, 21, 22, 23, 24, 25, 26, 27, 28, 29, 30, 31, 32, 33, 34, 35, 36, 37, 38, 39, 40, 41, 42, 43, 44, 45])ŞOK MİNİ-ZÜMRÜTEVLER MAĞAZASI              =koordinat:40.934956,29.150556
MALTEPE->dict_values([1, 2, 3, 4, 5, 6, 7, 8, 9, 10, 11, 12, 13, 14, 15, 16, 17, 18, 19, 20, 21, 22, 23, 24, 25, 26, 27, 28, 29, 30, 31, 32, 33, 34, 35, 36, 37, 38, 39, 40, 41, 42, 43, 44, 45])ŞOK-MALTEPE PALMİYE                        =koordinat:40.971696,29.130434
MALTEPE->dict_values([1, 2, 3, 4, 5, 6, 7, 8, 9, 10, 11, 12, 13, 14, 15, 16, 17, 18, 19, 20, 21, 22, 23, 24, 25, 26, 27, 28, 29, 30, 31, 32, 33, 34, 35, 36, 37, 38, 39, 40, 41, 42, 43, 44, 45])MALTEPE ŞEHİT HİKMET ALP CADDESİ MAĞAZASI  =koordinat:40.93508,29.123195
MALTEPE->dict_values([1, 2, 3, 4, 5, 6, 7, 8, 9, 10, 11, 12, 13, 14, 15, 16, 17, 18, 19, 20, 21, 22, 23, 24, 25, 26, 27, 28, 29, 30, 31, 32, 33, 34, 35, 36, 37, 38, 39, 40, 41, 42, 43, 44, 45])ŞOK-KÜÇÜKYALI POYRAZ                       =koordinat:40.947057,29.130981
MALTEPE->dict_values([1, 2, 3, 4, 5, 6, 7, 8, 9, 10, 11, 12, 13, 14, 15, 16, 17, 18, 19, 20, 21, 22, 23, 24, 25, 26, 27, 28, 29, 30, 31, 32, 33, 34, 35, 36, 37, 38, 39, 40, 41, 42, 43, 44, 45])BAŞIBÜYÜK YILDIZ                           =koordinat:40.960081,29.147933
MALTEPE->dict_values([1, 2, 3, 4, 5, 6, 7, 8, 9, 10, 11, 12, 13, 14, 15, 16, 17, 18, 19, 20, 21, 22, 23, 24, 25, 26, 27, 28, 29, 30, 31, 32, 33, 34, 35, 36, 37, 38, 39, 40, 41, 42, 43, 44, 45])ŞOK MİNİ-YILMAZ2 MAĞAZASI                  =koordinat:40.934174,29.168966
MALTEPE->dict_values([1, 2, 3, 4, 5, 6, 7, 8, 9, 10, 11, 12, 13, 14, 15, 16, 17, 18, 19, 20, 21, 22, 23, 24, 25, 26, 27, 28, 29, 30, 31, 32, 33, 34, 35, 36, 37, 38, 39, 40, 41, 42, 43, 44, 45])İSTANBUL MALTEPE KADİR HAS CAD MAĞAZASI    =koordinat:40.942517,29.115368
MALTEPE->dict_values([1, 2, 3, 4, 5, 6, 7, 8, 9, 10, 11, 12, 13, 14, 15, 16, 17, 18, 19, 20, 21, 22, 23, 24, 25, 26, 27, 28, 29, 30, 31, 32, 33, 34, 35, 36, 37, 38, 39, 40, 41, 42, 43, 44, 45])ŞOK MİNİ-ALTINTEPE MAĞAZASI                =koordinat:40.957645,29.107759
MALTEPE->dict_values([1, 2, 3, 4, 5, 6, 7, 8, 9, 10, 11, 12, 13, 14, 15, 16, 17, 18, 19, 20, 21, 22, 23, 24, 25, 26, 27, 28, 29, 30, 31, 32, 33, 34, 35, 36, 37, 38, 39, 40, 41, 42, 43, 44, 45])İSTANBUL MALTEPE BAĞLARBAŞI İNÖNÜ CAD MAĞAZASI=koordinat:40.925991,29.139763
MALTEPE->dict_values([1, 2, 3, 4, 5, 6, 7, 8, 9, 10, 11, 12, 13, 14, 15, 16, 17, 18, 19, 20, 21, 22, 23, 24, 25, 26, 27, 28, 29, 30, 31, 32, 33, 34, 35, 36, 37, 38, 39, 40, 41, 42, 43, 44, 45])İSTANBUL ZÜMRÜTEVLER KARACA CAD MAĞAZASI   =koordinat:40.942848,29.150395
MALTEPE->dict_values([1, 2, 3, 4, 5, 6, 7, 8, 9, 10, 11, 12, 13, 14, 15, 16, 17, 18, 19, 20, 21, 22, 23, 24, 25, 26, 27, 28, 29, 30, 31, 32, 33, 34, 35, 36, 37, 38, 39, 40, 41, 42, 43, 44, 45])İSTANBUL CEVİZLİ ONAT SOKAK MAĞAZASI       =koordinat:40.912124,29.172923
MALTEPE->dict_values([1, 2, 3, 4, 5, 6, 7, 8, 9, 10, 11, 12, 13, 14, 15, 16, 17, 18, 19, 20, 21, 22, 23, 24, 25, 26, 27, 28, 29, 30, 31, 32, 33, 34, 35, 36, 37, 38, 39, 40, 41, 42, 43, 44, 45])İSTANBUL ALTINTEPE CİHADİYE CAD MAĞAZASI   =koordinat:40.957238,29.109693
MALTEPE->dict_values([1, 2, 3, 4, 5, 6, 7, 8, 9, 10, 11, 12, 13, 14, 15, 16, 17, 18, 19, 20, 21, 22, 23, 24, 25, 26, 27, 28, 29, 30, 31, 32, 33, 34, 35, 36, 37, 38, 39, 40, 41, 42, 43, 44, 45])İSTANBUL FINDIKLI ATAMAN CAD MAĞAZASI      =koordinat:40.970866,29.136222
MALTEPE->dict_values([1, 2, 3, 4, 5, 6, 7, 8, 9, 10, 11, 12, 13, 14, 15, 16, 17, 18, 19, 20, 21, 22, 23, 24, 25, 26, 27, 28, 29, 30, 31, 32, 33, 34, 35, 36, 37, 38, 39, 40, 41, 42, 43, 44, 45])ŞOKMİNİ-GALİPBEY MAĞAZASI                  =koordinat:40.954007,29.104269
MALTEPE->dict_values([1, 2, 3, 4, 5, 6, 7, 8, 9, 10, 11, 12, 13, 14, 15, 16, 17, 18, 19, 20, 21, 22, 23, 24, 25, 26, 27, 28, 29, 30, 31, 32, 33, 34, 35, 36, 37, 38, 39, 40, 41, 42, 43, 44, 45])ŞOKMİNİ-SERİN MAĞAZASI                     =koordinat:40.970518,29.133765
MALTEPE->dict_values([1, 2, 3, 4, 5, 6, 7, 8, 9, 10, 11, 12, 13, 14, 15, 16, 17, 18, 19, 20, 21, 22, 23, 24, 25, 26, 27, 28, 29, 30, 31, 32, 33, 34, 35, 36, 37, 38, 39, 40, 41, 42, 43, 44, 45])İSTANBUL MALTEPE ZÜMRÜTEVLER GİRNE CADDESİ MAĞAZASI=koordinat:40.944169,29.13438
MALTEPE->dict_values([1, 2, 3, 4, 5, 6, 7, 8, 9, 10, 11, 12, 13, 14, 15, 16, 17, 18, 19, 20, 21, 22, 23, 24, 25, 26, 27, 28, 29, 30, 31, 32, 33, 34, 35, 36, 37, 38, 39, 40, 41, 42, 43, 44, 45])ŞOKMİNİ-YEŞİM MAĞAZASI                     =koordinat:40.972946,29.139556
MALTEPE->dict_values([1, 2, 3, 4, 5, 6, 7, 8, 9, 10, 11, 12, 13, 14, 15, 16, 17, 18, 19, 20, 21, 22, 23, 24, 25, 26, 27, 28, 29, 30, 31, 32, 33, 34, 35, 36, 37, 38, 39, 40, 41, 42, 43, 44, 45])İSTANBUL KÜÇÜKYALI MUHSİNE ZEYNEP MAĞAZASI =koordinat:40.949185,29.109929
MALTEPE->dict_values([1, 2, 3, 4, 5, 6, 7, 8, 9, 10, 11, 12, 13, 14, 15, 16, 17, 18, 19, 20, 21, 22, 23, 24, 25, 26, 27, 28, 29, 30, 31, 32, 33, 34, 35, 36, 37, 38, 39, 40, 41, 42, 43, 44, 45])İSTANBUL KÜÇÜKYALI MAĞAZASI                =koordinat:40.946167,29.110685
MALTEPE->dict_values([1, 2, 3, 4, 5, 6, 7, 8, 9, 10, 11, 12, 13, 14, 15, 16, 17, 18, 19, 20, 21, 22, 23, 24, 25, 26, 27, 28, 29, 30, 31, 32, 33, 34, 35, 36, 37, 38, 39, 40, 41, 42, 43, 44, 45])İSTANBUL MALTEPE FEYZA SK. MAĞAZASI        =koordinat:40.92193,29.140176
MALTEPE->dict_values([1, 2, 3, 4, 5, 6, 7, 8, 9, 10, 11, 12, 13, 14, 15, 16, 17, 18, 19, 20, 21, 22, 23, 24, 25, 26, 27, 28, 29, 30, 31, 32, 33, 34, 35, 36, 37, 38, 39, 40, 41, 42, 43, 44, 45])İSTANBUL MALTEPE BAŞIBÜYÜK MERKEZ MAĞAZASI =koordinat:40.955568,29.144344
MALTEPE->dict_values([1, 2, 3, 4, 5, 6, 7, 8, 9, 10, 11, 12, 13, 14, 15, 16, 17, 18, 19, 20, 21, 22, 23, 24, 25, 26, 27, 28, 29, 30, 31, 32, 33, 34, 35, 36, 37, 38, 39, 40, 41, 42, 43, 44, 45])İSTANBUL MALTEPE SERAP CADDESİ MAĞAZASI    =koordinat:40.929089,29.124734
MALTEPE->dict_values([1, 2, 3, 4, 5, 6, 7, 8, 9, 10, 11, 12, 13, 14, 15, 16, 17, 18, 19, 20, 21, 22, 23, 24, 25, 26, 27, 28, 29, 30, 31, 32, 33, 34, 35, 36, 37, 38, 39, 40, 41, 42, 43, 44, 45])İSTANBUL BAĞLARBAŞI ALAÇAM MAĞAZASI        =koordinat:40.927363,29.142794
MALTEPE->dict_values([1, 2, 3, 4, 5, 6, 7, 8, 9, 10, 11, 12, 13, 14, 15, 16, 17, 18, 19, 20, 21, 22, 23, 24, 25, 26, 27, 28, 29, 30, 31, 32, 33, 34, 35, 36, 37, 38, 39, 40, 41, 42, 43, 44, 45])İSTANBUL DRAGOS MAĞAZASI                   =koordinat:40.917331,29.136045
MALTEPE->dict_values([1, 2, 3, 4, 5, 6, 7, 8, 9, 10, 11, 12, 13, 14, 15, 16, 17, 18, 19, 20, 21, 22, 23, 24, 25, 26, 27, 28, 29, 30, 31, 32, 33, 34, 35, 36, 37, 38, 39, 40, 41, 42, 43, 44, 45])İSTANBUL MALTEPE DS                        =koordinat:40.918139,29.142244
MALTEPE->dict_values([1, 2, 3, 4, 5, 6, 7, 8, 9, 10, 11, 12, 13, 14, 15, 16, 17, 18, 19, 20, 21, 22, 23, 24, 25, 26, 27, 28, 29, 30, 31, 32, 33, 34, 35, 36, 37, 38, 39, 40, 41, 42, 43, 44, 45])MALTEPE BELEDİYE MAĞAZASI                  =koordinat:40.93073,29.128201
MALTEPE->dict_values([1, 2, 3, 4, 5, 6, 7, 8, 9, 10, 11, 12, 13, 14, 15, 16, 17, 18, 19, 20, 21, 22, 23, 24, 25, 26, 27, 28, 29, 30, 31, 32, 33, 34, 35, 36, 37, 38, 39, 40, 41, 42, 43, 44, 45])MALTEPE DEVLET HASTANESİ MAĞAZASI          =koordinat:40.936401,29.134374
MALTEPE->dict_values([1, 2, 3, 4, 5, 6, 7, 8, 9, 10, 11, 12, 13, 14, 15, 16, 17, 18, 19, 20, 21, 22, 23, 24, 25, 26, 27, 28, 29, 30, 31, 32, 33, 34, 35, 36, 37, 38, 39, 40, 41, 42, 43, 44, 45])ZÜMRÜTEVLER HİSAR SOK. MAĞAZASI            =koordinat:40.9429,29.1473
MALTEPE->dict_values([1, 2, 3, 4, 5, 6, 7, 8, 9, 10, 11, 12, 13, 14, 15, 16, 17, 18, 19, 20, 21, 22, 23, 24, 25, 26, 27, 28, 29, 30, 31, 32, 33, 34, 35, 36, 37, 38, 39, 40, 41, 42, 43, 44, 45])ŞOK MİNİ-MALTEPE BAĞDAT CADDESİ MAĞAZASI   =koordinat:40.9196,29.1396
MALTEPE->dict_values([1, 2, 3, 4, 5, 6, 7, 8, 9, 10, 11, 12, 13, 14, 15, 16, 17, 18, 19, 20, 21, 22, 23, 24, 25, 26, 27, 28, 29, 30, 31, 32, 33, 34, 35, 36, 37, 38, 39, 40, 41, 42, 43, 44, 45])MALTEPE NİL CAD MAĞAZASI                   =koordinat:40.94162,29.153839
MALTEPE->dict_values([1, 2, 3, 4, 5, 6, 7, 8, 9, 10, 11, 12, 13, 14, 15, 16, 17, 18, 19, 20, 21, 22, 23, 24, 25, 26, 27, 28, 29, 30, 31, 32, 33, 34, 35, 36, 37, 38, 39, 40, 41, 42, 43, 44, 45])ŞOK MİNİ-BOZOKLAR MAĞAZASI                 =koordinat:40.965599,29.122764
MALTEPE->dict_values([1, 2, 3, 4, 5, 6, 7, 8, 9, 10, 11, 12, 13, 14, 15, 16, 17, 18, 19, 20, 21, 22, 23, 24, 25, 26, 27, 28, 29, 30, 31, 32, 33, 34, 35, 36, 37, 38, 39, 40, 41, 42, 43, 44, 45])MALTEPE TOROS CADDESİ MAĞAZASI             =koordinat:40.916699,29.145924
MALTEPE->dict_values([1, 2, 3, 4, 5, 6, 7, 8, 9, 10, 11, 12, 13, 14, 15, 16, 17, 18, 19, 20, 21, 22, 23, 24, 25, 26, 27, 28, 29, 30, 31, 32, 33, 34, 35, 36, 37, 38, 39, 40, 41, 42, 43, 44, 45])FINDIKLI GAZİ MUSTAFA KEMAL PAŞA CAD MAĞAZASI=koordinat:40.971273,29.128642
MALTEPE->dict_values([1, 2, 3, 4, 5, 6, 7, 8, 9, 10, 11, 12, 13, 14, 15, 16, 17, 18, 19, 20, 21, 22, 23, 24, 25, 26, 27, 28, 29, 30, 31, 32, 33, 34, 35, 36, 37, 38, 39, 40, 41, 42, 43, 44, 45])ŞOK MİNİ-DEREBAYINDIR MAĞAZASI             =koordinat:40.969299,29.136177
MALTEPE->dict_values([1, 2, 3, 4, 5, 6, 7, 8, 9, 10, 11, 12, 13, 14, 15, 16, 17, 18, 19, 20, 21, 22, 23, 24, 25, 26, 27, 28, 29, 30, 31, 32, 33, 34, 35, 36, 37, 38, 39, 40, 41, 42, 43, 44, 45])MALTEPE FINDIKLI PETROL SOK MAĞAZASI       =koordinat:40.970825,29.129452
MALTEPE->dict_values([1, 2, 3, 4, 5, 6, 7, 8, 9, 10, 11, 12, 13, 14, 15, 16, 17, 18, 19, 20, 21, 22, 23, 24, 25, 26, 27, 28, 29, 30, 31, 32, 33, 34, 35, 36, 37, 38, 39, 40, 41, 42, 43, 44, 45])ŞOK MİNİ-MALTEPE FATİH CADDESİ MAĞAZASI    =koordinat:40.22643,29.44102
MALTEPE->dict_values([1, 2, 3, 4, 5, 6, 7, 8, 9, 10, 11, 12, 13, 14, 15, 16, 17, 18, 19, 20, 21, 22, 23, 24, 25, 26, 27, 28, 29, 30, 31, 32, 33, 34, 35, 36, 37, 38, 39, 40, 41, 42, 43, 44, 45])MALTEPE SÜLÜN SOKAK MAĞAZASI               =koordinat:40.93259045,29.13853303
MALTEPE->dict_values([1, 2, 3, 4, 5, 6, 7, 8, 9, 10, 11, 12, 13, 14, 15, 16, 17, 18, 19, 20, 21, 22, 23, 24, 25, 26, 27, 28, 29, 30, 31, 32, 33, 34, 35, 36, 37, 38, 39, 40, 41, 42, 43, 44, 45])MALTEPE KOOPERATİF CAD MAĞAZASI            =koordinat:40.92910198,29.14034083
MALTEPE->dict_values([1, 2, 3, 4, 5, 6, 7, 8, 9, 10, 11, 12, 13, 14, 15, 16, 17, 18, 19, 20, 21, 22, 23, 24, 25, 26, 27, 28, 29, 30, 31, 32, 33, 34, 35, 36, 37, 38, 39, 40, 41, 42, 43, 44, 45])MALTEPE SADIK SOKAK MAĞAZASI               =koordinat:40.91968433,29.15049925
MALTEPE->dict_values([1, 2, 3, 4, 5, 6, 7, 8, 9, 10, 11, 12, 13, 14, 15, 16, 17, 18, 19, 20, 21, 22, 23, 24, 25, 26, 27, 28, 29, 30, 31, 32, 33, 34, 35, 36, 37, 38, 39, 40, 41, 42, 43, 44, 45])MALTEPE YEŞİLTEPE MAĞAZASI                 =koordinat:40.945867,29.119123
MALTEPE->dict_values([1, 2, 3, 4, 5, 6, 7, 8, 9, 10, 11, 12, 13, 14, 15, 16, 17, 18, 19, 20, 21, 22, 23, 24, 25, 26, 27, 28, 29, 30, 31, 32, 33, 34, 35, 36, 37, 38, 39, 40, 41, 42, 43, 44, 45])AYDINEVLER MAHALLESİ MAĞAZASI              =koordinat:40.95021,29.127709
MALTEPE->dict_values([1, 2, 3, 4, 5, 6, 7, 8, 9, 10, 11, 12, 13, 14, 15, 16, 17, 18, 19, 20, 21, 22, 23, 24, 25, 26, 27, 28, 29, 30, 31, 32, 33, 34, 35, 36, 37, 38, 39, 40, 41, 42, 43, 44, 45])KÜÇÜKYALI ORKİDE MAĞAZASI                  =koordinat:40.950721,29.110765
MALTEPE->dict_values([1, 2, 3, 4, 5, 6, 7, 8, 9, 10, 11, 12, 13, 14, 15, 16, 17, 18, 19, 20, 21, 22, 23, 24, 25, 26, 27, 28, 29, 30, 31, 32, 33, 34, 35, 36, 37, 38, 39, 40, 41, 42, 43, 44, 45])KÜÇÜKYALI RÜŞTÜ SARP CAD. MAĞAZASI         =koordinat:40.9502,29.1173
MALTEPE->dict_values([1, 2, 3, 4, 5, 6, 7, 8, 9, 10, 11, 12, 13, 14, 15, 16, 17, 18, 19, 20, 21, 22, 23, 24, 25, 26, 27, 28, 29, 30, 31, 32, 33, 34, 35, 36, 37, 38, 39, 40, 41, 42, 43, 44, 45])FINDIKLI MEYDAN MAĞAZASI                   =koordinat:40.96854041,29.12314653
MERKEZ->dict_values([1, 2, 3, 4, 5, 6, 7, 8, 9, 10, 11, 12, 13, 14, 15, 16, 17, 18, 19, 20, 21, 22, 23, 24, 25, 26, 27, 28, 29, 30, 31, 32, 33, 34, 35, 36, 37, 38, 39, 40, 41, 42, 43, 44, 45])BAYRAMPAŞA DM SATIŞ                        =koordinat:41.006886,29.233273
MERKEZ->dict_values([1, 2, 3, 4, 5, 6, 7, 8, 9, 10, 11, 12, 13, 14, 15, 16, 17, 18, 19, 20, 21, 22, 23, 24, 25, 26, 27, 28, 29, 30, 31, 32, 33, 34, 35, 36, 37, 38, 39, 40, 41, 42, 43, 44, 45])ŞEKERPINAR DM SATIŞ MAĞAZASI               =koordinat:41.006886,29.233273
PENDİK->dict_values([1, 2, 3, 4, 5, 6, 7, 8, 9, 10, 11, 12, 13, 14, 15, 16, 17, 18, 19, 20, 21, 22, 23, 24, 25, 26, 27, 28, 29, 30, 31, 32, 33, 34, 35, 36, 37, 38, 39, 40, 41, 42, 43, 44, 45])İSTANBUL GÜZELYALI SAHİL MAĞAZASI          =koordinat:40.859456,29.279557
PENDİK->dict_values([1, 2, 3, 4, 5, 6, 7, 8, 9, 10, 11, 12, 13, 14, 15, 16, 17, 18, 19, 20, 21, 22, 23, 24, 25, 26, 27, 28, 29, 30, 31, 32, 33, 34, 35, 36, 37, 38, 39, 40, 41, 42, 43, 44, 45])İSTANBUL PENDİK 2 MAĞAZASI                 =koordinat:40.875965,29.22874
PENDİK->dict_values([1, 2, 3, 4, 5, 6, 7, 8, 9, 10, 11, 12, 13, 14, 15, 16, 17, 18, 19, 20, 21, 22, 23, 24, 25, 26, 27, 28, 29, 30, 31, 32, 33, 34, 35, 36, 37, 38, 39, 40, 41, 42, 43, 44, 45])İSTANBUL KURTKÖY ŞEYHLİ MAĞAZASI           =koordinat:40.911694,29.283687
PENDİK->dict_values([1, 2, 3, 4, 5, 6, 7, 8, 9, 10, 11, 12, 13, 14, 15, 16, 17, 18, 19, 20, 21, 22, 23, 24, 25, 26, 27, 28, 29, 30, 31, 32, 33, 34, 35, 36, 37, 38, 39, 40, 41, 42, 43, 44, 45])İSTANBUL PENDİK KAYNARCA PAÇACI MAĞAZASI   =koordinat:40.873172,29.260545
PENDİK->dict_values([1, 2, 3, 4, 5, 6, 7, 8, 9, 10, 11, 12, 13, 14, 15, 16, 17, 18, 19, 20, 21, 22, 23, 24, 25, 26, 27, 28, 29, 30, 31, 32, 33, 34, 35, 36, 37, 38, 39, 40, 41, 42, 43, 44, 45])İSTANBUL ORHANGAZİ MAHALLESİ MAĞAZASI      =koordinat:40.866619,29.294835
PENDİK->dict_values([1, 2, 3, 4, 5, 6, 7, 8, 9, 10, 11, 12, 13, 14, 15, 16, 17, 18, 19, 20, 21, 22, 23, 24, 25, 26, 27, 28, 29, 30, 31, 32, 33, 34, 35, 36, 37, 38, 39, 40, 41, 42, 43, 44, 45])İSTANBUL TREND EXTRA MAĞAZASI              =koordinat:40.9382,29.2962
PENDİK->dict_values([1, 2, 3, 4, 5, 6, 7, 8, 9, 10, 11, 12, 13, 14, 15, 16, 17, 18, 19, 20, 21, 22, 23, 24, 25, 26, 27, 28, 29, 30, 31, 32, 33, 34, 35, 36, 37, 38, 39, 40, 41, 42, 43, 44, 45])İSTANBUL TOPSELVİ HUDUT CADDESİ MAĞAZASI   =koordinat:40.889963,29.218853
PENDİK->dict_values([1, 2, 3, 4, 5, 6, 7, 8, 9, 10, 11, 12, 13, 14, 15, 16, 17, 18, 19, 20, 21, 22, 23, 24, 25, 26, 27, 28, 29, 30, 31, 32, 33, 34, 35, 36, 37, 38, 39, 40, 41, 42, 43, 44, 45])İSTANBUL BATI MAHALLESİ PENDİK MAĞAZASI    =koordinat:40.87603,29.233018
PENDİK->dict_values([1, 2, 3, 4, 5, 6, 7, 8, 9, 10, 11, 12, 13, 14, 15, 16, 17, 18, 19, 20, 21, 22, 23, 24, 25, 26, 27, 28, 29, 30, 31, 32, 33, 34, 35, 36, 37, 38, 39, 40, 41, 42, 43, 44, 45])İSTANBUL PENDİK BATI MAĞAZASI              =koordinat:40.8823,29.231
PENDİK->dict_values([1, 2, 3, 4, 5, 6, 7, 8, 9, 10, 11, 12, 13, 14, 15, 16, 17, 18, 19, 20, 21, 22, 23, 24, 25, 26, 27, 28, 29, 30, 31, 32, 33, 34, 35, 36, 37, 38, 39, 40, 41, 42, 43, 44, 45])İSTANBUL PENDİK KARAKOL MAĞAZASI           =koordinat:40.864818,29.299142
PENDİK->dict_values([1, 2, 3, 4, 5, 6, 7, 8, 9, 10, 11, 12, 13, 14, 15, 16, 17, 18, 19, 20, 21, 22, 23, 24, 25, 26, 27, 28, 29, 30, 31, 32, 33, 34, 35, 36, 37, 38, 39, 40, 41, 42, 43, 44, 45])İSTANBUL ÇAMÇEŞME MAĞAZASI                 =koordinat:40.876565,29.273495
PENDİK->dict_values([1, 2, 3, 4, 5, 6, 7, 8, 9, 10, 11, 12, 13, 14, 15, 16, 17, 18, 19, 20, 21, 22, 23, 24, 25, 26, 27, 28, 29, 30, 31, 32, 33, 34, 35, 36, 37, 38, 39, 40, 41, 42, 43, 44, 45])İSTANBUL PENDİK EMEK MAĞAZASI              =koordinat:40.875933,29.24969
PENDİK->dict_values([1, 2, 3, 4, 5, 6, 7, 8, 9, 10, 11, 12, 13, 14, 15, 16, 17, 18, 19, 20, 21, 22, 23, 24, 25, 26, 27, 28, 29, 30, 31, 32, 33, 34, 35, 36, 37, 38, 39, 40, 41, 42, 43, 44, 45])İSTANBUL PENDİK FEVZİ ÇAKMAK MAĞAZASI      =koordinat:40.880317,29.266655
PENDİK->dict_values([1, 2, 3, 4, 5, 6, 7, 8, 9, 10, 11, 12, 13, 14, 15, 16, 17, 18, 19, 20, 21, 22, 23, 24, 25, 26, 27, 28, 29, 30, 31, 32, 33, 34, 35, 36, 37, 38, 39, 40, 41, 42, 43, 44, 45])İSTANBUL KURTKÖY UYDUKENT MAĞAZASI         =koordinat:40.93099,29.296883
PENDİK->dict_values([1, 2, 3, 4, 5, 6, 7, 8, 9, 10, 11, 12, 13, 14, 15, 16, 17, 18, 19, 20, 21, 22, 23, 24, 25, 26, 27, 28, 29, 30, 31, 32, 33, 34, 35, 36, 37, 38, 39, 40, 41, 42, 43, 44, 45])İSTANBUL PENDIK ELİT SİDE MAĞAZASI         =koordinat:40.878216,29.253612
PENDİK->dict_values([1, 2, 3, 4, 5, 6, 7, 8, 9, 10, 11, 12, 13, 14, 15, 16, 17, 18, 19, 20, 21, 22, 23, 24, 25, 26, 27, 28, 29, 30, 31, 32, 33, 34, 35, 36, 37, 38, 39, 40, 41, 42, 43, 44, 45])İSTANBUL PENDİK HÜRRİYET CADDESİ MAĞAZASI  =koordinat:40.867556,29.302002
PENDİK->dict_values([1, 2, 3, 4, 5, 6, 7, 8, 9, 10, 11, 12, 13, 14, 15, 16, 17, 18, 19, 20, 21, 22, 23, 24, 25, 26, 27, 28, 29, 30, 31, 32, 33, 34, 35, 36, 37, 38, 39, 40, 41, 42, 43, 44, 45])İSTANBUL PENDİK AYDINLIYOLU CADDESİ MAĞAZASI=koordinat:40.874847,29.256342
PENDİK->dict_values([1, 2, 3, 4, 5, 6, 7, 8, 9, 10, 11, 12, 13, 14, 15, 16, 17, 18, 19, 20, 21, 22, 23, 24, 25, 26, 27, 28, 29, 30, 31, 32, 33, 34, 35, 36, 37, 38, 39, 40, 41, 42, 43, 44, 45])İSTANBUL PENDİK SABRİ TAŞKIN CAD MAĞAZASI  =koordinat:40.877464,29.229896
PENDİK->dict_values([1, 2, 3, 4, 5, 6, 7, 8, 9, 10, 11, 12, 13, 14, 15, 16, 17, 18, 19, 20, 21, 22, 23, 24, 25, 26, 27, 28, 29, 30, 31, 32, 33, 34, 35, 36, 37, 38, 39, 40, 41, 42, 43, 44, 45])İSTANBUL PENDİK KAYNARCA KEMALPAŞA CADDESİ MAĞAZASI=koordinat:40.877614,29.270384
PENDİK->dict_values([1, 2, 3, 4, 5, 6, 7, 8, 9, 10, 11, 12, 13, 14, 15, 16, 17, 18, 19, 20, 21, 22, 23, 24, 25, 26, 27, 28, 29, 30, 31, 32, 33, 34, 35, 36, 37, 38, 39, 40, 41, 42, 43, 44, 45])İSTANBUL PENDİK FATİH MAHALLESİ MAĞAZASI   =koordinat:40.867852,29.298432
PENDİK->dict_values([1, 2, 3, 4, 5, 6, 7, 8, 9, 10, 11, 12, 13, 14, 15, 16, 17, 18, 19, 20, 21, 22, 23, 24, 25, 26, 27, 28, 29, 30, 31, 32, 33, 34, 35, 36, 37, 38, 39, 40, 41, 42, 43, 44, 45])İSTANBUL PENDİK ORHANGAZİ ALPARSLAN TÜRKEŞ MAĞAZASI=koordinat:40.869187,29.290347
PENDİK->dict_values([1, 2, 3, 4, 5, 6, 7, 8, 9, 10, 11, 12, 13, 14, 15, 16, 17, 18, 19, 20, 21, 22, 23, 24, 25, 26, 27, 28, 29, 30, 31, 32, 33, 34, 35, 36, 37, 38, 39, 40, 41, 42, 43, 44, 45])PENDİK KAYNARCA MALAZGİRT CADDESİ MAĞAZASI =koordinat:40.883477,29.268825
PENDİK->dict_values([1, 2, 3, 4, 5, 6, 7, 8, 9, 10, 11, 12, 13, 14, 15, 16, 17, 18, 19, 20, 21, 22, 23, 24, 25, 26, 27, 28, 29, 30, 31, 32, 33, 34, 35, 36, 37, 38, 39, 40, 41, 42, 43, 44, 45])ISTANBUL PENDIK SÜLÜNTEPE MAH              =koordinat:40.91107,29.27799
PENDİK->dict_values([1, 2, 3, 4, 5, 6, 7, 8, 9, 10, 11, 12, 13, 14, 15, 16, 17, 18, 19, 20, 21, 22, 23, 24, 25, 26, 27, 28, 29, 30, 31, 32, 33, 34, 35, 36, 37, 38, 39, 40, 41, 42, 43, 44, 45])İSTANBUL PENDİK KAVAKPINAR CEMİL MERİÇ MAĞAZASI=koordinat:40.876902,29.280395
PENDİK->dict_values([1, 2, 3, 4, 5, 6, 7, 8, 9, 10, 11, 12, 13, 14, 15, 16, 17, 18, 19, 20, 21, 22, 23, 24, 25, 26, 27, 28, 29, 30, 31, 32, 33, 34, 35, 36, 37, 38, 39, 40, 41, 42, 43, 44, 45])İSTANBUL PENDİK ÇINARDERE BÜLBÜL MAĞAZASI  =koordinat:40.891717,29.238591
PENDİK->dict_values([1, 2, 3, 4, 5, 6, 7, 8, 9, 10, 11, 12, 13, 14, 15, 16, 17, 18, 19, 20, 21, 22, 23, 24, 25, 26, 27, 28, 29, 30, 31, 32, 33, 34, 35, 36, 37, 38, 39, 40, 41, 42, 43, 44, 45])ŞOK MİNİ-LALE MAĞAZASI                     =koordinat:40.879617,29.270727
PENDİK->dict_values([1, 2, 3, 4, 5, 6, 7, 8, 9, 10, 11, 12, 13, 14, 15, 16, 17, 18, 19, 20, 21, 22, 23, 24, 25, 26, 27, 28, 29, 30, 31, 32, 33, 34, 35, 36, 37, 38, 39, 40, 41, 42, 43, 44, 45])İSTANBUL PENDİK GÜLLÜBAĞLAR TANDOĞAN MAĞAZASI=koordinat:40.893933,29.27588
PENDİK->dict_values([1, 2, 3, 4, 5, 6, 7, 8, 9, 10, 11, 12, 13, 14, 15, 16, 17, 18, 19, 20, 21, 22, 23, 24, 25, 26, 27, 28, 29, 30, 31, 32, 33, 34, 35, 36, 37, 38, 39, 40, 41, 42, 43, 44, 45])ŞOK MİNİ-BÜLBÜL 2 MAĞAZASI                 =koordinat:40.874665,29.268436
PENDİK->dict_values([1, 2, 3, 4, 5, 6, 7, 8, 9, 10, 11, 12, 13, 14, 15, 16, 17, 18, 19, 20, 21, 22, 23, 24, 25, 26, 27, 28, 29, 30, 31, 32, 33, 34, 35, 36, 37, 38, 39, 40, 41, 42, 43, 44, 45])KURTKÖY KAYIŞEHİR MAĞAZASI                 =koordinat:40.912025,29.305762
PENDİK->dict_values([1, 2, 3, 4, 5, 6, 7, 8, 9, 10, 11, 12, 13, 14, 15, 16, 17, 18, 19, 20, 21, 22, 23, 24, 25, 26, 27, 28, 29, 30, 31, 32, 33, 34, 35, 36, 37, 38, 39, 40, 41, 42, 43, 44, 45])İSTANBUL PENDİK ABDİ İPEKÇİ MAĞAZASI       =koordinat:40.884671,29.286517
PENDİK->dict_values([1, 2, 3, 4, 5, 6, 7, 8, 9, 10, 11, 12, 13, 14, 15, 16, 17, 18, 19, 20, 21, 22, 23, 24, 25, 26, 27, 28, 29, 30, 31, 32, 33, 34, 35, 36, 37, 38, 39, 40, 41, 42, 43, 44, 45])İSTANBUL KURTKÖY KANARYA MAĞAZASI          =koordinat:40.913723,29.304574
PENDİK->dict_values([1, 2, 3, 4, 5, 6, 7, 8, 9, 10, 11, 12, 13, 14, 15, 16, 17, 18, 19, 20, 21, 22, 23, 24, 25, 26, 27, 28, 29, 30, 31, 32, 33, 34, 35, 36, 37, 38, 39, 40, 41, 42, 43, 44, 45])İSTANBUL PENDİK HARMANDERE MAH MAĞAZASI    =koordinat:40.927933,29.323601
PENDİK->dict_values([1, 2, 3, 4, 5, 6, 7, 8, 9, 10, 11, 12, 13, 14, 15, 16, 17, 18, 19, 20, 21, 22, 23, 24, 25, 26, 27, 28, 29, 30, 31, 32, 33, 34, 35, 36, 37, 38, 39, 40, 41, 42, 43, 44, 45])İSTANBUL PENDİK TAŞLIBAYIR MAĞAZASI        =koordinat:40.888445,29.2424
PENDİK->dict_values([1, 2, 3, 4, 5, 6, 7, 8, 9, 10, 11, 12, 13, 14, 15, 16, 17, 18, 19, 20, 21, 22, 23, 24, 25, 26, 27, 28, 29, 30, 31, 32, 33, 34, 35, 36, 37, 38, 39, 40, 41, 42, 43, 44, 45])İSTANBUL PENDİK PLEVNE CAD MAĞAZASI        =koordinat:40.885657,29.230236
PENDİK->dict_values([1, 2, 3, 4, 5, 6, 7, 8, 9, 10, 11, 12, 13, 14, 15, 16, 17, 18, 19, 20, 21, 22, 23, 24, 25, 26, 27, 28, 29, 30, 31, 32, 33, 34, 35, 36, 37, 38, 39, 40, 41, 42, 43, 44, 45])İSTANBUL KURTKÖY FATİH SULTAN MEH MAĞAZASI =koordinat:40.908428,29.289143
PENDİK->dict_values([1, 2, 3, 4, 5, 6, 7, 8, 9, 10, 11, 12, 13, 14, 15, 16, 17, 18, 19, 20, 21, 22, 23, 24, 25, 26, 27, 28, 29, 30, 31, 32, 33, 34, 35, 36, 37, 38, 39, 40, 41, 42, 43, 44, 45])İSTANBUL PENDİK TÜRK SOKAK AHMET YESEVİ MAĞAZASI=koordinat:40.866769,29.306717
PENDİK->dict_values([1, 2, 3, 4, 5, 6, 7, 8, 9, 10, 11, 12, 13, 14, 15, 16, 17, 18, 19, 20, 21, 22, 23, 24, 25, 26, 27, 28, 29, 30, 31, 32, 33, 34, 35, 36, 37, 38, 39, 40, 41, 42, 43, 44, 45])ŞOK MİNİ-SPOR MAĞAZASI                     =koordinat:40.863639,29.279554
PENDİK->dict_values([1, 2, 3, 4, 5, 6, 7, 8, 9, 10, 11, 12, 13, 14, 15, 16, 17, 18, 19, 20, 21, 22, 23, 24, 25, 26, 27, 28, 29, 30, 31, 32, 33, 34, 35, 36, 37, 38, 39, 40, 41, 42, 43, 44, 45])ŞOK MİNİ-KURNA MAĞAZASI                    =koordinat:40.956883,29.333437
PENDİK->dict_values([1, 2, 3, 4, 5, 6, 7, 8, 9, 10, 11, 12, 13, 14, 15, 16, 17, 18, 19, 20, 21, 22, 23, 24, 25, 26, 27, 28, 29, 30, 31, 32, 33, 34, 35, 36, 37, 38, 39, 40, 41, 42, 43, 44, 45])İSTANBUL PENDİK ÇAMÇEŞME SELAMET MAĞAZASI  =koordinat:40.875123,29.276679
PENDİK->dict_values([1, 2, 3, 4, 5, 6, 7, 8, 9, 10, 11, 12, 13, 14, 15, 16, 17, 18, 19, 20, 21, 22, 23, 24, 25, 26, 27, 28, 29, 30, 31, 32, 33, 34, 35, 36, 37, 38, 39, 40, 41, 42, 43, 44, 45])İSTANBUL PENDİK KAYNARCA SAHİL BULV MAĞAZASI=koordinat:40.86931,29.265065
PENDİK->dict_values([1, 2, 3, 4, 5, 6, 7, 8, 9, 10, 11, 12, 13, 14, 15, 16, 17, 18, 19, 20, 21, 22, 23, 24, 25, 26, 27, 28, 29, 30, 31, 32, 33, 34, 35, 36, 37, 38, 39, 40, 41, 42, 43, 44, 45])İSTANBUL PENDİK MERKEZ MAĞAZASI            =koordinat:40.879498,29.234662
PENDİK->dict_values([1, 2, 3, 4, 5, 6, 7, 8, 9, 10, 11, 12, 13, 14, 15, 16, 17, 18, 19, 20, 21, 22, 23, 24, 25, 26, 27, 28, 29, 30, 31, 32, 33, 34, 35, 36, 37, 38, 39, 40, 41, 42, 43, 44, 45])İSTANBUL KURTKÖY YENİŞEHİR MAĞAZASI        =koordinat:40.928086,29.308127
PENDİK->dict_values([1, 2, 3, 4, 5, 6, 7, 8, 9, 10, 11, 12, 13, 14, 15, 16, 17, 18, 19, 20, 21, 22, 23, 24, 25, 26, 27, 28, 29, 30, 31, 32, 33, 34, 35, 36, 37, 38, 39, 40, 41, 42, 43, 44, 45])İSTANBUL PENDİK EKOL SOKAK MAĞAZASI        =koordinat:40.878561,29.242904
PENDİK->dict_values([1, 2, 3, 4, 5, 6, 7, 8, 9, 10, 11, 12, 13, 14, 15, 16, 17, 18, 19, 20, 21, 22, 23, 24, 25, 26, 27, 28, 29, 30, 31, 32, 33, 34, 35, 36, 37, 38, 39, 40, 41, 42, 43, 44, 45])İSTANBUL PENDİK VELİBABA MAĞAZASI          =koordinat:40.907705,29.256935
PENDİK->dict_values([1, 2, 3, 4, 5, 6, 7, 8, 9, 10, 11, 12, 13, 14, 15, 16, 17, 18, 19, 20, 21, 22, 23, 24, 25, 26, 27, 28, 29, 30, 31, 32, 33, 34, 35, 36, 37, 38, 39, 40, 41, 42, 43, 44, 45])İSTANBUL SAPANBAĞLARI MİTHATPAŞA MAĞAZASI  =koordinat:40.884484,29.224625
PENDİK->dict_values([1, 2, 3, 4, 5, 6, 7, 8, 9, 10, 11, 12, 13, 14, 15, 16, 17, 18, 19, 20, 21, 22, 23, 24, 25, 26, 27, 28, 29, 30, 31, 32, 33, 34, 35, 36, 37, 38, 39, 40, 41, 42, 43, 44, 45])İSTANBUL PENDİK SAPANBAĞLARI MAĞAZASI      =koordinat:40.885321,29.221935
PENDİK->dict_values([1, 2, 3, 4, 5, 6, 7, 8, 9, 10, 11, 12, 13, 14, 15, 16, 17, 18, 19, 20, 21, 22, 23, 24, 25, 26, 27, 28, 29, 30, 31, 32, 33, 34, 35, 36, 37, 38, 39, 40, 41, 42, 43, 44, 45])İSTANBUL KAYNARCA KAVAKPINAR MAĞAZASI      =koordinat:40.877034,29.286096
PENDİK->dict_values([1, 2, 3, 4, 5, 6, 7, 8, 9, 10, 11, 12, 13, 14, 15, 16, 17, 18, 19, 20, 21, 22, 23, 24, 25, 26, 27, 28, 29, 30, 31, 32, 33, 34, 35, 36, 37, 38, 39, 40, 41, 42, 43, 44, 45])ŞOK MİNİ-LALEGÜL MAĞAZASI                  =koordinat:40.895797,29.270456
PENDİK->dict_values([1, 2, 3, 4, 5, 6, 7, 8, 9, 10, 11, 12, 13, 14, 15, 16, 17, 18, 19, 20, 21, 22, 23, 24, 25, 26, 27, 28, 29, 30, 31, 32, 33, 34, 35, 36, 37, 38, 39, 40, 41, 42, 43, 44, 45])İSTANBUL PENDİK GÖZDAĞI MAĞAZASI           =koordinat:40.893896,29.254094
PENDİK->dict_values([1, 2, 3, 4, 5, 6, 7, 8, 9, 10, 11, 12, 13, 14, 15, 16, 17, 18, 19, 20, 21, 22, 23, 24, 25, 26, 27, 28, 29, 30, 31, 32, 33, 34, 35, 36, 37, 38, 39, 40, 41, 42, 43, 44, 45])İSTANBUL KURTKÖY SÜLEYMAN ÇELEBİ MAĞAZASI  =koordinat:40.908254,29.286466
PENDİK->dict_values([1, 2, 3, 4, 5, 6, 7, 8, 9, 10, 11, 12, 13, 14, 15, 16, 17, 18, 19, 20, 21, 22, 23, 24, 25, 26, 27, 28, 29, 30, 31, 32, 33, 34, 35, 36, 37, 38, 39, 40, 41, 42, 43, 44, 45])İSTANBUL PENDİK GÖZDAĞI AYDINLIK MAĞAZASI  =koordinat:40.895545,29.257348
PENDİK->dict_values([1, 2, 3, 4, 5, 6, 7, 8, 9, 10, 11, 12, 13, 14, 15, 16, 17, 18, 19, 20, 21, 22, 23, 24, 25, 26, 27, 28, 29, 30, 31, 32, 33, 34, 35, 36, 37, 38, 39, 40, 41, 42, 43, 44, 45])İSTANBUL PENDİK YESEVİ CADDE MAĞAZASI      =koordinat:40.871823,29.307597
PENDİK->dict_values([1, 2, 3, 4, 5, 6, 7, 8, 9, 10, 11, 12, 13, 14, 15, 16, 17, 18, 19, 20, 21, 22, 23, 24, 25, 26, 27, 28, 29, 30, 31, 32, 33, 34, 35, 36, 37, 38, 39, 40, 41, 42, 43, 44, 45])İSTANBUL GÜLLÜBAĞLAR KAVAKPINAR ASA SOK MAĞAZASI=koordinat:40.889706,29.278983
PENDİK->dict_values([1, 2, 3, 4, 5, 6, 7, 8, 9, 10, 11, 12, 13, 14, 15, 16, 17, 18, 19, 20, 21, 22, 23, 24, 25, 26, 27, 28, 29, 30, 31, 32, 33, 34, 35, 36, 37, 38, 39, 40, 41, 42, 43, 44, 45])İSTANBUL ESENYALI KAFİYE MAĞAZASI          =koordinat:40.863994,29.29303
PENDİK->dict_values([1, 2, 3, 4, 5, 6, 7, 8, 9, 10, 11, 12, 13, 14, 15, 16, 17, 18, 19, 20, 21, 22, 23, 24, 25, 26, 27, 28, 29, 30, 31, 32, 33, 34, 35, 36, 37, 38, 39, 40, 41, 42, 43, 44, 45])İSTANBUL ESENYALI ÖMER MUHTAR CAD MAĞAZASI =koordinat:40.864637,29.30764
PENDİK->dict_values([1, 2, 3, 4, 5, 6, 7, 8, 9, 10, 11, 12, 13, 14, 15, 16, 17, 18, 19, 20, 21, 22, 23, 24, 25, 26, 27, 28, 29, 30, 31, 32, 33, 34, 35, 36, 37, 38, 39, 40, 41, 42, 43, 44, 45])İSTANBUL İSTİKLAL CD.GÜZELYALI PEN MAĞAZASI=koordinat:40.863404,29.286772
PENDİK->dict_values([1, 2, 3, 4, 5, 6, 7, 8, 9, 10, 11, 12, 13, 14, 15, 16, 17, 18, 19, 20, 21, 22, 23, 24, 25, 26, 27, 28, 29, 30, 31, 32, 33, 34, 35, 36, 37, 38, 39, 40, 41, 42, 43, 44, 45])İSTANBUL PENDİK GÜZELYALI HEYKEL MAĞAZASI  =koordinat:40.860706,29.282641
PENDİK->dict_values([1, 2, 3, 4, 5, 6, 7, 8, 9, 10, 11, 12, 13, 14, 15, 16, 17, 18, 19, 20, 21, 22, 23, 24, 25, 26, 27, 28, 29, 30, 31, 32, 33, 34, 35, 36, 37, 38, 39, 40, 41, 42, 43, 44, 45])İSTANBUL PENDİK AHMET YESEVİ MAĞAZASI      =koordinat:40.86816,29.308023
PENDİK->dict_values([1, 2, 3, 4, 5, 6, 7, 8, 9, 10, 11, 12, 13, 14, 15, 16, 17, 18, 19, 20, 21, 22, 23, 24, 25, 26, 27, 28, 29, 30, 31, 32, 33, 34, 35, 36, 37, 38, 39, 40, 41, 42, 43, 44, 45])İSTANBUL KURTKÖY VAHDET SOKAK MAĞAZASI     =koordinat:40.914512,29.290296
PENDİK->dict_values([1, 2, 3, 4, 5, 6, 7, 8, 9, 10, 11, 12, 13, 14, 15, 16, 17, 18, 19, 20, 21, 22, 23, 24, 25, 26, 27, 28, 29, 30, 31, 32, 33, 34, 35, 36, 37, 38, 39, 40, 41, 42, 43, 44, 45])İSTANBUL KURTKÖY SELÇUKLU CADDESİ MAĞAZASI =koordinat:40.918845,29.291713
PENDİK->dict_values([1, 2, 3, 4, 5, 6, 7, 8, 9, 10, 11, 12, 13, 14, 15, 16, 17, 18, 19, 20, 21, 22, 23, 24, 25, 26, 27, 28, 29, 30, 31, 32, 33, 34, 35, 36, 37, 38, 39, 40, 41, 42, 43, 44, 45])İSTANBUL PENDİK ALTKAYNARCA MAĞAZASI       =koordinat:40.872503,29.265379
PENDİK->dict_values([1, 2, 3, 4, 5, 6, 7, 8, 9, 10, 11, 12, 13, 14, 15, 16, 17, 18, 19, 20, 21, 22, 23, 24, 25, 26, 27, 28, 29, 30, 31, 32, 33, 34, 35, 36, 37, 38, 39, 40, 41, 42, 43, 44, 45])İSTANBUL PENDİK RIFAT ILGAZ MAĞAZASI       =koordinat:40.883842,29.272623
PENDİK->dict_values([1, 2, 3, 4, 5, 6, 7, 8, 9, 10, 11, 12, 13, 14, 15, 16, 17, 18, 19, 20, 21, 22, 23, 24, 25, 26, 27, 28, 29, 30, 31, 32, 33, 34, 35, 36, 37, 38, 39, 40, 41, 42, 43, 44, 45])İSTANBUL PENDİK ŞEHİT FETHİ                =koordinat:40.886011,29.231918
PENDİK->dict_values([1, 2, 3, 4, 5, 6, 7, 8, 9, 10, 11, 12, 13, 14, 15, 16, 17, 18, 19, 20, 21, 22, 23, 24, 25, 26, 27, 28, 29, 30, 31, 32, 33, 34, 35, 36, 37, 38, 39, 40, 41, 42, 43, 44, 45])İSTANBUL PENDİK BAHÇELİEVLER ZÜMRÜT MAĞAZASI=koordinat:40.884042,29.236253
PENDİK->dict_values([1, 2, 3, 4, 5, 6, 7, 8, 9, 10, 11, 12, 13, 14, 15, 16, 17, 18, 19, 20, 21, 22, 23, 24, 25, 26, 27, 28, 29, 30, 31, 32, 33, 34, 35, 36, 37, 38, 39, 40, 41, 42, 43, 44, 45])İSTANBUL PENDİK OLİMPİYAT MAĞAZASI         =koordinat:40.906051,29.246182
PENDİK->dict_values([1, 2, 3, 4, 5, 6, 7, 8, 9, 10, 11, 12, 13, 14, 15, 16, 17, 18, 19, 20, 21, 22, 23, 24, 25, 26, 27, 28, 29, 30, 31, 32, 33, 34, 35, 36, 37, 38, 39, 40, 41, 42, 43, 44, 45])İSTANBUL KURTKÖY MEVLANA CADDESİ MAĞAZASI  =koordinat:40.908039,29.28211
PENDİK->dict_values([1, 2, 3, 4, 5, 6, 7, 8, 9, 10, 11, 12, 13, 14, 15, 16, 17, 18, 19, 20, 21, 22, 23, 24, 25, 26, 27, 28, 29, 30, 31, 32, 33, 34, 35, 36, 37, 38, 39, 40, 41, 42, 43, 44, 45])İSTANBUL ROYAL PARK MAĞAZASI               =koordinat:40.888351,29.266591
PENDİK->dict_values([1, 2, 3, 4, 5, 6, 7, 8, 9, 10, 11, 12, 13, 14, 15, 16, 17, 18, 19, 20, 21, 22, 23, 24, 25, 26, 27, 28, 29, 30, 31, 32, 33, 34, 35, 36, 37, 38, 39, 40, 41, 42, 43, 44, 45])İSTANBUL KURTKÖY YILDIRIM BEYAZIT MAĞAZASI =koordinat:40.912852,29.307744
PENDİK->dict_values([1, 2, 3, 4, 5, 6, 7, 8, 9, 10, 11, 12, 13, 14, 15, 16, 17, 18, 19, 20, 21, 22, 23, 24, 25, 26, 27, 28, 29, 30, 31, 32, 33, 34, 35, 36, 37, 38, 39, 40, 41, 42, 43, 44, 45])İSTANBUL GÜZELYALI BAYRAK MAĞAZASI         =koordinat:40.859566,29.284916
PENDİK->dict_values([1, 2, 3, 4, 5, 6, 7, 8, 9, 10, 11, 12, 13, 14, 15, 16, 17, 18, 19, 20, 21, 22, 23, 24, 25, 26, 27, 28, 29, 30, 31, 32, 33, 34, 35, 36, 37, 38, 39, 40, 41, 42, 43, 44, 45])İSTANBUL KAYNARCA KANUNİ SULTAN SÜLEYMAN MAĞAZASI=koordinat:40.870629,29.260325
PENDİK->dict_values([1, 2, 3, 4, 5, 6, 7, 8, 9, 10, 11, 12, 13, 14, 15, 16, 17, 18, 19, 20, 21, 22, 23, 24, 25, 26, 27, 28, 29, 30, 31, 32, 33, 34, 35, 36, 37, 38, 39, 40, 41, 42, 43, 44, 45])İSTANBUL PENDİK MARMARA MAĞAZASI           =koordinat:40.877967,29.266189
PENDİK->dict_values([1, 2, 3, 4, 5, 6, 7, 8, 9, 10, 11, 12, 13, 14, 15, 16, 17, 18, 19, 20, 21, 22, 23, 24, 25, 26, 27, 28, 29, 30, 31, 32, 33, 34, 35, 36, 37, 38, 39, 40, 41, 42, 43, 44, 45])PENDİK GEZİBOYU CADDESİ MAĞAZASI           =koordinat:40.87220883,29.2282033
PENDİK->dict_values([1, 2, 3, 4, 5, 6, 7, 8, 9, 10, 11, 12, 13, 14, 15, 16, 17, 18, 19, 20, 21, 22, 23, 24, 25, 26, 27, 28, 29, 30, 31, 32, 33, 34, 35, 36, 37, 38, 39, 40, 41, 42, 43, 44, 45])PENDİK SARI SALKIM SOKAK MAĞAZASI          =koordinat:40.897733,29.272654
PENDİK->dict_values([1, 2, 3, 4, 5, 6, 7, 8, 9, 10, 11, 12, 13, 14, 15, 16, 17, 18, 19, 20, 21, 22, 23, 24, 25, 26, 27, 28, 29, 30, 31, 32, 33, 34, 35, 36, 37, 38, 39, 40, 41, 42, 43, 44, 45])PENDİK BİLGE SOKAK MAĞAZASI                =koordinat:40.88374,29.242505
PENDİK->dict_values([1, 2, 3, 4, 5, 6, 7, 8, 9, 10, 11, 12, 13, 14, 15, 16, 17, 18, 19, 20, 21, 22, 23, 24, 25, 26, 27, 28, 29, 30, 31, 32, 33, 34, 35, 36, 37, 38, 39, 40, 41, 42, 43, 44, 45])PENDİK BAŞKENT MAĞAZASI                    =koordinat:40.8972,29.2282
PENDİK->dict_values([1, 2, 3, 4, 5, 6, 7, 8, 9, 10, 11, 12, 13, 14, 15, 16, 17, 18, 19, 20, 21, 22, 23, 24, 25, 26, 27, 28, 29, 30, 31, 32, 33, 34, 35, 36, 37, 38, 39, 40, 41, 42, 43, 44, 45])ÇINARDERE MAHALLESİ ÇAĞLAR SOKAK MAĞAZASI  =koordinat:40.90352,29.247228
PENDİK->dict_values([1, 2, 3, 4, 5, 6, 7, 8, 9, 10, 11, 12, 13, 14, 15, 16, 17, 18, 19, 20, 21, 22, 23, 24, 25, 26, 27, 28, 29, 30, 31, 32, 33, 34, 35, 36, 37, 38, 39, 40, 41, 42, 43, 44, 45])KAVAKPINAR MAHALLESİ SULTAN ALPASLAN MAĞAZASI=koordinat:40.87416,29.283315
PENDİK->dict_values([1, 2, 3, 4, 5, 6, 7, 8, 9, 10, 11, 12, 13, 14, 15, 16, 17, 18, 19, 20, 21, 22, 23, 24, 25, 26, 27, 28, 29, 30, 31, 32, 33, 34, 35, 36, 37, 38, 39, 40, 41, 42, 43, 44, 45])KURTKÖY CUMHURİYET BULV MAĞAZASI           =koordinat:40.930833,29.302578
PENDİK->dict_values([1, 2, 3, 4, 5, 6, 7, 8, 9, 10, 11, 12, 13, 14, 15, 16, 17, 18, 19, 20, 21, 22, 23, 24, 25, 26, 27, 28, 29, 30, 31, 32, 33, 34, 35, 36, 37, 38, 39, 40, 41, 42, 43, 44, 45])İSTANBUL PENDİK ATAMAN KARİNA MAĞAZASI     =koordinat:40.870556,29.276987
PENDİK->dict_values([1, 2, 3, 4, 5, 6, 7, 8, 9, 10, 11, 12, 13, 14, 15, 16, 17, 18, 19, 20, 21, 22, 23, 24, 25, 26, 27, 28, 29, 30, 31, 32, 33, 34, 35, 36, 37, 38, 39, 40, 41, 42, 43, 44, 45])KAYNARCA ÇAM DALI SOKAK MAĞAZASI           =koordinat:40.873864,29.258496
PENDİK->dict_values([1, 2, 3, 4, 5, 6, 7, 8, 9, 10, 11, 12, 13, 14, 15, 16, 17, 18, 19, 20, 21, 22, 23, 24, 25, 26, 27, 28, 29, 30, 31, 32, 33, 34, 35, 36, 37, 38, 39, 40, 41, 42, 43, 44, 45])KAVAKPINAR MAHALLESİ YENİ ASIR CAD MAĞAZASI=koordinat:40.881315,29.280866
PENDİK->dict_values([1, 2, 3, 4, 5, 6, 7, 8, 9, 10, 11, 12, 13, 14, 15, 16, 17, 18, 19, 20, 21, 22, 23, 24, 25, 26, 27, 28, 29, 30, 31, 32, 33, 34, 35, 36, 37, 38, 39, 40, 41, 42, 43, 44, 45])ÇINARDERE YENİ HAYAT SOK MAĞAZASI          =koordinat:40.896429,29.244964
PENDİK->dict_values([1, 2, 3, 4, 5, 6, 7, 8, 9, 10, 11, 12, 13, 14, 15, 16, 17, 18, 19, 20, 21, 22, 23, 24, 25, 26, 27, 28, 29, 30, 31, 32, 33, 34, 35, 36, 37, 38, 39, 40, 41, 42, 43, 44, 45])PENDİK GÖZDAĞI HASTANE YOLU MAĞAZASI       =koordinat:40.886865,29.259376
PENDİK->dict_values([1, 2, 3, 4, 5, 6, 7, 8, 9, 10, 11, 12, 13, 14, 15, 16, 17, 18, 19, 20, 21, 22, 23, 24, 25, 26, 27, 28, 29, 30, 31, 32, 33, 34, 35, 36, 37, 38, 39, 40, 41, 42, 43, 44, 45])İSTANBUL PENDİK AKÇAKENT SOKAK AHMET YESEVİ MAĞAZASI=koordinat:40.868619,29.302787
PENDİK->dict_values([1, 2, 3, 4, 5, 6, 7, 8, 9, 10, 11, 12, 13, 14, 15, 16, 17, 18, 19, 20, 21, 22, 23, 24, 25, 26, 27, 28, 29, 30, 31, 32, 33, 34, 35, 36, 37, 38, 39, 40, 41, 42, 43, 44, 45])PENDİK HARBİYE SOK. MAĞAZASI               =koordinat:40.8621,29.3065
PENDİK->dict_values([1, 2, 3, 4, 5, 6, 7, 8, 9, 10, 11, 12, 13, 14, 15, 16, 17, 18, 19, 20, 21, 22, 23, 24, 25, 26, 27, 28, 29, 30, 31, 32, 33, 34, 35, 36, 37, 38, 39, 40, 41, 42, 43, 44, 45])PENDİK ZAMBAK CAD. MAĞAZASI                =koordinat:40.8819,29.2827
SANCAKTEPE->dict_values([1, 2, 3, 4, 5, 6, 7, 8, 9, 10, 11, 12, 13, 14, 15, 16, 17, 18, 19, 20, 21, 22, 23, 24, 25, 26, 27, 28, 29, 30, 31, 32, 33, 34, 35, 36, 37, 38, 39, 40, 41, 42, 43, 44, 45])UYSAL SARIGAZİ SANCAKTEPE                  =koordinat:41.01275,29.22587
SANCAKTEPE->dict_values([1, 2, 3, 4, 5, 6, 7, 8, 9, 10, 11, 12, 13, 14, 15, 16, 17, 18, 19, 20, 21, 22, 23, 24, 25, 26, 27, 28, 29, 30, 31, 32, 33, 34, 35, 36, 37, 38, 39, 40, 41, 42, 43, 44, 45])SANCAKTEPE SARIGAZİ                        =koordinat:41.005951,29.212539
SANCAKTEPE->dict_values([1, 2, 3, 4, 5, 6, 7, 8, 9, 10, 11, 12, 13, 14, 15, 16, 17, 18, 19, 20, 21, 22, 23, 24, 25, 26, 27, 28, 29, 30, 31, 32, 33, 34, 35, 36, 37, 38, 39, 40, 41, 42, 43, 44, 45])İSTANBUL YENİDOĞAN DM SATIŞ                =koordinat:41.016655,29.237061
SANCAKTEPE->dict_values([1, 2, 3, 4, 5, 6, 7, 8, 9, 10, 11, 12, 13, 14, 15, 16, 17, 18, 19, 20, 21, 22, 23, 24, 25, 26, 27, 28, 29, 30, 31, 32, 33, 34, 35, 36, 37, 38, 39, 40, 41, 42, 43, 44, 45])MECLİS MAHALLE MAĞAZASI                    =koordinat:41.011556,29.202181
SANCAKTEPE->dict_values([1, 2, 3, 4, 5, 6, 7, 8, 9, 10, 11, 12, 13, 14, 15, 16, 17, 18, 19, 20, 21, 22, 23, 24, 25, 26, 27, 28, 29, 30, 31, 32, 33, 34, 35, 36, 37, 38, 39, 40, 41, 42, 43, 44, 45])İSTANBUL DEMOKRASİ MAĞAZASI                =koordinat:41.013675,29.220047
SANCAKTEPE->dict_values([1, 2, 3, 4, 5, 6, 7, 8, 9, 10, 11, 12, 13, 14, 15, 16, 17, 18, 19, 20, 21, 22, 23, 24, 25, 26, 27, 28, 29, 30, 31, 32, 33, 34, 35, 36, 37, 38, 39, 40, 41, 42, 43, 44, 45])İSTANBUL SANCAKTEPE MİMAR SİNAN MAĞAZASI   =koordinat:41.008364,29.239756
SANCAKTEPE->dict_values([1, 2, 3, 4, 5, 6, 7, 8, 9, 10, 11, 12, 13, 14, 15, 16, 17, 18, 19, 20, 21, 22, 23, 24, 25, 26, 27, 28, 29, 30, 31, 32, 33, 34, 35, 36, 37, 38, 39, 40, 41, 42, 43, 44, 45])İSTANBUL SANCAKTEPE EYLÜL MAĞAZASI         =koordinat:41.008844,29.220074
SANCAKTEPE->dict_values([1, 2, 3, 4, 5, 6, 7, 8, 9, 10, 11, 12, 13, 14, 15, 16, 17, 18, 19, 20, 21, 22, 23, 24, 25, 26, 27, 28, 29, 30, 31, 32, 33, 34, 35, 36, 37, 38, 39, 40, 41, 42, 43, 44, 45])İSTANBUL BAHÇELİEVLER C.YENİDOĞAN MAĞAZASI =koordinat:41.01172,29.244533
SANCAKTEPE->dict_values([1, 2, 3, 4, 5, 6, 7, 8, 9, 10, 11, 12, 13, 14, 15, 16, 17, 18, 19, 20, 21, 22, 23, 24, 25, 26, 27, 28, 29, 30, 31, 32, 33, 34, 35, 36, 37, 38, 39, 40, 41, 42, 43, 44, 45])İSTANBUL SANCAKTEPE GEYLANİ CADDESİ MAĞAZASI=koordinat:40.960819,29.218333
SANCAKTEPE->dict_values([1, 2, 3, 4, 5, 6, 7, 8, 9, 10, 11, 12, 13, 14, 15, 16, 17, 18, 19, 20, 21, 22, 23, 24, 25, 26, 27, 28, 29, 30, 31, 32, 33, 34, 35, 36, 37, 38, 39, 40, 41, 42, 43, 44, 45])İSTANBUL YENİDOĞAN SEYHAN CADDESİ MAĞAZASI =koordinat:41.012616,29.240434
SANCAKTEPE->dict_values([1, 2, 3, 4, 5, 6, 7, 8, 9, 10, 11, 12, 13, 14, 15, 16, 17, 18, 19, 20, 21, 22, 23, 24, 25, 26, 27, 28, 29, 30, 31, 32, 33, 34, 35, 36, 37, 38, 39, 40, 41, 42, 43, 44, 45])İSTANBUL VEYSEL KARANİ CAD. MAĞAZASI       =koordinat:41.017947,29.257458
SANCAKTEPE->dict_values([1, 2, 3, 4, 5, 6, 7, 8, 9, 10, 11, 12, 13, 14, 15, 16, 17, 18, 19, 20, 21, 22, 23, 24, 25, 26, 27, 28, 29, 30, 31, 32, 33, 34, 35, 36, 37, 38, 39, 40, 41, 42, 43, 44, 45])İSTANBUL SÜMER CADDESİ SANCAKTEPE MAĞAZASI =koordinat:41.003437,29.221785
SANCAKTEPE->dict_values([1, 2, 3, 4, 5, 6, 7, 8, 9, 10, 11, 12, 13, 14, 15, 16, 17, 18, 19, 20, 21, 22, 23, 24, 25, 26, 27, 28, 29, 30, 31, 32, 33, 34, 35, 36, 37, 38, 39, 40, 41, 42, 43, 44, 45])İSTANBUL HALİFE CADDESİ SANCAKTEPE MAĞAZASI=koordinat:41.007154,29.232624
SANCAKTEPE->dict_values([1, 2, 3, 4, 5, 6, 7, 8, 9, 10, 11, 12, 13, 14, 15, 16, 17, 18, 19, 20, 21, 22, 23, 24, 25, 26, 27, 28, 29, 30, 31, 32, 33, 34, 35, 36, 37, 38, 39, 40, 41, 42, 43, 44, 45])İSTANBUL AZRA SOKAK SANCAKTEPE MAĞAZASI    =koordinat:40.98283,29.227814
SANCAKTEPE->dict_values([1, 2, 3, 4, 5, 6, 7, 8, 9, 10, 11, 12, 13, 14, 15, 16, 17, 18, 19, 20, 21, 22, 23, 24, 25, 26, 27, 28, 29, 30, 31, 32, 33, 34, 35, 36, 37, 38, 39, 40, 41, 42, 43, 44, 45])ŞOK MİNİ-KEKLİK MAĞAZASI                   =koordinat:41.012159,29.21608
SANCAKTEPE->dict_values([1, 2, 3, 4, 5, 6, 7, 8, 9, 10, 11, 12, 13, 14, 15, 16, 17, 18, 19, 20, 21, 22, 23, 24, 25, 26, 27, 28, 29, 30, 31, 32, 33, 34, 35, 36, 37, 38, 39, 40, 41, 42, 43, 44, 45])İSTANBUL SANCAKTEPE SABIR CADDESİ MAĞAZASI =koordinat:41.017352,29.248846
SANCAKTEPE->dict_values([1, 2, 3, 4, 5, 6, 7, 8, 9, 10, 11, 12, 13, 14, 15, 16, 17, 18, 19, 20, 21, 22, 23, 24, 25, 26, 27, 28, 29, 30, 31, 32, 33, 34, 35, 36, 37, 38, 39, 40, 41, 42, 43, 44, 45])SANCAKTEPE ASİLTÜRK MAĞAZASI               =koordinat:40.9659,29.240845
SANCAKTEPE->dict_values([1, 2, 3, 4, 5, 6, 7, 8, 9, 10, 11, 12, 13, 14, 15, 16, 17, 18, 19, 20, 21, 22, 23, 24, 25, 26, 27, 28, 29, 30, 31, 32, 33, 34, 35, 36, 37, 38, 39, 40, 41, 42, 43, 44, 45])İSTANBUL SANCAKTEPE HİLAL CADDESİ MAĞAZASI =koordinat:40.986691,29.236456
SANCAKTEPE->dict_values([1, 2, 3, 4, 5, 6, 7, 8, 9, 10, 11, 12, 13, 14, 15, 16, 17, 18, 19, 20, 21, 22, 23, 24, 25, 26, 27, 28, 29, 30, 31, 32, 33, 34, 35, 36, 37, 38, 39, 40, 41, 42, 43, 44, 45])İSTANBUL SANCAKTAR CADDESİ MAĞAZASI        =koordinat:41.011951,29.246796
SANCAKTEPE->dict_values([1, 2, 3, 4, 5, 6, 7, 8, 9, 10, 11, 12, 13, 14, 15, 16, 17, 18, 19, 20, 21, 22, 23, 24, 25, 26, 27, 28, 29, 30, 31, 32, 33, 34, 35, 36, 37, 38, 39, 40, 41, 42, 43, 44, 45])İSTANBUL SANCAKTEPE OSMANGAZİ MAHALLESİ MAĞAZASI=koordinat:40.988092,29.249208
SANCAKTEPE->dict_values([1, 2, 3, 4, 5, 6, 7, 8, 9, 10, 11, 12, 13, 14, 15, 16, 17, 18, 19, 20, 21, 22, 23, 24, 25, 26, 27, 28, 29, 30, 31, 32, 33, 34, 35, 36, 37, 38, 39, 40, 41, 42, 43, 44, 45])İSTANBUL A.GAZİ SANCAKTEPE MAĞAZASI        =koordinat:40.988098,29.228024
SANCAKTEPE->dict_values([1, 2, 3, 4, 5, 6, 7, 8, 9, 10, 11, 12, 13, 14, 15, 16, 17, 18, 19, 20, 21, 22, 23, 24, 25, 26, 27, 28, 29, 30, 31, 32, 33, 34, 35, 36, 37, 38, 39, 40, 41, 42, 43, 44, 45])İSTANBUL SANCAKTEPE EMEK MAHALLESİ MAĞAZASI=koordinat:41.004475,29.193833
SANCAKTEPE->dict_values([1, 2, 3, 4, 5, 6, 7, 8, 9, 10, 11, 12, 13, 14, 15, 16, 17, 18, 19, 20, 21, 22, 23, 24, 25, 26, 27, 28, 29, 30, 31, 32, 33, 34, 35, 36, 37, 38, 39, 40, 41, 42, 43, 44, 45])İSTANBUL SANCAKTEPE ASYA SOKAK MAĞAZASI    =koordinat:41.004842,29.25678
SANCAKTEPE->dict_values([1, 2, 3, 4, 5, 6, 7, 8, 9, 10, 11, 12, 13, 14, 15, 16, 17, 18, 19, 20, 21, 22, 23, 24, 25, 26, 27, 28, 29, 30, 31, 32, 33, 34, 35, 36, 37, 38, 39, 40, 41, 42, 43, 44, 45])İSTANBUL ŞOK MİNİ-RAVZA MAĞAZASI           =koordinat:41.003605,29.230961
SANCAKTEPE->dict_values([1, 2, 3, 4, 5, 6, 7, 8, 9, 10, 11, 12, 13, 14, 15, 16, 17, 18, 19, 20, 21, 22, 23, 24, 25, 26, 27, 28, 29, 30, 31, 32, 33, 34, 35, 36, 37, 38, 39, 40, 41, 42, 43, 44, 45])İSTANBUL ŞOK MİNİ-TAHA MAĞAZASI            =koordinat:41.004113,29.242268
SANCAKTEPE->dict_values([1, 2, 3, 4, 5, 6, 7, 8, 9, 10, 11, 12, 13, 14, 15, 16, 17, 18, 19, 20, 21, 22, 23, 24, 25, 26, 27, 28, 29, 30, 31, 32, 33, 34, 35, 36, 37, 38, 39, 40, 41, 42, 43, 44, 45])ŞOK MİNİ-ALTINORDU YENİ MAĞAZASI           =koordinat:40.998676,29.222064
SANCAKTEPE->dict_values([1, 2, 3, 4, 5, 6, 7, 8, 9, 10, 11, 12, 13, 14, 15, 16, 17, 18, 19, 20, 21, 22, 23, 24, 25, 26, 27, 28, 29, 30, 31, 32, 33, 34, 35, 36, 37, 38, 39, 40, 41, 42, 43, 44, 45])ŞOK MİNİ-MEVLANA MAĞAZASI                  =koordinat:41.009091,29.260202
SANCAKTEPE->dict_values([1, 2, 3, 4, 5, 6, 7, 8, 9, 10, 11, 12, 13, 14, 15, 16, 17, 18, 19, 20, 21, 22, 23, 24, 25, 26, 27, 28, 29, 30, 31, 32, 33, 34, 35, 36, 37, 38, 39, 40, 41, 42, 43, 44, 45])İSTANBUL SANCAKTEPE ORTADAĞ MAĞAZASI       =koordinat:40.960747,29.214955
SANCAKTEPE->dict_values([1, 2, 3, 4, 5, 6, 7, 8, 9, 10, 11, 12, 13, 14, 15, 16, 17, 18, 19, 20, 21, 22, 23, 24, 25, 26, 27, 28, 29, 30, 31, 32, 33, 34, 35, 36, 37, 38, 39, 40, 41, 42, 43, 44, 45])İSTANBUL SANCAKTEPE KATİP ÇELEBİ MAĞAZASI  =koordinat:41.00991,29.206896
SANCAKTEPE->dict_values([1, 2, 3, 4, 5, 6, 7, 8, 9, 10, 11, 12, 13, 14, 15, 16, 17, 18, 19, 20, 21, 22, 23, 24, 25, 26, 27, 28, 29, 30, 31, 32, 33, 34, 35, 36, 37, 38, 39, 40, 41, 42, 43, 44, 45])ŞOKMİNİ-NURYOLU MAĞAZASI                   =koordinat:41.008229,29.257469
SANCAKTEPE->dict_values([1, 2, 3, 4, 5, 6, 7, 8, 9, 10, 11, 12, 13, 14, 15, 16, 17, 18, 19, 20, 21, 22, 23, 24, 25, 26, 27, 28, 29, 30, 31, 32, 33, 34, 35, 36, 37, 38, 39, 40, 41, 42, 43, 44, 45])İSTANBUL SANCAKTEPE GAFFAR SOK. MAĞAZASI   =koordinat:41.003201,29.252874
SANCAKTEPE->dict_values([1, 2, 3, 4, 5, 6, 7, 8, 9, 10, 11, 12, 13, 14, 15, 16, 17, 18, 19, 20, 21, 22, 23, 24, 25, 26, 27, 28, 29, 30, 31, 32, 33, 34, 35, 36, 37, 38, 39, 40, 41, 42, 43, 44, 45])İSTANBUL SANCAKTEPE ÖMER MAĞAZASI          =koordinat:40.997162,29.236896
SANCAKTEPE->dict_values([1, 2, 3, 4, 5, 6, 7, 8, 9, 10, 11, 12, 13, 14, 15, 16, 17, 18, 19, 20, 21, 22, 23, 24, 25, 26, 27, 28, 29, 30, 31, 32, 33, 34, 35, 36, 37, 38, 39, 40, 41, 42, 43, 44, 45])İSTANBUL SANCAKTEPE YAŞAM SOKAK MAĞAZASI   =koordinat:41.010881,29.193663
SANCAKTEPE->dict_values([1, 2, 3, 4, 5, 6, 7, 8, 9, 10, 11, 12, 13, 14, 15, 16, 17, 18, 19, 20, 21, 22, 23, 24, 25, 26, 27, 28, 29, 30, 31, 32, 33, 34, 35, 36, 37, 38, 39, 40, 41, 42, 43, 44, 45])ŞOK MİNİ-FARABI MAĞAZASI                   =koordinat:40.983066,29.246541
SANCAKTEPE->dict_values([1, 2, 3, 4, 5, 6, 7, 8, 9, 10, 11, 12, 13, 14, 15, 16, 17, 18, 19, 20, 21, 22, 23, 24, 25, 26, 27, 28, 29, 30, 31, 32, 33, 34, 35, 36, 37, 38, 39, 40, 41, 42, 43, 44, 45])ŞOK MİNİ - MAVİ MAĞAZASI                   =koordinat:41.018946,29.250267
SANCAKTEPE->dict_values([1, 2, 3, 4, 5, 6, 7, 8, 9, 10, 11, 12, 13, 14, 15, 16, 17, 18, 19, 20, 21, 22, 23, 24, 25, 26, 27, 28, 29, 30, 31, 32, 33, 34, 35, 36, 37, 38, 39, 40, 41, 42, 43, 44, 45])ŞOK MİNİ-ERGENE MAĞAZASI                   =koordinat:41.013904,29.244431
SANCAKTEPE->dict_values([1, 2, 3, 4, 5, 6, 7, 8, 9, 10, 11, 12, 13, 14, 15, 16, 17, 18, 19, 20, 21, 22, 23, 24, 25, 26, 27, 28, 29, 30, 31, 32, 33, 34, 35, 36, 37, 38, 39, 40, 41, 42, 43, 44, 45])İSTANBUL SARIGAZİ MİNBER SOK MAĞAZASI      =koordinat:41.011607,29.217772
SANCAKTEPE->dict_values([1, 2, 3, 4, 5, 6, 7, 8, 9, 10, 11, 12, 13, 14, 15, 16, 17, 18, 19, 20, 21, 22, 23, 24, 25, 26, 27, 28, 29, 30, 31, 32, 33, 34, 35, 36, 37, 38, 39, 40, 41, 42, 43, 44, 45])İSTANBUL SANCAKTEPE İNÖNÜ CAD              =koordinat:41.01169,29.20968
SANCAKTEPE->dict_values([1, 2, 3, 4, 5, 6, 7, 8, 9, 10, 11, 12, 13, 14, 15, 16, 17, 18, 19, 20, 21, 22, 23, 24, 25, 26, 27, 28, 29, 30, 31, 32, 33, 34, 35, 36, 37, 38, 39, 40, 41, 42, 43, 44, 45])İSTANBUL GÜL SOKAK SANCAKTEPE MAĞAZASI     =koordinat:41.007232,29.211959
SANCAKTEPE->dict_values([1, 2, 3, 4, 5, 6, 7, 8, 9, 10, 11, 12, 13, 14, 15, 16, 17, 18, 19, 20, 21, 22, 23, 24, 25, 26, 27, 28, 29, 30, 31, 32, 33, 34, 35, 36, 37, 38, 39, 40, 41, 42, 43, 44, 45])İSTANBUL YENİDOĞAN MERVE MAHALLESİ MAĞAZASI=koordinat:41.006512,29.240507
SANCAKTEPE->dict_values([1, 2, 3, 4, 5, 6, 7, 8, 9, 10, 11, 12, 13, 14, 15, 16, 17, 18, 19, 20, 21, 22, 23, 24, 25, 26, 27, 28, 29, 30, 31, 32, 33, 34, 35, 36, 37, 38, 39, 40, 41, 42, 43, 44, 45])İSTANBUL SANCAKTEPE ARAÇ SOKAK MAĞAZASI    =koordinat:41.006413,29.20586
SANCAKTEPE->dict_values([1, 2, 3, 4, 5, 6, 7, 8, 9, 10, 11, 12, 13, 14, 15, 16, 17, 18, 19, 20, 21, 22, 23, 24, 25, 26, 27, 28, 29, 30, 31, 32, 33, 34, 35, 36, 37, 38, 39, 40, 41, 42, 43, 44, 45])İSTANBUL SANCAKTEPE SEVENLER CAD. MAĞAZASI =koordinat:40.999058,29.227028
SANCAKTEPE->dict_values([1, 2, 3, 4, 5, 6, 7, 8, 9, 10, 11, 12, 13, 14, 15, 16, 17, 18, 19, 20, 21, 22, 23, 24, 25, 26, 27, 28, 29, 30, 31, 32, 33, 34, 35, 36, 37, 38, 39, 40, 41, 42, 43, 44, 45])SANCAKTEPE ARİFLER SİTESİ MAĞAZASI         =koordinat:41.003897,29.250176
SANCAKTEPE->dict_values([1, 2, 3, 4, 5, 6, 7, 8, 9, 10, 11, 12, 13, 14, 15, 16, 17, 18, 19, 20, 21, 22, 23, 24, 25, 26, 27, 28, 29, 30, 31, 32, 33, 34, 35, 36, 37, 38, 39, 40, 41, 42, 43, 44, 45])SANCAKTEPE AŞIK VEYSEL CAD. MAĞAZASI       =koordinat:41.012813,29.213135
SANCAKTEPE->dict_values([1, 2, 3, 4, 5, 6, 7, 8, 9, 10, 11, 12, 13, 14, 15, 16, 17, 18, 19, 20, 21, 22, 23, 24, 25, 26, 27, 28, 29, 30, 31, 32, 33, 34, 35, 36, 37, 38, 39, 40, 41, 42, 43, 44, 45])ŞOK MİNİ-SANCAKTEPE TAÇ SOK MAĞAZASI       =koordinat:41.015659,29.221851
SANCAKTEPE->dict_values([1, 2, 3, 4, 5, 6, 7, 8, 9, 10, 11, 12, 13, 14, 15, 16, 17, 18, 19, 20, 21, 22, 23, 24, 25, 26, 27, 28, 29, 30, 31, 32, 33, 34, 35, 36, 37, 38, 39, 40, 41, 42, 43, 44, 45])ŞOK MİNİ-SANCAKTEPE CEYLAN CAD MAĞAZASI    =koordinat:41.012104,29.2222
SANCAKTEPE->dict_values([1, 2, 3, 4, 5, 6, 7, 8, 9, 10, 11, 12, 13, 14, 15, 16, 17, 18, 19, 20, 21, 22, 23, 24, 25, 26, 27, 28, 29, 30, 31, 32, 33, 34, 35, 36, 37, 38, 39, 40, 41, 42, 43, 44, 45])SANCAKTEPE MAYIS SOKAK MAĞAZASI            =koordinat:41.013766,29.259443
SANCAKTEPE->dict_values([1, 2, 3, 4, 5, 6, 7, 8, 9, 10, 11, 12, 13, 14, 15, 16, 17, 18, 19, 20, 21, 22, 23, 24, 25, 26, 27, 28, 29, 30, 31, 32, 33, 34, 35, 36, 37, 38, 39, 40, 41, 42, 43, 44, 45])ŞOK MİNİ-SANCAKTEPE MAÇKA                  =koordinat:41.007286,29.221722
SANCAKTEPE->dict_values([1, 2, 3, 4, 5, 6, 7, 8, 9, 10, 11, 12, 13, 14, 15, 16, 17, 18, 19, 20, 21, 22, 23, 24, 25, 26, 27, 28, 29, 30, 31, 32, 33, 34, 35, 36, 37, 38, 39, 40, 41, 42, 43, 44, 45])SANCAKTEPE ZEKİ BEY SOKAK MAĞAZASI         =koordinat:41.00323098,29.1994366
SANCAKTEPE->dict_values([1, 2, 3, 4, 5, 6, 7, 8, 9, 10, 11, 12, 13, 14, 15, 16, 17, 18, 19, 20, 21, 22, 23, 24, 25, 26, 27, 28, 29, 30, 31, 32, 33, 34, 35, 36, 37, 38, 39, 40, 41, 42, 43, 44, 45])SANCAKTEPE AKIN CAD. MAĞAZASI              =koordinat:41.0312,29.2544
SANCAKTEPE->dict_values([1, 2, 3, 4, 5, 6, 7, 8, 9, 10, 11, 12, 13, 14, 15, 16, 17, 18, 19, 20, 21, 22, 23, 24, 25, 26, 27, 28, 29, 30, 31, 32, 33, 34, 35, 36, 37, 38, 39, 40, 41, 42, 43, 44, 45])ŞOK MİNİ-SANCAKTEPE EMEK MAĞAZASI          =koordinat:41.0056,29.1989
SANCAKTEPE->dict_values([1, 2, 3, 4, 5, 6, 7, 8, 9, 10, 11, 12, 13, 14, 15, 16, 17, 18, 19, 20, 21, 22, 23, 24, 25, 26, 27, 28, 29, 30, 31, 32, 33, 34, 35, 36, 37, 38, 39, 40, 41, 42, 43, 44, 45])SANCAKTEPE RÜZGAR SOKAK MAĞAZASI           =koordinat:41.01899349,29.25538614
SANCAKTEPE->dict_values([1, 2, 3, 4, 5, 6, 7, 8, 9, 10, 11, 12, 13, 14, 15, 16, 17, 18, 19, 20, 21, 22, 23, 24, 25, 26, 27, 28, 29, 30, 31, 32, 33, 34, 35, 36, 37, 38, 39, 40, 41, 42, 43, 44, 45])SANCAKTEPE HANBELİ CADDESİ                 =koordinat:40.97409545,29.23722491
SANCAKTEPE->dict_values([1, 2, 3, 4, 5, 6, 7, 8, 9, 10, 11, 12, 13, 14, 15, 16, 17, 18, 19, 20, 21, 22, 23, 24, 25, 26, 27, 28, 29, 30, 31, 32, 33, 34, 35, 36, 37, 38, 39, 40, 41, 42, 43, 44, 45])SANCAKTEPE OĞUZKAĞAN CAD. MAĞAZASI         =koordinat:41.0091,29.4112
SANCAKTEPE->dict_values([1, 2, 3, 4, 5, 6, 7, 8, 9, 10, 11, 12, 13, 14, 15, 16, 17, 18, 19, 20, 21, 22, 23, 24, 25, 26, 27, 28, 29, 30, 31, 32, 33, 34, 35, 36, 37, 38, 39, 40, 41, 42, 43, 44, 45])YENİDOĞAN SAFA TEPESİ MAĞAZASI             =koordinat:41.2022,29.2544
SANCAKTEPE->dict_values([1, 2, 3, 4, 5, 6, 7, 8, 9, 10, 11, 12, 13, 14, 15, 16, 17, 18, 19, 20, 21, 22, 23, 24, 25, 26, 27, 28, 29, 30, 31, 32, 33, 34, 35, 36, 37, 38, 39, 40, 41, 42, 43, 44, 45])SANCAKTEPE FATİH CADDESİ MAĞAZASI          =koordinat:41.00819209,29.25055683
SANCAKTEPE->dict_values([1, 2, 3, 4, 5, 6, 7, 8, 9, 10, 11, 12, 13, 14, 15, 16, 17, 18, 19, 20, 21, 22, 23, 24, 25, 26, 27, 28, 29, 30, 31, 32, 33, 34, 35, 36, 37, 38, 39, 40, 41, 42, 43, 44, 45])ŞOK MİNİ-SANCAKTEPE EYÜP SULTAN MAĞAZASI   =koordinat:40.983451,29.218264
SANCAKTEPE->dict_values([1, 2, 3, 4, 5, 6, 7, 8, 9, 10, 11, 12, 13, 14, 15, 16, 17, 18, 19, 20, 21, 22, 23, 24, 25, 26, 27, 28, 29, 30, 31, 32, 33, 34, 35, 36, 37, 38, 39, 40, 41, 42, 43, 44, 45])SANCAKTEPE GAZİ CAD. MAĞAZASI              =koordinat:41.0019,29.1441
SANCAKTEPE->dict_values([1, 2, 3, 4, 5, 6, 7, 8, 9, 10, 11, 12, 13, 14, 15, 16, 17, 18, 19, 20, 21, 22, 23, 24, 25, 26, 27, 28, 29, 30, 31, 32, 33, 34, 35, 36, 37, 38, 39, 40, 41, 42, 43, 44, 45])İSTANBUL SANCAKTEPE ERKAN SOKAK MAĞAZASI   =koordinat:41.006356,29.216034
SANCAKTEPE->dict_values([1, 2, 3, 4, 5, 6, 7, 8, 9, 10, 11, 12, 13, 14, 15, 16, 17, 18, 19, 20, 21, 22, 23, 24, 25, 26, 27, 28, 29, 30, 31, 32, 33, 34, 35, 36, 37, 38, 39, 40, 41, 42, 43, 44, 45])SANCAKTEPE KÖŞK SOKAK MAĞAZASI             =koordinat:40.984032,29.242489
SANCAKTEPE->dict_values([1, 2, 3, 4, 5, 6, 7, 8, 9, 10, 11, 12, 13, 14, 15, 16, 17, 18, 19, 20, 21, 22, 23, 24, 25, 26, 27, 28, 29, 30, 31, 32, 33, 34, 35, 36, 37, 38, 39, 40, 41, 42, 43, 44, 45])SANCAKTEPE KIZILAY CAD MAĞAZASI            =koordinat:40.983567,29.224848
SANCAKTEPE->dict_values([1, 2, 3, 4, 5, 6, 7, 8, 9, 10, 11, 12, 13, 14, 15, 16, 17, 18, 19, 20, 21, 22, 23, 24, 25, 26, 27, 28, 29, 30, 31, 32, 33, 34, 35, 36, 37, 38, 39, 40, 41, 42, 43, 44, 45])AYDOS COUNTRY EVLERİ MAĞAZASI              =koordinat:40.963618,29.236101
SANCAKTEPE->dict_values([1, 2, 3, 4, 5, 6, 7, 8, 9, 10, 11, 12, 13, 14, 15, 16, 17, 18, 19, 20, 21, 22, 23, 24, 25, 26, 27, 28, 29, 30, 31, 32, 33, 34, 35, 36, 37, 38, 39, 40, 41, 42, 43, 44, 45])SANCAKTEPE SURYAPI SİTESİ MAĞAZASI         =koordinat:40.977378,29.237028
SANCAKTEPE->dict_values([1, 2, 3, 4, 5, 6, 7, 8, 9, 10, 11, 12, 13, 14, 15, 16, 17, 18, 19, 20, 21, 22, 23, 24, 25, 26, 27, 28, 29, 30, 31, 32, 33, 34, 35, 36, 37, 38, 39, 40, 41, 42, 43, 44, 45])SANCAKTEPE MERT APARTMANI MAĞAZASI         =koordinat:40.999144,29.247375
SANCAKTEPE->dict_values([1, 2, 3, 4, 5, 6, 7, 8, 9, 10, 11, 12, 13, 14, 15, 16, 17, 18, 19, 20, 21, 22, 23, 24, 25, 26, 27, 28, 29, 30, 31, 32, 33, 34, 35, 36, 37, 38, 39, 40, 41, 42, 43, 44, 45])SANCAKTEPE MÜSLÜM CADDESİ MAĞAZASI         =koordinat:40.9913,29.233
SANCAKTEPE->dict_values([1, 2, 3, 4, 5, 6, 7, 8, 9, 10, 11, 12, 13, 14, 15, 16, 17, 18, 19, 20, 21, 22, 23, 24, 25, 26, 27, 28, 29, 30, 31, 32, 33, 34, 35, 36, 37, 38, 39, 40, 41, 42, 43, 44, 45])SANCAKTEPE AKPINAR MAH. MAĞAZASI           =koordinat:40.964508,29.22504097
SANCAKTEPE->dict_values([1, 2, 3, 4, 5, 6, 7, 8, 9, 10, 11, 12, 13, 14, 15, 16, 17, 18, 19, 20, 21, 22, 23, 24, 25, 26, 27, 28, 29, 30, 31, 32, 33, 34, 35, 36, 37, 38, 39, 40, 41, 42, 43, 44, 45])SANCAKTEPE SELMAN SOKAK MAĞAZASI           =koordinat:40.998,29.2412
SANCAKTEPE->dict_values([1, 2, 3, 4, 5, 6, 7, 8, 9, 10, 11, 12, 13, 14, 15, 16, 17, 18, 19, 20, 21, 22, 23, 24, 25, 26, 27, 28, 29, 30, 31, 32, 33, 34, 35, 36, 37, 38, 39, 40, 41, 42, 43, 44, 45])ŞOK MİNİ-SANCAKTEPE MENEKŞE SOKAK MAĞAZASI =koordinat:41.0104,29.2267
SANCAKTEPE->dict_values([1, 2, 3, 4, 5, 6, 7, 8, 9, 10, 11, 12, 13, 14, 15, 16, 17, 18, 19, 20, 21, 22, 23, 24, 25, 26, 27, 28, 29, 30, 31, 32, 33, 34, 35, 36, 37, 38, 39, 40, 41, 42, 43, 44, 45])SANCAKTEPE KANUNİ CAD MAĞAZASI             =koordinat:40.966551,29.235231
SANCAKTEPE->dict_values([1, 2, 3, 4, 5, 6, 7, 8, 9, 10, 11, 12, 13, 14, 15, 16, 17, 18, 19, 20, 21, 22, 23, 24, 25, 26, 27, 28, 29, 30, 31, 32, 33, 34, 35, 36, 37, 38, 39, 40, 41, 42, 43, 44, 45])SANCAKTEPE ERGUVAN SOKAK MAĞAZASI          =koordinat:40.99055429,29.24660593
SARIYER->dict_values([1, 2, 3, 4, 5, 6, 7, 8, 9, 10, 11, 12, 13, 14, 15, 16, 17, 18, 19, 20, 21, 22, 23, 24, 25, 26, 27, 28, 29, 30, 31, 32, 33, 34, 35, 36, 37, 38, 39, 40, 41, 42, 43, 44, 45])İSTANBUL İSTİNYE PINAR MAHALLESİ MAĞAZASI  =koordinat:41.113473,29.031461
SARIYER->dict_values([1, 2, 3, 4, 5, 6, 7, 8, 9, 10, 11, 12, 13, 14, 15, 16, 17, 18, 19, 20, 21, 22, 23, 24, 25, 26, 27, 28, 29, 30, 31, 32, 33, 34, 35, 36, 37, 38, 39, 40, 41, 42, 43, 44, 45])İSTANBUL EMİRGAN MAĞAZASI                  =koordinat:41.104836,29.055839
SARIYER->dict_values([1, 2, 3, 4, 5, 6, 7, 8, 9, 10, 11, 12, 13, 14, 15, 16, 17, 18, 19, 20, 21, 22, 23, 24, 25, 26, 27, 28, 29, 30, 31, 32, 33, 34, 35, 36, 37, 38, 39, 40, 41, 42, 43, 44, 45])İSTANBUL KİLYOS MERKEZ MAĞAZASI            =koordinat:41.245403,29.03505
SARIYER->dict_values([1, 2, 3, 4, 5, 6, 7, 8, 9, 10, 11, 12, 13, 14, 15, 16, 17, 18, 19, 20, 21, 22, 23, 24, 25, 26, 27, 28, 29, 30, 31, 32, 33, 34, 35, 36, 37, 38, 39, 40, 41, 42, 43, 44, 45])İSTANBUL SARIYER MAĞAZASI                  =koordinat:41.170064,29.053281
SARIYER->dict_values([1, 2, 3, 4, 5, 6, 7, 8, 9, 10, 11, 12, 13, 14, 15, 16, 17, 18, 19, 20, 21, 22, 23, 24, 25, 26, 27, 28, 29, 30, 31, 32, 33, 34, 35, 36, 37, 38, 39, 40, 41, 42, 43, 44, 45])İSTANBUL BÜYÜKDERE MAĞAZASI                =koordinat:41.160953,29.043455
SARIYER->dict_values([1, 2, 3, 4, 5, 6, 7, 8, 9, 10, 11, 12, 13, 14, 15, 16, 17, 18, 19, 20, 21, 22, 23, 24, 25, 26, 27, 28, 29, 30, 31, 32, 33, 34, 35, 36, 37, 38, 39, 40, 41, 42, 43, 44, 45])İSTANBUL SARIYER ARIKÖY MAĞAZASI           =koordinat:41.228347,29.000691
SARIYER->dict_values([1, 2, 3, 4, 5, 6, 7, 8, 9, 10, 11, 12, 13, 14, 15, 16, 17, 18, 19, 20, 21, 22, 23, 24, 25, 26, 27, 28, 29, 30, 31, 32, 33, 34, 35, 36, 37, 38, 39, 40, 41, 42, 43, 44, 45])İSTANBUL TARABYA SANATÇILAR MAĞAZASI       =koordinat:41.13784,29.053774
SARIYER->dict_values([1, 2, 3, 4, 5, 6, 7, 8, 9, 10, 11, 12, 13, 14, 15, 16, 17, 18, 19, 20, 21, 22, 23, 24, 25, 26, 27, 28, 29, 30, 31, 32, 33, 34, 35, 36, 37, 38, 39, 40, 41, 42, 43, 44, 45])İSTANBUL FERAHEVLER MAĞAZASI               =koordinat:41.128728,29.04651
SARIYER->dict_values([1, 2, 3, 4, 5, 6, 7, 8, 9, 10, 11, 12, 13, 14, 15, 16, 17, 18, 19, 20, 21, 22, 23, 24, 25, 26, 27, 28, 29, 30, 31, 32, 33, 34, 35, 36, 37, 38, 39, 40, 41, 42, 43, 44, 45])İSTANBUL SARIYER PTT EVLERİ MAĞAZASI       =koordinat:41.1569,29.022918
SARIYER->dict_values([1, 2, 3, 4, 5, 6, 7, 8, 9, 10, 11, 12, 13, 14, 15, 16, 17, 18, 19, 20, 21, 22, 23, 24, 25, 26, 27, 28, 29, 30, 31, 32, 33, 34, 35, 36, 37, 38, 39, 40, 41, 42, 43, 44, 45])İSTANBUL SARIYER FERAHEVLER CADDE MAĞAZASI =koordinat:41.130739,29.041623
SARIYER->dict_values([1, 2, 3, 4, 5, 6, 7, 8, 9, 10, 11, 12, 13, 14, 15, 16, 17, 18, 19, 20, 21, 22, 23, 24, 25, 26, 27, 28, 29, 30, 31, 32, 33, 34, 35, 36, 37, 38, 39, 40, 41, 42, 43, 44, 45])İSTANBUL İTÜ MASLAK MAĞAZASI               =koordinat:41.105864,29.020219
SARIYER->dict_values([1, 2, 3, 4, 5, 6, 7, 8, 9, 10, 11, 12, 13, 14, 15, 16, 17, 18, 19, 20, 21, 22, 23, 24, 25, 26, 27, 28, 29, 30, 31, 32, 33, 34, 35, 36, 37, 38, 39, 40, 41, 42, 43, 44, 45])İSTANBUL İSTİNYE MERKEZ MAĞAZASI           =koordinat:41.11394,29.053908
SARIYER->dict_values([1, 2, 3, 4, 5, 6, 7, 8, 9, 10, 11, 12, 13, 14, 15, 16, 17, 18, 19, 20, 21, 22, 23, 24, 25, 26, 27, 28, 29, 30, 31, 32, 33, 34, 35, 36, 37, 38, 39, 40, 41, 42, 43, 44, 45])İSTANBUL İSTİNYE POLİGON MAĞAZASI          =koordinat:41.117288,29.041339
SARIYER->dict_values([1, 2, 3, 4, 5, 6, 7, 8, 9, 10, 11, 12, 13, 14, 15, 16, 17, 18, 19, 20, 21, 22, 23, 24, 25, 26, 27, 28, 29, 30, 31, 32, 33, 34, 35, 36, 37, 38, 39, 40, 41, 42, 43, 44, 45])İSTANBUL BORSA RESITPASA MAĞAZASI          =koordinat:41.110343,29.040803
SARIYER->dict_values([1, 2, 3, 4, 5, 6, 7, 8, 9, 10, 11, 12, 13, 14, 15, 16, 17, 18, 19, 20, 21, 22, 23, 24, 25, 26, 27, 28, 29, 30, 31, 32, 33, 34, 35, 36, 37, 38, 39, 40, 41, 42, 43, 44, 45])İSTANBUL BAGLAR MAĞAZASI                   =koordinat:41.123204,29.05456
SARIYER->dict_values([1, 2, 3, 4, 5, 6, 7, 8, 9, 10, 11, 12, 13, 14, 15, 16, 17, 18, 19, 20, 21, 22, 23, 24, 25, 26, 27, 28, 29, 30, 31, 32, 33, 34, 35, 36, 37, 38, 39, 40, 41, 42, 43, 44, 45])İSTANBUL BAHÇEKÖY ŞOK                      =koordinat:41.180338,28.992966
SARIYER->dict_values([1, 2, 3, 4, 5, 6, 7, 8, 9, 10, 11, 12, 13, 14, 15, 16, 17, 18, 19, 20, 21, 22, 23, 24, 25, 26, 27, 28, 29, 30, 31, 32, 33, 34, 35, 36, 37, 38, 39, 40, 41, 42, 43, 44, 45])İSTANBUL RUMELIHISARUSTU MAĞAZASI          =koordinat:41.086175,29.048723
SARIYER->dict_values([1, 2, 3, 4, 5, 6, 7, 8, 9, 10, 11, 12, 13, 14, 15, 16, 17, 18, 19, 20, 21, 22, 23, 24, 25, 26, 27, 28, 29, 30, 31, 32, 33, 34, 35, 36, 37, 38, 39, 40, 41, 42, 43, 44, 45])İSTANBUL MASLAK GAZETECILER SITESI MAĞAZASI=koordinat:41.121041,29.032226
SARIYER->dict_values([1, 2, 3, 4, 5, 6, 7, 8, 9, 10, 11, 12, 13, 14, 15, 16, 17, 18, 19, 20, 21, 22, 23, 24, 25, 26, 27, 28, 29, 30, 31, 32, 33, 34, 35, 36, 37, 38, 39, 40, 41, 42, 43, 44, 45])İSTANBUL TARABYA ARABA YOLU MAĞAZASI       =koordinat:41.146337,29.033909
SARIYER->dict_values([1, 2, 3, 4, 5, 6, 7, 8, 9, 10, 11, 12, 13, 14, 15, 16, 17, 18, 19, 20, 21, 22, 23, 24, 25, 26, 27, 28, 29, 30, 31, 32, 33, 34, 35, 36, 37, 38, 39, 40, 41, 42, 43, 44, 45])İSTANBUL AYAZAĞA HUZUR SİTESİ MAĞAZASI     =koordinat:41.121649,29.003268
SARIYER->dict_values([1, 2, 3, 4, 5, 6, 7, 8, 9, 10, 11, 12, 13, 14, 15, 16, 17, 18, 19, 20, 21, 22, 23, 24, 25, 26, 27, 28, 29, 30, 31, 32, 33, 34, 35, 36, 37, 38, 39, 40, 41, 42, 43, 44, 45])SARIYER KOÇ ÜNİVERSİTESİ MAĞAZASI          =koordinat:41.194415,29.05303
SARIYER->dict_values([1, 2, 3, 4, 5, 6, 7, 8, 9, 10, 11, 12, 13, 14, 15, 16, 17, 18, 19, 20, 21, 22, 23, 24, 25, 26, 27, 28, 29, 30, 31, 32, 33, 34, 35, 36, 37, 38, 39, 40, 41, 42, 43, 44, 45])ŞOK-RUMELİ FENERİ                          =koordinat:41.23398888,29.11053322
SARIYER->dict_values([1, 2, 3, 4, 5, 6, 7, 8, 9, 10, 11, 12, 13, 14, 15, 16, 17, 18, 19, 20, 21, 22, 23, 24, 25, 26, 27, 28, 29, 30, 31, 32, 33, 34, 35, 36, 37, 38, 39, 40, 41, 42, 43, 44, 45])İSTANBUL SARIYER REŞİTPAŞA POSTA YOLU MAĞAZASI=koordinat:41.103429,29.044617
SARIYER->dict_values([1, 2, 3, 4, 5, 6, 7, 8, 9, 10, 11, 12, 13, 14, 15, 16, 17, 18, 19, 20, 21, 22, 23, 24, 25, 26, 27, 28, 29, 30, 31, 32, 33, 34, 35, 36, 37, 38, 39, 40, 41, 42, 43, 44, 45])ŞOK MİNİ - KEMER MAĞAZASI                  =koordinat:41.169619,28.990641
SARIYER->dict_values([1, 2, 3, 4, 5, 6, 7, 8, 9, 10, 11, 12, 13, 14, 15, 16, 17, 18, 19, 20, 21, 22, 23, 24, 25, 26, 27, 28, 29, 30, 31, 32, 33, 34, 35, 36, 37, 38, 39, 40, 41, 42, 43, 44, 45])ŞOK-AYAZAĞA ÇAĞRI                          =koordinat:41.11949552,28.99642222
SARIYER->dict_values([1, 2, 3, 4, 5, 6, 7, 8, 9, 10, 11, 12, 13, 14, 15, 16, 17, 18, 19, 20, 21, 22, 23, 24, 25, 26, 27, 28, 29, 30, 31, 32, 33, 34, 35, 36, 37, 38, 39, 40, 41, 42, 43, 44, 45])ŞOK MİNİ-BOGAZİÇİ YENİ MAĞAZASI            =koordinat:41.111555,29.049753
SARIYER->dict_values([1, 2, 3, 4, 5, 6, 7, 8, 9, 10, 11, 12, 13, 14, 15, 16, 17, 18, 19, 20, 21, 22, 23, 24, 25, 26, 27, 28, 29, 30, 31, 32, 33, 34, 35, 36, 37, 38, 39, 40, 41, 42, 43, 44, 45])ŞOK MİNİ-AYDINEVLER MAĞAZASI               =koordinat:41.13644,29.046854
SARIYER->dict_values([1, 2, 3, 4, 5, 6, 7, 8, 9, 10, 11, 12, 13, 14, 15, 16, 17, 18, 19, 20, 21, 22, 23, 24, 25, 26, 27, 28, 29, 30, 31, 32, 33, 34, 35, 36, 37, 38, 39, 40, 41, 42, 43, 44, 45])İSTANBUL SARIYER FSM MAĞAZASI              =koordinat:41.093486,29.040746
SARIYER->dict_values([1, 2, 3, 4, 5, 6, 7, 8, 9, 10, 11, 12, 13, 14, 15, 16, 17, 18, 19, 20, 21, 22, 23, 24, 25, 26, 27, 28, 29, 30, 31, 32, 33, 34, 35, 36, 37, 38, 39, 40, 41, 42, 43, 44, 45])ŞOK MİNİ-ALİPAŞA MAĞAZASI                  =koordinat:41.124871,29.054796
SARIYER->dict_values([1, 2, 3, 4, 5, 6, 7, 8, 9, 10, 11, 12, 13, 14, 15, 16, 17, 18, 19, 20, 21, 22, 23, 24, 25, 26, 27, 28, 29, 30, 31, 32, 33, 34, 35, 36, 37, 38, 39, 40, 41, 42, 43, 44, 45])İSTANBUL TARABYA SAHİL MAĞAZASI            =koordinat:41.1365,29.052132
SARIYER->dict_values([1, 2, 3, 4, 5, 6, 7, 8, 9, 10, 11, 12, 13, 14, 15, 16, 17, 18, 19, 20, 21, 22, 23, 24, 25, 26, 27, 28, 29, 30, 31, 32, 33, 34, 35, 36, 37, 38, 39, 40, 41, 42, 43, 44, 45])ŞOK MİNİ-GÜMÜŞDERE YENİ MAĞAZASI           =koordinat:41.236396,28.985195
SARIYER->dict_values([1, 2, 3, 4, 5, 6, 7, 8, 9, 10, 11, 12, 13, 14, 15, 16, 17, 18, 19, 20, 21, 22, 23, 24, 25, 26, 27, 28, 29, 30, 31, 32, 33, 34, 35, 36, 37, 38, 39, 40, 41, 42, 43, 44, 45])İSTANBUL FERAHEVLER VATAN CADDESİ MAĞAZASI =koordinat:41.129561,29.041969
SARIYER->dict_values([1, 2, 3, 4, 5, 6, 7, 8, 9, 10, 11, 12, 13, 14, 15, 16, 17, 18, 19, 20, 21, 22, 23, 24, 25, 26, 27, 28, 29, 30, 31, 32, 33, 34, 35, 36, 37, 38, 39, 40, 41, 42, 43, 44, 45])İSTANBUL İSTİNYE ÇAMLIBEL MAĞAZASI         =koordinat:41.115167,29.03281
SARIYER->dict_values([1, 2, 3, 4, 5, 6, 7, 8, 9, 10, 11, 12, 13, 14, 15, 16, 17, 18, 19, 20, 21, 22, 23, 24, 25, 26, 27, 28, 29, 30, 31, 32, 33, 34, 35, 36, 37, 38, 39, 40, 41, 42, 43, 44, 45])ŞOK-TARABYA                                =koordinat:41.14426669,29.03600973
SARIYER->dict_values([1, 2, 3, 4, 5, 6, 7, 8, 9, 10, 11, 12, 13, 14, 15, 16, 17, 18, 19, 20, 21, 22, 23, 24, 25, 26, 27, 28, 29, 30, 31, 32, 33, 34, 35, 36, 37, 38, 39, 40, 41, 42, 43, 44, 45])İSTANBUL SARIYER YENİKÖY MAĞAZASI          =koordinat:41.118527,29.06166
SARIYER->dict_values([1, 2, 3, 4, 5, 6, 7, 8, 9, 10, 11, 12, 13, 14, 15, 16, 17, 18, 19, 20, 21, 22, 23, 24, 25, 26, 27, 28, 29, 30, 31, 32, 33, 34, 35, 36, 37, 38, 39, 40, 41, 42, 43, 44, 45])ŞOK MİNİ DEĞİRMEN SOKAK MAĞAZASI           =koordinat:41.113877,29.05132
SARIYER->dict_values([1, 2, 3, 4, 5, 6, 7, 8, 9, 10, 11, 12, 13, 14, 15, 16, 17, 18, 19, 20, 21, 22, 23, 24, 25, 26, 27, 28, 29, 30, 31, 32, 33, 34, 35, 36, 37, 38, 39, 40, 41, 42, 43, 44, 45])ŞOK MİNİ USKUMRUKÖY MAĞAZASI               =koordinat:41.22057,29.024035
SARIYER->dict_values([1, 2, 3, 4, 5, 6, 7, 8, 9, 10, 11, 12, 13, 14, 15, 16, 17, 18, 19, 20, 21, 22, 23, 24, 25, 26, 27, 28, 29, 30, 31, 32, 33, 34, 35, 36, 37, 38, 39, 40, 41, 42, 43, 44, 45])ŞOK-KOCATAS2                               =koordinat:41.16997007,29.0365541
SARIYER->dict_values([1, 2, 3, 4, 5, 6, 7, 8, 9, 10, 11, 12, 13, 14, 15, 16, 17, 18, 19, 20, 21, 22, 23, 24, 25, 26, 27, 28, 29, 30, 31, 32, 33, 34, 35, 36, 37, 38, 39, 40, 41, 42, 43, 44, 45])İSTANBUL SARIYER KOCATAŞ MAĞAZASI          =koordinat:41.168872,29.031689
SARIYER->dict_values([1, 2, 3, 4, 5, 6, 7, 8, 9, 10, 11, 12, 13, 14, 15, 16, 17, 18, 19, 20, 21, 22, 23, 24, 25, 26, 27, 28, 29, 30, 31, 32, 33, 34, 35, 36, 37, 38, 39, 40, 41, 42, 43, 44, 45])İSTANBUL REŞİTPAŞA KIBRIS CADDESİ MAĞAZASI =koordinat:41.104431,29.039118
SARIYER->dict_values([1, 2, 3, 4, 5, 6, 7, 8, 9, 10, 11, 12, 13, 14, 15, 16, 17, 18, 19, 20, 21, 22, 23, 24, 25, 26, 27, 28, 29, 30, 31, 32, 33, 34, 35, 36, 37, 38, 39, 40, 41, 42, 43, 44, 45])SARIYER STADYUM MAĞAZASI                   =koordinat:41.17271018,29.05161953
SARIYER->dict_values([1, 2, 3, 4, 5, 6, 7, 8, 9, 10, 11, 12, 13, 14, 15, 16, 17, 18, 19, 20, 21, 22, 23, 24, 25, 26, 27, 28, 29, 30, 31, 32, 33, 34, 35, 36, 37, 38, 39, 40, 41, 42, 43, 44, 45])ŞOK MİNİ-AYAZ 2 MAĞAZASI                   =koordinat:41.0449,29
SARIYER->dict_values([1, 2, 3, 4, 5, 6, 7, 8, 9, 10, 11, 12, 13, 14, 15, 16, 17, 18, 19, 20, 21, 22, 23, 24, 25, 26, 27, 28, 29, 30, 31, 32, 33, 34, 35, 36, 37, 38, 39, 40, 41, 42, 43, 44, 45])ŞOK MİNİ BAHÇEKÖY MAĞAZASI                 =koordinat:41.1787607,28.9916341
SARIYER->dict_values([1, 2, 3, 4, 5, 6, 7, 8, 9, 10, 11, 12, 13, 14, 15, 16, 17, 18, 19, 20, 21, 22, 23, 24, 25, 26, 27, 28, 29, 30, 31, 32, 33, 34, 35, 36, 37, 38, 39, 40, 41, 42, 43, 44, 45])SARIYER GÜMÜŞDERE MAĞAZASI                 =koordinat:41.23580222,28.9858523
SARIYER->dict_values([1, 2, 3, 4, 5, 6, 7, 8, 9, 10, 11, 12, 13, 14, 15, 16, 17, 18, 19, 20, 21, 22, 23, 24, 25, 26, 27, 28, 29, 30, 31, 32, 33, 34, 35, 36, 37, 38, 39, 40, 41, 42, 43, 44, 45])ŞOK MİNİ-AYAZ MAĞAZASI                     =koordinat:41.021575,29.069224
SARIYER->dict_values([1, 2, 3, 4, 5, 6, 7, 8, 9, 10, 11, 12, 13, 14, 15, 16, 17, 18, 19, 20, 21, 22, 23, 24, 25, 26, 27, 28, 29, 30, 31, 32, 33, 34, 35, 36, 37, 38, 39, 40, 41, 42, 43, 44, 45])AYAZAĞA DERE MAĞAZASI                      =koordinat:41.115654,28.999317
SARIYER->dict_values([1, 2, 3, 4, 5, 6, 7, 8, 9, 10, 11, 12, 13, 14, 15, 16, 17, 18, 19, 20, 21, 22, 23, 24, 25, 26, 27, 28, 29, 30, 31, 32, 33, 34, 35, 36, 37, 38, 39, 40, 41, 42, 43, 44, 45])SARIYER KOZDERE MAĞAZASI                   =koordinat:41.15785417,29.02334217
SARIYER->dict_values([1, 2, 3, 4, 5, 6, 7, 8, 9, 10, 11, 12, 13, 14, 15, 16, 17, 18, 19, 20, 21, 22, 23, 24, 25, 26, 27, 28, 29, 30, 31, 32, 33, 34, 35, 36, 37, 38, 39, 40, 41, 42, 43, 44, 45])SARIYER BÜYÜKARMUTLU MAĞAZASI              =koordinat:41.0535,29.0157
SARIYER->dict_values([1, 2, 3, 4, 5, 6, 7, 8, 9, 10, 11, 12, 13, 14, 15, 16, 17, 18, 19, 20, 21, 22, 23, 24, 25, 26, 27, 28, 29, 30, 31, 32, 33, 34, 35, 36, 37, 38, 39, 40, 41, 42, 43, 44, 45])AYAZAĞA TEPE MAĞAZASI                      =koordinat:41.119919,29.003554
SİLİVRİ->dict_values([1, 2, 3, 4, 5, 6, 7, 8, 9, 10, 11, 12, 13, 14, 15, 16, 17, 18, 19, 20, 21, 22, 23, 24, 25, 26, 27, 28, 29, 30, 31, 32, 33, 34, 35, 36, 37, 38, 39, 40, 41, 42, 43, 44, 45])İSTANBUL SİLİVRİ BELEDİYE KONUTLARI MAĞA   =koordinat:41.075752,28.251753
SİLİVRİ->dict_values([1, 2, 3, 4, 5, 6, 7, 8, 9, 10, 11, 12, 13, 14, 15, 16, 17, 18, 19, 20, 21, 22, 23, 24, 25, 26, 27, 28, 29, 30, 31, 32, 33, 34, 35, 36, 37, 38, 39, 40, 41, 42, 43, 44, 45])İSTANBUL SELİMPAŞA MAĞAZASI                =koordinat:41.0603,28.3456
SİLİVRİ->dict_values([1, 2, 3, 4, 5, 6, 7, 8, 9, 10, 11, 12, 13, 14, 15, 16, 17, 18, 19, 20, 21, 22, 23, 24, 25, 26, 27, 28, 29, 30, 31, 32, 33, 34, 35, 36, 37, 38, 39, 40, 41, 42, 43, 44, 45])İSTANBUL AYKUT BARKA SELIMPASA MAĞAZASI    =koordinat:41.056069,28.367445
SİLİVRİ->dict_values([1, 2, 3, 4, 5, 6, 7, 8, 9, 10, 11, 12, 13, 14, 15, 16, 17, 18, 19, 20, 21, 22, 23, 24, 25, 26, 27, 28, 29, 30, 31, 32, 33, 34, 35, 36, 37, 38, 39, 40, 41, 42, 43, 44, 45])İSTANBUL SİLİVRİ ÇANTA MAĞAZASI            =koordinat:41.081937,28.081967
SİLİVRİ->dict_values([1, 2, 3, 4, 5, 6, 7, 8, 9, 10, 11, 12, 13, 14, 15, 16, 17, 18, 19, 20, 21, 22, 23, 24, 25, 26, 27, 28, 29, 30, 31, 32, 33, 34, 35, 36, 37, 38, 39, 40, 41, 42, 43, 44, 45])İSTANBUL SİLİVRİ KÖPRÜ MAĞAZASI            =koordinat:41.078292,28.237234
SİLİVRİ->dict_values([1, 2, 3, 4, 5, 6, 7, 8, 9, 10, 11, 12, 13, 14, 15, 16, 17, 18, 19, 20, 21, 22, 23, 24, 25, 26, 27, 28, 29, 30, 31, 32, 33, 34, 35, 36, 37, 38, 39, 40, 41, 42, 43, 44, 45])İSTANBUL SİLİVRİ DEĞİRMENKÖY MAĞAZASI      =koordinat:41.097568,28.00909
SİLİVRİ->dict_values([1, 2, 3, 4, 5, 6, 7, 8, 9, 10, 11, 12, 13, 14, 15, 16, 17, 18, 19, 20, 21, 22, 23, 24, 25, 26, 27, 28, 29, 30, 31, 32, 33, 34, 35, 36, 37, 38, 39, 40, 41, 42, 43, 44, 45])İSTANBUL SİLİVRİ ARAL MAĞAZASI             =koordinat:41.086977,28.255388
SİLİVRİ->dict_values([1, 2, 3, 4, 5, 6, 7, 8, 9, 10, 11, 12, 13, 14, 15, 16, 17, 18, 19, 20, 21, 22, 23, 24, 25, 26, 27, 28, 29, 30, 31, 32, 33, 34, 35, 36, 37, 38, 39, 40, 41, 42, 43, 44, 45])İSTANBUL SELİMPAŞA SEMRA MAĞAZASI          =koordinat:41.054664,28.368494
SİLİVRİ->dict_values([1, 2, 3, 4, 5, 6, 7, 8, 9, 10, 11, 12, 13, 14, 15, 16, 17, 18, 19, 20, 21, 22, 23, 24, 25, 26, 27, 28, 29, 30, 31, 32, 33, 34, 35, 36, 37, 38, 39, 40, 41, 42, 43, 44, 45])İSTANBUL SİLİVRİ ÇEŞME MAĞAZASI            =koordinat:41.074608,28.252182
SİLİVRİ->dict_values([1, 2, 3, 4, 5, 6, 7, 8, 9, 10, 11, 12, 13, 14, 15, 16, 17, 18, 19, 20, 21, 22, 23, 24, 25, 26, 27, 28, 29, 30, 31, 32, 33, 34, 35, 36, 37, 38, 39, 40, 41, 42, 43, 44, 45])ŞOK MİNİ-SAYALAR MAĞAZASI                  =koordinat:41.315106,28.176023
SİLİVRİ->dict_values([1, 2, 3, 4, 5, 6, 7, 8, 9, 10, 11, 12, 13, 14, 15, 16, 17, 18, 19, 20, 21, 22, 23, 24, 25, 26, 27, 28, 29, 30, 31, 32, 33, 34, 35, 36, 37, 38, 39, 40, 41, 42, 43, 44, 45])ŞOK MİNİ-FATİH CAMİ MAĞAZASI               =koordinat:41.072167,28.248304
SİLİVRİ->dict_values([1, 2, 3, 4, 5, 6, 7, 8, 9, 10, 11, 12, 13, 14, 15, 16, 17, 18, 19, 20, 21, 22, 23, 24, 25, 26, 27, 28, 29, 30, 31, 32, 33, 34, 35, 36, 37, 38, 39, 40, 41, 42, 43, 44, 45])İSTANBUL SİLİVRİ ÇANTA SANCAKTEPE MAĞAZASI =koordinat:41.093587,28.085564
SİLİVRİ->dict_values([1, 2, 3, 4, 5, 6, 7, 8, 9, 10, 11, 12, 13, 14, 15, 16, 17, 18, 19, 20, 21, 22, 23, 24, 25, 26, 27, 28, 29, 30, 31, 32, 33, 34, 35, 36, 37, 38, 39, 40, 41, 42, 43, 44, 45])ŞOK MİNİ-KADIKÖY SİLİVRİ MAĞAZASI          =koordinat:41.137666,28.364443
SİLİVRİ->dict_values([1, 2, 3, 4, 5, 6, 7, 8, 9, 10, 11, 12, 13, 14, 15, 16, 17, 18, 19, 20, 21, 22, 23, 24, 25, 26, 27, 28, 29, 30, 31, 32, 33, 34, 35, 36, 37, 38, 39, 40, 41, 42, 43, 44, 45])SİLİVRİ ORTAKÖY MEYDAN MAĞAZASI            =koordinat:41.10087,28.376318
SİLİVRİ->dict_values([1, 2, 3, 4, 5, 6, 7, 8, 9, 10, 11, 12, 13, 14, 15, 16, 17, 18, 19, 20, 21, 22, 23, 24, 25, 26, 27, 28, 29, 30, 31, 32, 33, 34, 35, 36, 37, 38, 39, 40, 41, 42, 43, 44, 45])İSTANBUL SİLİVRİ SEMİZKUMLAR               =koordinat:41.074557,28.148066
SİLİVRİ->dict_values([1, 2, 3, 4, 5, 6, 7, 8, 9, 10, 11, 12, 13, 14, 15, 16, 17, 18, 19, 20, 21, 22, 23, 24, 25, 26, 27, 28, 29, 30, 31, 32, 33, 34, 35, 36, 37, 38, 39, 40, 41, 42, 43, 44, 45])İSTANBUL SELİMPAŞA ADNAN MENDERES          =koordinat:41.054678,28.364688
SİLİVRİ->dict_values([1, 2, 3, 4, 5, 6, 7, 8, 9, 10, 11, 12, 13, 14, 15, 16, 17, 18, 19, 20, 21, 22, 23, 24, 25, 26, 27, 28, 29, 30, 31, 32, 33, 34, 35, 36, 37, 38, 39, 40, 41, 42, 43, 44, 45])ŞOK MİNİ-GOZLEM MAĞAZASI                   =koordinat:41.092595,28.33664
SİLİVRİ->dict_values([1, 2, 3, 4, 5, 6, 7, 8, 9, 10, 11, 12, 13, 14, 15, 16, 17, 18, 19, 20, 21, 22, 23, 24, 25, 26, 27, 28, 29, 30, 31, 32, 33, 34, 35, 36, 37, 38, 39, 40, 41, 42, 43, 44, 45])İSTANBUL SİLİVRİ ÇETİN EMEÇ MAĞAZASI       =koordinat:41.066578,28.294073
SİLİVRİ->dict_values([1, 2, 3, 4, 5, 6, 7, 8, 9, 10, 11, 12, 13, 14, 15, 16, 17, 18, 19, 20, 21, 22, 23, 24, 25, 26, 27, 28, 29, 30, 31, 32, 33, 34, 35, 36, 37, 38, 39, 40, 41, 42, 43, 44, 45])ŞOK MİNİ-FENER MAĞAZASI                    =koordinat:41.149888,28.235818
SİLİVRİ->dict_values([1, 2, 3, 4, 5, 6, 7, 8, 9, 10, 11, 12, 13, 14, 15, 16, 17, 18, 19, 20, 21, 22, 23, 24, 25, 26, 27, 28, 29, 30, 31, 32, 33, 34, 35, 36, 37, 38, 39, 40, 41, 42, 43, 44, 45])ŞOK MİNİ-SEYMEN MAĞAZASI                   =koordinat:41.156015,28.170148
SİLİVRİ->dict_values([1, 2, 3, 4, 5, 6, 7, 8, 9, 10, 11, 12, 13, 14, 15, 16, 17, 18, 19, 20, 21, 22, 23, 24, 25, 26, 27, 28, 29, 30, 31, 32, 33, 34, 35, 36, 37, 38, 39, 40, 41, 42, 43, 44, 45])ŞOK MİNİ-BEYCILER YENİ MAĞAZASI            =koordinat:41.234155,28.11473
SİLİVRİ->dict_values([1, 2, 3, 4, 5, 6, 7, 8, 9, 10, 11, 12, 13, 14, 15, 16, 17, 18, 19, 20, 21, 22, 23, 24, 25, 26, 27, 28, 29, 30, 31, 32, 33, 34, 35, 36, 37, 38, 39, 40, 41, 42, 43, 44, 45])ŞOK MİNİ - AKIN MAĞAZASI                   =koordinat:41.087773,28.244738
SİLİVRİ->dict_values([1, 2, 3, 4, 5, 6, 7, 8, 9, 10, 11, 12, 13, 14, 15, 16, 17, 18, 19, 20, 21, 22, 23, 24, 25, 26, 27, 28, 29, 30, 31, 32, 33, 34, 35, 36, 37, 38, 39, 40, 41, 42, 43, 44, 45])ŞOK MİNİ-YOĞURTHANE MAĞAZASI               =koordinat:41.055214,28.380231
SİLİVRİ->dict_values([1, 2, 3, 4, 5, 6, 7, 8, 9, 10, 11, 12, 13, 14, 15, 16, 17, 18, 19, 20, 21, 22, 23, 24, 25, 26, 27, 28, 29, 30, 31, 32, 33, 34, 35, 36, 37, 38, 39, 40, 41, 42, 43, 44, 45])İSTANBUL SELİMPAŞA MEHMET AKİF MAĞAZASI    =koordinat:41.056262,28.359838
SİLİVRİ->dict_values([1, 2, 3, 4, 5, 6, 7, 8, 9, 10, 11, 12, 13, 14, 15, 16, 17, 18, 19, 20, 21, 22, 23, 24, 25, 26, 27, 28, 29, 30, 31, 32, 33, 34, 35, 36, 37, 38, 39, 40, 41, 42, 43, 44, 45])ŞOK MİNİ - ALİBEY MAĞAZASI                 =koordinat:41.070181,28.258413
SİLİVRİ->dict_values([1, 2, 3, 4, 5, 6, 7, 8, 9, 10, 11, 12, 13, 14, 15, 16, 17, 18, 19, 20, 21, 22, 23, 24, 25, 26, 27, 28, 29, 30, 31, 32, 33, 34, 35, 36, 37, 38, 39, 40, 41, 42, 43, 44, 45])ŞOK MİNİ - DEMOKRASİ MAĞAZASI              =koordinat:41.250056,28.066686
SİLİVRİ->dict_values([1, 2, 3, 4, 5, 6, 7, 8, 9, 10, 11, 12, 13, 14, 15, 16, 17, 18, 19, 20, 21, 22, 23, 24, 25, 26, 27, 28, 29, 30, 31, 32, 33, 34, 35, 36, 37, 38, 39, 40, 41, 42, 43, 44, 45])ŞOK MİNİ BÜYÜKKILIÇLI                      =koordinat:41.16612,28.190349
SİLİVRİ->dict_values([1, 2, 3, 4, 5, 6, 7, 8, 9, 10, 11, 12, 13, 14, 15, 16, 17, 18, 19, 20, 21, 22, 23, 24, 25, 26, 27, 28, 29, 30, 31, 32, 33, 34, 35, 36, 37, 38, 39, 40, 41, 42, 43, 44, 45])ŞOK MİNİ-ORTAKÖY MAĞAZASI                  =koordinat:41.101537,28.378648
SİLİVRİ->dict_values([1, 2, 3, 4, 5, 6, 7, 8, 9, 10, 11, 12, 13, 14, 15, 16, 17, 18, 19, 20, 21, 22, 23, 24, 25, 26, 27, 28, 29, 30, 31, 32, 33, 34, 35, 36, 37, 38, 39, 40, 41, 42, 43, 44, 45])İSTANBUL SİLİVRİ YENİ MAHALLE MAĞAZASI     =koordinat:41.082478,28.263167
SİLİVRİ->dict_values([1, 2, 3, 4, 5, 6, 7, 8, 9, 10, 11, 12, 13, 14, 15, 16, 17, 18, 19, 20, 21, 22, 23, 24, 25, 26, 27, 28, 29, 30, 31, 32, 33, 34, 35, 36, 37, 38, 39, 40, 41, 42, 43, 44, 45])İSTANBUL SİLİVRİ VARNALI MAĞAZASI          =koordinat:41.079462,28.245597
SİLİVRİ->dict_values([1, 2, 3, 4, 5, 6, 7, 8, 9, 10, 11, 12, 13, 14, 15, 16, 17, 18, 19, 20, 21, 22, 23, 24, 25, 26, 27, 28, 29, 30, 31, 32, 33, 34, 35, 36, 37, 38, 39, 40, 41, 42, 43, 44, 45])ŞOK MİNİ-GÜNDOĞDU MAĞAZASI                 =koordinat:41.0699,28.272057
SİLİVRİ->dict_values([1, 2, 3, 4, 5, 6, 7, 8, 9, 10, 11, 12, 13, 14, 15, 16, 17, 18, 19, 20, 21, 22, 23, 24, 25, 26, 27, 28, 29, 30, 31, 32, 33, 34, 35, 36, 37, 38, 39, 40, 41, 42, 43, 44, 45])ŞOKMİNİ-SİLİVRİ SELİMPAŞA MAĞAZASI         =koordinat:41.0566,28.3825
SİLİVRİ->dict_values([1, 2, 3, 4, 5, 6, 7, 8, 9, 10, 11, 12, 13, 14, 15, 16, 17, 18, 19, 20, 21, 22, 23, 24, 25, 26, 27, 28, 29, 30, 31, 32, 33, 34, 35, 36, 37, 38, 39, 40, 41, 42, 43, 44, 45])SELİMPAŞA PAZARYERİ MAĞAZASI               =koordinat:41.05607,28.363949
SİLİVRİ->dict_values([1, 2, 3, 4, 5, 6, 7, 8, 9, 10, 11, 12, 13, 14, 15, 16, 17, 18, 19, 20, 21, 22, 23, 24, 25, 26, 27, 28, 29, 30, 31, 32, 33, 34, 35, 36, 37, 38, 39, 40, 41, 42, 43, 44, 45])ŞOK MİNİ-MERYEM ÇELTİK MAĞAZASI            =koordinat:41.110764,28.116241
SİLİVRİ->dict_values([1, 2, 3, 4, 5, 6, 7, 8, 9, 10, 11, 12, 13, 14, 15, 16, 17, 18, 19, 20, 21, 22, 23, 24, 25, 26, 27, 28, 29, 30, 31, 32, 33, 34, 35, 36, 37, 38, 39, 40, 41, 42, 43, 44, 45])SİLİVRİ ERDİNÇ MAĞAZASI                    =koordinat:41.069027,28.2605
SİLİVRİ->dict_values([1, 2, 3, 4, 5, 6, 7, 8, 9, 10, 11, 12, 13, 14, 15, 16, 17, 18, 19, 20, 21, 22, 23, 24, 25, 26, 27, 28, 29, 30, 31, 32, 33, 34, 35, 36, 37, 38, 39, 40, 41, 42, 43, 44, 45])SİLİVRİ BALCI SOK. MAĞAZASI                =koordinat:41.0887,28.2443
SİLİVRİ->dict_values([1, 2, 3, 4, 5, 6, 7, 8, 9, 10, 11, 12, 13, 14, 15, 16, 17, 18, 19, 20, 21, 22, 23, 24, 25, 26, 27, 28, 29, 30, 31, 32, 33, 34, 35, 36, 37, 38, 39, 40, 41, 42, 43, 44, 45])GÜMÜŞYAKA MAĞAZASI                         =koordinat:41.04853209,28.04478387
SİLİVRİ->dict_values([1, 2, 3, 4, 5, 6, 7, 8, 9, 10, 11, 12, 13, 14, 15, 16, 17, 18, 19, 20, 21, 22, 23, 24, 25, 26, 27, 28, 29, 30, 31, 32, 33, 34, 35, 36, 37, 38, 39, 40, 41, 42, 43, 44, 45])GÜMÜŞYAKA SAHİL MAĞAZASI                   =koordinat:41.0427,28.0482
SİLİVRİ->dict_values([1, 2, 3, 4, 5, 6, 7, 8, 9, 10, 11, 12, 13, 14, 15, 16, 17, 18, 19, 20, 21, 22, 23, 24, 25, 26, 27, 28, 29, 30, 31, 32, 33, 34, 35, 36, 37, 38, 39, 40, 41, 42, 43, 44, 45])ŞOK MİNİ-SİLİVRİ HASTANE MAĞAZASI          =koordinat:41.072305,28.258901
SİLİVRİ->dict_values([1, 2, 3, 4, 5, 6, 7, 8, 9, 10, 11, 12, 13, 14, 15, 16, 17, 18, 19, 20, 21, 22, 23, 24, 25, 26, 27, 28, 29, 30, 31, 32, 33, 34, 35, 36, 37, 38, 39, 40, 41, 42, 43, 44, 45])SİLİVRİ ELİBOL MAĞAZASI                    =koordinat:41.08131,28.273659
SİLİVRİ->dict_values([1, 2, 3, 4, 5, 6, 7, 8, 9, 10, 11, 12, 13, 14, 15, 16, 17, 18, 19, 20, 21, 22, 23, 24, 25, 26, 27, 28, 29, 30, 31, 32, 33, 34, 35, 36, 37, 38, 39, 40, 41, 42, 43, 44, 45])ŞOK MİNİ-BABÜR MAĞAZASI                    =koordinat:41.070429,28.253964
SİLİVRİ->dict_values([1, 2, 3, 4, 5, 6, 7, 8, 9, 10, 11, 12, 13, 14, 15, 16, 17, 18, 19, 20, 21, 22, 23, 24, 25, 26, 27, 28, 29, 30, 31, 32, 33, 34, 35, 36, 37, 38, 39, 40, 41, 42, 43, 44, 45])SİLİVRİ BALABAN MAĞAZASI                   =koordinat:41.089053,28.258826
SİLİVRİ->dict_values([1, 2, 3, 4, 5, 6, 7, 8, 9, 10, 11, 12, 13, 14, 15, 16, 17, 18, 19, 20, 21, 22, 23, 24, 25, 26, 27, 28, 29, 30, 31, 32, 33, 34, 35, 36, 37, 38, 39, 40, 41, 42, 43, 44, 45])ŞOK MİNİ-SULTAN ALPARSLAN MAĞAZASI         =koordinat:41.055347,28.380328
SİLİVRİ->dict_values([1, 2, 3, 4, 5, 6, 7, 8, 9, 10, 11, 12, 13, 14, 15, 16, 17, 18, 19, 20, 21, 22, 23, 24, 25, 26, 27, 28, 29, 30, 31, 32, 33, 34, 35, 36, 37, 38, 39, 40, 41, 42, 43, 44, 45])ŞOK-MİNİ SENCERBEY MAĞAZASI                =koordinat:41.0774,28.0845
SİLİVRİ->dict_values([1, 2, 3, 4, 5, 6, 7, 8, 9, 10, 11, 12, 13, 14, 15, 16, 17, 18, 19, 20, 21, 22, 23, 24, 25, 26, 27, 28, 29, 30, 31, 32, 33, 34, 35, 36, 37, 38, 39, 40, 41, 42, 43, 44, 45])SİLİVRİ KİPTAŞ MAĞAZASI                    =koordinat:41.081851,28.250114
SİLİVRİ->dict_values([1, 2, 3, 4, 5, 6, 7, 8, 9, 10, 11, 12, 13, 14, 15, 16, 17, 18, 19, 20, 21, 22, 23, 24, 25, 26, 27, 28, 29, 30, 31, 32, 33, 34, 35, 36, 37, 38, 39, 40, 41, 42, 43, 44, 45])SİLİVRİ TOMBAZ MAĞAZASI                    =koordinat:41.08580256,28.19367528
SİLİVRİ->dict_values([1, 2, 3, 4, 5, 6, 7, 8, 9, 10, 11, 12, 13, 14, 15, 16, 17, 18, 19, 20, 21, 22, 23, 24, 25, 26, 27, 28, 29, 30, 31, 32, 33, 34, 35, 36, 37, 38, 39, 40, 41, 42, 43, 44, 45])SİLİVRİ GAZİTEPE MAĞAZASI                  =koordinat:41.1274,28.3221
SİLİVRİ->dict_values([1, 2, 3, 4, 5, 6, 7, 8, 9, 10, 11, 12, 13, 14, 15, 16, 17, 18, 19, 20, 21, 22, 23, 24, 25, 26, 27, 28, 29, 30, 31, 32, 33, 34, 35, 36, 37, 38, 39, 40, 41, 42, 43, 44, 45])SİLİVRİ KATRAL SOK. MAĞAZASI               =koordinat:41.0781,28.5264
SİLİVRİ->dict_values([1, 2, 3, 4, 5, 6, 7, 8, 9, 10, 11, 12, 13, 14, 15, 16, 17, 18, 19, 20, 21, 22, 23, 24, 25, 26, 27, 28, 29, 30, 31, 32, 33, 34, 35, 36, 37, 38, 39, 40, 41, 42, 43, 44, 45])SİLİVRİ BAHATTİN MAĞAZASI                  =koordinat:41.079234,28.263928
SİLİVRİ->dict_values([1, 2, 3, 4, 5, 6, 7, 8, 9, 10, 11, 12, 13, 14, 15, 16, 17, 18, 19, 20, 21, 22, 23, 24, 25, 26, 27, 28, 29, 30, 31, 32, 33, 34, 35, 36, 37, 38, 39, 40, 41, 42, 43, 44, 45])ŞOK MİNİ- ALTAY MAĞAZASI                   =koordinat:41.306357,28.240599
SİLİVRİ->dict_values([1, 2, 3, 4, 5, 6, 7, 8, 9, 10, 11, 12, 13, 14, 15, 16, 17, 18, 19, 20, 21, 22, 23, 24, 25, 26, 27, 28, 29, 30, 31, 32, 33, 34, 35, 36, 37, 38, 39, 40, 41, 42, 43, 44, 45])ŞOK MİNİ-ÇAYIRDERE YENİ MAĞAZASI           =koordinat:41.2818,28.1451
SİLİVRİ->dict_values([1, 2, 3, 4, 5, 6, 7, 8, 9, 10, 11, 12, 13, 14, 15, 16, 17, 18, 19, 20, 21, 22, 23, 24, 25, 26, 27, 28, 29, 30, 31, 32, 33, 34, 35, 36, 37, 38, 39, 40, 41, 42, 43, 44, 45])SİLİVRİ İNÖNÜ CAD. MAĞAZASI                =koordinat:41.0789,28.2425
SULTANBEYLİ->dict_values([1, 2, 3, 4, 5, 6, 7, 8, 9, 10, 11, 12, 13, 14, 15, 16, 17, 18, 19, 20, 21, 22, 23, 24, 25, 26, 27, 28, 29, 30, 31, 32, 33, 34, 35, 36, 37, 38, 39, 40, 41, 42, 43, 44, 45])İSTANBUL A.GAZİ SULTANBEYLİ MAĞAZASI       =koordinat:40.9669,29.2625
SULTANBEYLİ->dict_values([1, 2, 3, 4, 5, 6, 7, 8, 9, 10, 11, 12, 13, 14, 15, 16, 17, 18, 19, 20, 21, 22, 23, 24, 25, 26, 27, 28, 29, 30, 31, 32, 33, 34, 35, 36, 37, 38, 39, 40, 41, 42, 43, 44, 45])İSTANBUL SULTANBEYLİ GÖLET MAĞAZASI        =koordinat:40.9512,29.2824
SULTANBEYLİ->dict_values([1, 2, 3, 4, 5, 6, 7, 8, 9, 10, 11, 12, 13, 14, 15, 16, 17, 18, 19, 20, 21, 22, 23, 24, 25, 26, 27, 28, 29, 30, 31, 32, 33, 34, 35, 36, 37, 38, 39, 40, 41, 42, 43, 44, 45])İSTANBUL SULTANBEYLİ PETROLYOLU CADDESİ MAĞAZASI=koordinat:40.960326,29.26916
SULTANBEYLİ->dict_values([1, 2, 3, 4, 5, 6, 7, 8, 9, 10, 11, 12, 13, 14, 15, 16, 17, 18, 19, 20, 21, 22, 23, 24, 25, 26, 27, 28, 29, 30, 31, 32, 33, 34, 35, 36, 37, 38, 39, 40, 41, 42, 43, 44, 45])İSTANBUL MÜCAHİT CADDESİ SULTANBEYLİ MAĞAZASI=koordinat:40.973106,29.273634
SULTANBEYLİ->dict_values([1, 2, 3, 4, 5, 6, 7, 8, 9, 10, 11, 12, 13, 14, 15, 16, 17, 18, 19, 20, 21, 22, 23, 24, 25, 26, 27, 28, 29, 30, 31, 32, 33, 34, 35, 36, 37, 38, 39, 40, 41, 42, 43, 44, 45])İSTANBUL SULTANBEYLİ BİBERLİK CAD MAĞAZASI =koordinat:40.976731,29.266218
SULTANBEYLİ->dict_values([1, 2, 3, 4, 5, 6, 7, 8, 9, 10, 11, 12, 13, 14, 15, 16, 17, 18, 19, 20, 21, 22, 23, 24, 25, 26, 27, 28, 29, 30, 31, 32, 33, 34, 35, 36, 37, 38, 39, 40, 41, 42, 43, 44, 45])ŞOK MİNİ-DOLUNAY MAĞAZASI                  =koordinat:40.9633,29.2527
SULTANBEYLİ->dict_values([1, 2, 3, 4, 5, 6, 7, 8, 9, 10, 11, 12, 13, 14, 15, 16, 17, 18, 19, 20, 21, 22, 23, 24, 25, 26, 27, 28, 29, 30, 31, 32, 33, 34, 35, 36, 37, 38, 39, 40, 41, 42, 43, 44, 45])İSTANBUL SULTANBEYLİ ADİL MAĞAZASI         =koordinat:40.982073,29.261833
SULTANBEYLİ->dict_values([1, 2, 3, 4, 5, 6, 7, 8, 9, 10, 11, 12, 13, 14, 15, 16, 17, 18, 19, 20, 21, 22, 23, 24, 25, 26, 27, 28, 29, 30, 31, 32, 33, 34, 35, 36, 37, 38, 39, 40, 41, 42, 43, 44, 45])ŞOK MİNİ SULTANBEYLİ ORMAN CADDE MAĞAZASI  =koordinat:40.958676,29.256253
SULTANBEYLİ->dict_values([1, 2, 3, 4, 5, 6, 7, 8, 9, 10, 11, 12, 13, 14, 15, 16, 17, 18, 19, 20, 21, 22, 23, 24, 25, 26, 27, 28, 29, 30, 31, 32, 33, 34, 35, 36, 37, 38, 39, 40, 41, 42, 43, 44, 45])ŞOK MİNİ-SULTANMEHMET MAĞAZASI             =koordinat:40.960024,29.262009
SULTANBEYLİ->dict_values([1, 2, 3, 4, 5, 6, 7, 8, 9, 10, 11, 12, 13, 14, 15, 16, 17, 18, 19, 20, 21, 22, 23, 24, 25, 26, 27, 28, 29, 30, 31, 32, 33, 34, 35, 36, 37, 38, 39, 40, 41, 42, 43, 44, 45])ŞOK MİNİ-CATALPINAR MAĞAZASI               =koordinat:40.965678,29.255315
SULTANBEYLİ->dict_values([1, 2, 3, 4, 5, 6, 7, 8, 9, 10, 11, 12, 13, 14, 15, 16, 17, 18, 19, 20, 21, 22, 23, 24, 25, 26, 27, 28, 29, 30, 31, 32, 33, 34, 35, 36, 37, 38, 39, 40, 41, 42, 43, 44, 45])ŞOK MİNİ-4.MURAT MAĞAZASI                  =koordinat:40.975564,29.263224
SULTANBEYLİ->dict_values([1, 2, 3, 4, 5, 6, 7, 8, 9, 10, 11, 12, 13, 14, 15, 16, 17, 18, 19, 20, 21, 22, 23, 24, 25, 26, 27, 28, 29, 30, 31, 32, 33, 34, 35, 36, 37, 38, 39, 40, 41, 42, 43, 44, 45])ŞOK MİNİ-KIZTASI MAĞAZASI                  =koordinat:40.993903,29.260148
SULTANBEYLİ->dict_values([1, 2, 3, 4, 5, 6, 7, 8, 9, 10, 11, 12, 13, 14, 15, 16, 17, 18, 19, 20, 21, 22, 23, 24, 25, 26, 27, 28, 29, 30, 31, 32, 33, 34, 35, 36, 37, 38, 39, 40, 41, 42, 43, 44, 45])İSTANBUL SULTANBEYLİ DUMLUPINAR CAD. MAĞAZASI=koordinat:40.96656,29.253335
SULTANBEYLİ->dict_values([1, 2, 3, 4, 5, 6, 7, 8, 9, 10, 11, 12, 13, 14, 15, 16, 17, 18, 19, 20, 21, 22, 23, 24, 25, 26, 27, 28, 29, 30, 31, 32, 33, 34, 35, 36, 37, 38, 39, 40, 41, 42, 43, 44, 45])İSTANBUL SULTANBEYLİ SPORYOLU MAĞAZASI     =koordinat:40.989653,29.260854
SULTANBEYLİ->dict_values([1, 2, 3, 4, 5, 6, 7, 8, 9, 10, 11, 12, 13, 14, 15, 16, 17, 18, 19, 20, 21, 22, 23, 24, 25, 26, 27, 28, 29, 30, 31, 32, 33, 34, 35, 36, 37, 38, 39, 40, 41, 42, 43, 44, 45])İSTANBUL SULTANBEYLİ HASANPAŞA MAĞAZASI    =koordinat:40.972067,29.248247
SULTANBEYLİ->dict_values([1, 2, 3, 4, 5, 6, 7, 8, 9, 10, 11, 12, 13, 14, 15, 16, 17, 18, 19, 20, 21, 22, 23, 24, 25, 26, 27, 28, 29, 30, 31, 32, 33, 34, 35, 36, 37, 38, 39, 40, 41, 42, 43, 44, 45])SULTANBEYLİ YILDIRIM CAD. MAĞAZASI         =koordinat:40.97671585,29.27685186
SULTANBEYLİ->dict_values([1, 2, 3, 4, 5, 6, 7, 8, 9, 10, 11, 12, 13, 14, 15, 16, 17, 18, 19, 20, 21, 22, 23, 24, 25, 26, 27, 28, 29, 30, 31, 32, 33, 34, 35, 36, 37, 38, 39, 40, 41, 42, 43, 44, 45])SULTANBEYLİ FERHAT SOK MAĞAZASI            =koordinat:40.990313,29.263893
SULTANBEYLİ->dict_values([1, 2, 3, 4, 5, 6, 7, 8, 9, 10, 11, 12, 13, 14, 15, 16, 17, 18, 19, 20, 21, 22, 23, 24, 25, 26, 27, 28, 29, 30, 31, 32, 33, 34, 35, 36, 37, 38, 39, 40, 41, 42, 43, 44, 45])SULTANBEYLİ MEDİNE CAD. MAĞAZASI           =koordinat:40.978664,29.261255
SULTANBEYLİ->dict_values([1, 2, 3, 4, 5, 6, 7, 8, 9, 10, 11, 12, 13, 14, 15, 16, 17, 18, 19, 20, 21, 22, 23, 24, 25, 26, 27, 28, 29, 30, 31, 32, 33, 34, 35, 36, 37, 38, 39, 40, 41, 42, 43, 44, 45])SULTANBEYLİ YENİBAHAR SOK MAĞAZASI         =koordinat:40.977997,29.256468
SULTANBEYLİ->dict_values([1, 2, 3, 4, 5, 6, 7, 8, 9, 10, 11, 12, 13, 14, 15, 16, 17, 18, 19, 20, 21, 22, 23, 24, 25, 26, 27, 28, 29, 30, 31, 32, 33, 34, 35, 36, 37, 38, 39, 40, 41, 42, 43, 44, 45])SULTANBEYLİ AMASYA CADDESİ MAĞAZASI        =koordinat:40.9574907,29.30043921
SULTANBEYLİ->dict_values([1, 2, 3, 4, 5, 6, 7, 8, 9, 10, 11, 12, 13, 14, 15, 16, 17, 18, 19, 20, 21, 22, 23, 24, 25, 26, 27, 28, 29, 30, 31, 32, 33, 34, 35, 36, 37, 38, 39, 40, 41, 42, 43, 44, 45])SULTANBEYLİ TRABZON CAD MAĞAZASI           =koordinat:40.940332,29.277328
SULTANBEYLİ->dict_values([1, 2, 3, 4, 5, 6, 7, 8, 9, 10, 11, 12, 13, 14, 15, 16, 17, 18, 19, 20, 21, 22, 23, 24, 25, 26, 27, 28, 29, 30, 31, 32, 33, 34, 35, 36, 37, 38, 39, 40, 41, 42, 43, 44, 45])SULTANBEYLİ KIZILELMA SOK MAĞAZASI         =koordinat:40.993858,29.276226
SULTANBEYLİ->dict_values([1, 2, 3, 4, 5, 6, 7, 8, 9, 10, 11, 12, 13, 14, 15, 16, 17, 18, 19, 20, 21, 22, 23, 24, 25, 26, 27, 28, 29, 30, 31, 32, 33, 34, 35, 36, 37, 38, 39, 40, 41, 42, 43, 44, 45])SULTANBEYLİ ÇAMLIK CAD MAĞAZASI            =koordinat:40.967954,29.275529
SULTANBEYLİ->dict_values([1, 2, 3, 4, 5, 6, 7, 8, 9, 10, 11, 12, 13, 14, 15, 16, 17, 18, 19, 20, 21, 22, 23, 24, 25, 26, 27, 28, 29, 30, 31, 32, 33, 34, 35, 36, 37, 38, 39, 40, 41, 42, 43, 44, 45])SULTANBEYLİ HACEGAN SOKAK MAĞAZASI         =koordinat:40.985101,29.266763
SULTANBEYLİ->dict_values([1, 2, 3, 4, 5, 6, 7, 8, 9, 10, 11, 12, 13, 14, 15, 16, 17, 18, 19, 20, 21, 22, 23, 24, 25, 26, 27, 28, 29, 30, 31, 32, 33, 34, 35, 36, 37, 38, 39, 40, 41, 42, 43, 44, 45])ŞOK MİNİ-SULTANBEYLİ BERAT CAD MAĞAZASI    =koordinat:40.961658,29.274412
SULTANBEYLİ->dict_values([1, 2, 3, 4, 5, 6, 7, 8, 9, 10, 11, 12, 13, 14, 15, 16, 17, 18, 19, 20, 21, 22, 23, 24, 25, 26, 27, 28, 29, 30, 31, 32, 33, 34, 35, 36, 37, 38, 39, 40, 41, 42, 43, 44, 45])SULTANBEYLİ MEHMET AKİF MAH MAĞAZASI       =koordinat:40.956575,29.264896
SULTANBEYLİ->dict_values([1, 2, 3, 4, 5, 6, 7, 8, 9, 10, 11, 12, 13, 14, 15, 16, 17, 18, 19, 20, 21, 22, 23, 24, 25, 26, 27, 28, 29, 30, 31, 32, 33, 34, 35, 36, 37, 38, 39, 40, 41, 42, 43, 44, 45])SULTANBEYLİ ŞEH ŞAMİL MAĞAZASI             =koordinat:40.9708,29.2691
SULTANBEYLİ->dict_values([1, 2, 3, 4, 5, 6, 7, 8, 9, 10, 11, 12, 13, 14, 15, 16, 17, 18, 19, 20, 21, 22, 23, 24, 25, 26, 27, 28, 29, 30, 31, 32, 33, 34, 35, 36, 37, 38, 39, 40, 41, 42, 43, 44, 45])SULTANBEYLİ EKOL CAD. MAĞAZASI             =koordinat:40.9788462,29.2529763
SULTANBEYLİ->dict_values([1, 2, 3, 4, 5, 6, 7, 8, 9, 10, 11, 12, 13, 14, 15, 16, 17, 18, 19, 20, 21, 22, 23, 24, 25, 26, 27, 28, 29, 30, 31, 32, 33, 34, 35, 36, 37, 38, 39, 40, 41, 42, 43, 44, 45])SULTANBEYLİ ŞEN CAD. MAĞAZASI              =koordinat:40.9642,29.2645
SULTANBEYLİ->dict_values([1, 2, 3, 4, 5, 6, 7, 8, 9, 10, 11, 12, 13, 14, 15, 16, 17, 18, 19, 20, 21, 22, 23, 24, 25, 26, 27, 28, 29, 30, 31, 32, 33, 34, 35, 36, 37, 38, 39, 40, 41, 42, 43, 44, 45])SULTANBEYLİ MÜRŞİD CAD. MAĞAZASI           =koordinat:40.95536898,29.28758816
SULTANBEYLİ->dict_values([1, 2, 3, 4, 5, 6, 7, 8, 9, 10, 11, 12, 13, 14, 15, 16, 17, 18, 19, 20, 21, 22, 23, 24, 25, 26, 27, 28, 29, 30, 31, 32, 33, 34, 35, 36, 37, 38, 39, 40, 41, 42, 43, 44, 45])SULTANBEYLİ NENE HATUN SOK. MAĞAZASI       =koordinat:40.9912,29.2602
SULTANBEYLİ->dict_values([1, 2, 3, 4, 5, 6, 7, 8, 9, 10, 11, 12, 13, 14, 15, 16, 17, 18, 19, 20, 21, 22, 23, 24, 25, 26, 27, 28, 29, 30, 31, 32, 33, 34, 35, 36, 37, 38, 39, 40, 41, 42, 43, 44, 45])SULTANBEYLİ POLONEZ CAD. MAĞAZASI          =koordinat:41.1454,27.8278
SULTANBEYLİ->dict_values([1, 2, 3, 4, 5, 6, 7, 8, 9, 10, 11, 12, 13, 14, 15, 16, 17, 18, 19, 20, 21, 22, 23, 24, 25, 26, 27, 28, 29, 30, 31, 32, 33, 34, 35, 36, 37, 38, 39, 40, 41, 42, 43, 44, 45])SANCAKTEPE RÜSTEM PAŞA MAĞAZASI            =koordinat:41.1445,27.8276
SULTANGAZİ->dict_values([1, 2, 3, 4, 5, 6, 7, 8, 9, 10, 11, 12, 13, 14, 15, 16, 17, 18, 19, 20, 21, 22, 23, 24, 25, 26, 27, 28, 29, 30, 31, 32, 33, 34, 35, 36, 37, 38, 39, 40, 41, 42, 43, 44, 45])İSTANBUL SULTANGAZİ ORDU CADDESİ MAĞAZASI  =koordinat:41.1019,28.8603
SULTANGAZİ->dict_values([1, 2, 3, 4, 5, 6, 7, 8, 9, 10, 11, 12, 13, 14, 15, 16, 17, 18, 19, 20, 21, 22, 23, 24, 25, 26, 27, 28, 29, 30, 31, 32, 33, 34, 35, 36, 37, 38, 39, 40, 41, 42, 43, 44, 45])İSTANBUL SULTANGAZİ SİTELER MAĞAZASI       =koordinat:41.086876,28.877995
SULTANGAZİ->dict_values([1, 2, 3, 4, 5, 6, 7, 8, 9, 10, 11, 12, 13, 14, 15, 16, 17, 18, 19, 20, 21, 22, 23, 24, 25, 26, 27, 28, 29, 30, 31, 32, 33, 34, 35, 36, 37, 38, 39, 40, 41, 42, 43, 44, 45])İSTANBUL SULTANKENT MAĞAZASI               =koordinat:41.102117,28.869308
SULTANGAZİ->dict_values([1, 2, 3, 4, 5, 6, 7, 8, 9, 10, 11, 12, 13, 14, 15, 16, 17, 18, 19, 20, 21, 22, 23, 24, 25, 26, 27, 28, 29, 30, 31, 32, 33, 34, 35, 36, 37, 38, 39, 40, 41, 42, 43, 44, 45])İSTANBUL SONDURAK MAĞAZASI                 =koordinat:41.097014,28.891787
SULTANGAZİ->dict_values([1, 2, 3, 4, 5, 6, 7, 8, 9, 10, 11, 12, 13, 14, 15, 16, 17, 18, 19, 20, 21, 22, 23, 24, 25, 26, 27, 28, 29, 30, 31, 32, 33, 34, 35, 36, 37, 38, 39, 40, 41, 42, 43, 44, 45])İSTANBUL GAZİ MAHALLESİ MAĞAZASI           =koordinat:41.098362,28.908827
SULTANGAZİ->dict_values([1, 2, 3, 4, 5, 6, 7, 8, 9, 10, 11, 12, 13, 14, 15, 16, 17, 18, 19, 20, 21, 22, 23, 24, 25, 26, 27, 28, 29, 30, 31, 32, 33, 34, 35, 36, 37, 38, 39, 40, 41, 42, 43, 44, 45])İSTANBUL SULTANGAZİ 50. YIL MAĞAZASI       =koordinat:41.092239,28.873747
SULTANGAZİ->dict_values([1, 2, 3, 4, 5, 6, 7, 8, 9, 10, 11, 12, 13, 14, 15, 16, 17, 18, 19, 20, 21, 22, 23, 24, 25, 26, 27, 28, 29, 30, 31, 32, 33, 34, 35, 36, 37, 38, 39, 40, 41, 42, 43, 44, 45])İSTANBUL SULTANGAZİ UĞUR MUMCU MAĞAZASI    =koordinat:41.096888,28.868722
SULTANGAZİ->dict_values([1, 2, 3, 4, 5, 6, 7, 8, 9, 10, 11, 12, 13, 14, 15, 16, 17, 18, 19, 20, 21, 22, 23, 24, 25, 26, 27, 28, 29, 30, 31, 32, 33, 34, 35, 36, 37, 38, 39, 40, 41, 42, 43, 44, 45])İSTANBUL SULTANGAZİ MESUT TEZCAN MAĞAZASI  =koordinat:41.090933,28.86571
SULTANGAZİ->dict_values([1, 2, 3, 4, 5, 6, 7, 8, 9, 10, 11, 12, 13, 14, 15, 16, 17, 18, 19, 20, 21, 22, 23, 24, 25, 26, 27, 28, 29, 30, 31, 32, 33, 34, 35, 36, 37, 38, 39, 40, 41, 42, 43, 44, 45])İSTANBUL SULTANGAZİ VEFA POYRAZ MAĞAZASI   =koordinat:41.133367,28.827897
SULTANGAZİ->dict_values([1, 2, 3, 4, 5, 6, 7, 8, 9, 10, 11, 12, 13, 14, 15, 16, 17, 18, 19, 20, 21, 22, 23, 24, 25, 26, 27, 28, 29, 30, 31, 32, 33, 34, 35, 36, 37, 38, 39, 40, 41, 42, 43, 44, 45])İSTANBUL SULTANGAZİ ZEYNEP BARIŞ MAĞAZASI  =koordinat:41.107447,28.895805
SULTANGAZİ->dict_values([1, 2, 3, 4, 5, 6, 7, 8, 9, 10, 11, 12, 13, 14, 15, 16, 17, 18, 19, 20, 21, 22, 23, 24, 25, 26, 27, 28, 29, 30, 31, 32, 33, 34, 35, 36, 37, 38, 39, 40, 41, 42, 43, 44, 45])İSTANBUL SULTANGAZİ MALKOÇOĞLU MAĞAZASI    =koordinat:41.113382,28.849896
SULTANGAZİ->dict_values([1, 2, 3, 4, 5, 6, 7, 8, 9, 10, 11, 12, 13, 14, 15, 16, 17, 18, 19, 20, 21, 22, 23, 24, 25, 26, 27, 28, 29, 30, 31, 32, 33, 34, 35, 36, 37, 38, 39, 40, 41, 42, 43, 44, 45])İSTANBUL SULTANGAZİ 75.YIL MAĞAZASI        =koordinat:41.095829,28.906397
SULTANGAZİ->dict_values([1, 2, 3, 4, 5, 6, 7, 8, 9, 10, 11, 12, 13, 14, 15, 16, 17, 18, 19, 20, 21, 22, 23, 24, 25, 26, 27, 28, 29, 30, 31, 32, 33, 34, 35, 36, 37, 38, 39, 40, 41, 42, 43, 44, 45])İSTANBUL SULTANGAZİ İSMETPAŞA MAĞAZASI     =koordinat:41.111993,28.854322
SULTANGAZİ->dict_values([1, 2, 3, 4, 5, 6, 7, 8, 9, 10, 11, 12, 13, 14, 15, 16, 17, 18, 19, 20, 21, 22, 23, 24, 25, 26, 27, 28, 29, 30, 31, 32, 33, 34, 35, 36, 37, 38, 39, 40, 41, 42, 43, 44, 45])SULTANGAZİ ÖZER MAĞAZASI                   =koordinat:41.0906627,28.8694591
SULTANGAZİ->dict_values([1, 2, 3, 4, 5, 6, 7, 8, 9, 10, 11, 12, 13, 14, 15, 16, 17, 18, 19, 20, 21, 22, 23, 24, 25, 26, 27, 28, 29, 30, 31, 32, 33, 34, 35, 36, 37, 38, 39, 40, 41, 42, 43, 44, 45])İSTANBUL SULTANGAZİ ONUR MAĞAZASI          =koordinat:41.1089647,28.8525675
SULTANGAZİ->dict_values([1, 2, 3, 4, 5, 6, 7, 8, 9, 10, 11, 12, 13, 14, 15, 16, 17, 18, 19, 20, 21, 22, 23, 24, 25, 26, 27, 28, 29, 30, 31, 32, 33, 34, 35, 36, 37, 38, 39, 40, 41, 42, 43, 44, 45])İSTANBUL SULTANGAZİ MEHMETÇİK MAĞAZASI     =koordinat:41.099387,28.89216
SULTANGAZİ->dict_values([1, 2, 3, 4, 5, 6, 7, 8, 9, 10, 11, 12, 13, 14, 15, 16, 17, 18, 19, 20, 21, 22, 23, 24, 25, 26, 27, 28, 29, 30, 31, 32, 33, 34, 35, 36, 37, 38, 39, 40, 41, 42, 43, 44, 45])İSTANBUL SULTANGAZİ CEBECİ MAĞAZASI        =koordinat:41.110048,28.860955
SULTANGAZİ->dict_values([1, 2, 3, 4, 5, 6, 7, 8, 9, 10, 11, 12, 13, 14, 15, 16, 17, 18, 19, 20, 21, 22, 23, 24, 25, 26, 27, 28, 29, 30, 31, 32, 33, 34, 35, 36, 37, 38, 39, 40, 41, 42, 43, 44, 45])İSTANBUL GAZİ MAHALLESİ İSMETPAŞA CADDESİ MAĞAZASI=koordinat:41.105302,28.896462
SULTANGAZİ->dict_values([1, 2, 3, 4, 5, 6, 7, 8, 9, 10, 11, 12, 13, 14, 15, 16, 17, 18, 19, 20, 21, 22, 23, 24, 25, 26, 27, 28, 29, 30, 31, 32, 33, 34, 35, 36, 37, 38, 39, 40, 41, 42, 43, 44, 45])İSTANBUL SULTANGAZİ AKIN MAĞAZASI          =koordinat:41.093719,28.892267
SULTANGAZİ->dict_values([1, 2, 3, 4, 5, 6, 7, 8, 9, 10, 11, 12, 13, 14, 15, 16, 17, 18, 19, 20, 21, 22, 23, 24, 25, 26, 27, 28, 29, 30, 31, 32, 33, 34, 35, 36, 37, 38, 39, 40, 41, 42, 43, 44, 45])ŞOK MİNİ ESENTEPE MAĞAZASI                 =koordinat:41.097606,28.878682
SULTANGAZİ->dict_values([1, 2, 3, 4, 5, 6, 7, 8, 9, 10, 11, 12, 13, 14, 15, 16, 17, 18, 19, 20, 21, 22, 23, 24, 25, 26, 27, 28, 29, 30, 31, 32, 33, 34, 35, 36, 37, 38, 39, 40, 41, 42, 43, 44, 45])İSTANBUL SULTANGAZİ ESENTEPE MAĞAZASI      =koordinat:41.098133,28.885556
SULTANGAZİ->dict_values([1, 2, 3, 4, 5, 6, 7, 8, 9, 10, 11, 12, 13, 14, 15, 16, 17, 18, 19, 20, 21, 22, 23, 24, 25, 26, 27, 28, 29, 30, 31, 32, 33, 34, 35, 36, 37, 38, 39, 40, 41, 42, 43, 44, 45])İSTANBUL MİLLET CAD MAĞAZASI               =koordinat:41.10549,28.900545
SULTANGAZİ->dict_values([1, 2, 3, 4, 5, 6, 7, 8, 9, 10, 11, 12, 13, 14, 15, 16, 17, 18, 19, 20, 21, 22, 23, 24, 25, 26, 27, 28, 29, 30, 31, 32, 33, 34, 35, 36, 37, 38, 39, 40, 41, 42, 43, 44, 45])İSTANBUL ADİL PARK MAĞAZASI                =koordinat:41.09457,28.872596
SULTANGAZİ->dict_values([1, 2, 3, 4, 5, 6, 7, 8, 9, 10, 11, 12, 13, 14, 15, 16, 17, 18, 19, 20, 21, 22, 23, 24, 25, 26, 27, 28, 29, 30, 31, 32, 33, 34, 35, 36, 37, 38, 39, 40, 41, 42, 43, 44, 45])ŞOK MİNİ-SARNIÇ YENİ MAĞAZASI              =koordinat:41.148234,28.852941
SULTANGAZİ->dict_values([1, 2, 3, 4, 5, 6, 7, 8, 9, 10, 11, 12, 13, 14, 15, 16, 17, 18, 19, 20, 21, 22, 23, 24, 25, 26, 27, 28, 29, 30, 31, 32, 33, 34, 35, 36, 37, 38, 39, 40, 41, 42, 43, 44, 45])İSTANBUL SULTANGAZİ ZÜBEYDE HANIM MAĞAZASI =koordinat:41.098344,28.906692
SULTANGAZİ->dict_values([1, 2, 3, 4, 5, 6, 7, 8, 9, 10, 11, 12, 13, 14, 15, 16, 17, 18, 19, 20, 21, 22, 23, 24, 25, 26, 27, 28, 29, 30, 31, 32, 33, 34, 35, 36, 37, 38, 39, 40, 41, 42, 43, 44, 45])İSTANBUL SULTANGAZİ PARK MAĞAZASI          =koordinat:41.09662,28.893761
SULTANGAZİ->dict_values([1, 2, 3, 4, 5, 6, 7, 8, 9, 10, 11, 12, 13, 14, 15, 16, 17, 18, 19, 20, 21, 22, 23, 24, 25, 26, 27, 28, 29, 30, 31, 32, 33, 34, 35, 36, 37, 38, 39, 40, 41, 42, 43, 44, 45])SULTANGAZİ S CADDESİ MAĞAZASI              =koordinat:41.110551,28.865759
SULTANGAZİ->dict_values([1, 2, 3, 4, 5, 6, 7, 8, 9, 10, 11, 12, 13, 14, 15, 16, 17, 18, 19, 20, 21, 22, 23, 24, 25, 26, 27, 28, 29, 30, 31, 32, 33, 34, 35, 36, 37, 38, 39, 40, 41, 42, 43, 44, 45])ŞOK MİNİ-SULTANGAZİ MAĞAZASI               =koordinat:41.095811,28.862363
SULTANGAZİ->dict_values([1, 2, 3, 4, 5, 6, 7, 8, 9, 10, 11, 12, 13, 14, 15, 16, 17, 18, 19, 20, 21, 22, 23, 24, 25, 26, 27, 28, 29, 30, 31, 32, 33, 34, 35, 36, 37, 38, 39, 40, 41, 42, 43, 44, 45])SULTANGAZİ SENCER MAĞAZASI                 =koordinat:41.094505,28.907245
SULTANGAZİ->dict_values([1, 2, 3, 4, 5, 6, 7, 8, 9, 10, 11, 12, 13, 14, 15, 16, 17, 18, 19, 20, 21, 22, 23, 24, 25, 26, 27, 28, 29, 30, 31, 32, 33, 34, 35, 36, 37, 38, 39, 40, 41, 42, 43, 44, 45])SULTANGAZİ GAZİ CADDESİ MAĞAZASI           =koordinat:41.099168,28.904171
SULTANGAZİ->dict_values([1, 2, 3, 4, 5, 6, 7, 8, 9, 10, 11, 12, 13, 14, 15, 16, 17, 18, 19, 20, 21, 22, 23, 24, 25, 26, 27, 28, 29, 30, 31, 32, 33, 34, 35, 36, 37, 38, 39, 40, 41, 42, 43, 44, 45])HABİPLER IHLAMUR MAĞAZASI                  =koordinat:41.13427,28.830864
SULTANGAZİ->dict_values([1, 2, 3, 4, 5, 6, 7, 8, 9, 10, 11, 12, 13, 14, 15, 16, 17, 18, 19, 20, 21, 22, 23, 24, 25, 26, 27, 28, 29, 30, 31, 32, 33, 34, 35, 36, 37, 38, 39, 40, 41, 42, 43, 44, 45])ESENTEPE ÇARŞI MAĞAZASI                    =koordinat:41.100579,28.880087
SULTANGAZİ->dict_values([1, 2, 3, 4, 5, 6, 7, 8, 9, 10, 11, 12, 13, 14, 15, 16, 17, 18, 19, 20, 21, 22, 23, 24, 25, 26, 27, 28, 29, 30, 31, 32, 33, 34, 35, 36, 37, 38, 39, 40, 41, 42, 43, 44, 45])SULTANGAZİ HACI ŞÜKRÜ MAĞAZASI             =koordinat:41.0934,28.8656
SULTANGAZİ->dict_values([1, 2, 3, 4, 5, 6, 7, 8, 9, 10, 11, 12, 13, 14, 15, 16, 17, 18, 19, 20, 21, 22, 23, 24, 25, 26, 27, 28, 29, 30, 31, 32, 33, 34, 35, 36, 37, 38, 39, 40, 41, 42, 43, 44, 45])SULTANGAZİ OKUL MAĞAZASI                   =koordinat:41.111444,28.85116
SULTANGAZİ->dict_values([1, 2, 3, 4, 5, 6, 7, 8, 9, 10, 11, 12, 13, 14, 15, 16, 17, 18, 19, 20, 21, 22, 23, 24, 25, 26, 27, 28, 29, 30, 31, 32, 33, 34, 35, 36, 37, 38, 39, 40, 41, 42, 43, 44, 45])SULTANGAZİ TRAMVAY MAĞAZASI                =koordinat:41.112379,28.857831
SULTANGAZİ->dict_values([1, 2, 3, 4, 5, 6, 7, 8, 9, 10, 11, 12, 13, 14, 15, 16, 17, 18, 19, 20, 21, 22, 23, 24, 25, 26, 27, 28, 29, 30, 31, 32, 33, 34, 35, 36, 37, 38, 39, 40, 41, 42, 43, 44, 45])SULTANGAZİ KIBRIS CADDESİ MAĞAZASI         =koordinat:41.10182238,28.89366381
ŞİLE->dict_values([1, 2, 3, 4, 5, 6, 7, 8, 9, 10, 11, 12, 13, 14, 15, 16, 17, 18, 19, 20, 21, 22, 23, 24, 25, 26, 27, 28, 29, 30, 31, 32, 33, 34, 35, 36, 37, 38, 39, 40, 41, 42, 43, 44, 45])İSTANBUL AĞVA PLAJYOLU MAĞAZASI            =koordinat:41.138478,29.855486
ŞİLE->dict_values([1, 2, 3, 4, 5, 6, 7, 8, 9, 10, 11, 12, 13, 14, 15, 16, 17, 18, 19, 20, 21, 22, 23, 24, 25, 26, 27, 28, 29, 30, 31, 32, 33, 34, 35, 36, 37, 38, 39, 40, 41, 42, 43, 44, 45])İSTANBUL ŞİLE MAĞAZASI                     =koordinat:41.176785,29.612457
ŞİLE->dict_values([1, 2, 3, 4, 5, 6, 7, 8, 9, 10, 11, 12, 13, 14, 15, 16, 17, 18, 19, 20, 21, 22, 23, 24, 25, 26, 27, 28, 29, 30, 31, 32, 33, 34, 35, 36, 37, 38, 39, 40, 41, 42, 43, 44, 45])İSTANBUL ŞİLE 2 MAĞAZASI                   =koordinat:41.178434,29.611692
ŞİLE->dict_values([1, 2, 3, 4, 5, 6, 7, 8, 9, 10, 11, 12, 13, 14, 15, 16, 17, 18, 19, 20, 21, 22, 23, 24, 25, 26, 27, 28, 29, 30, 31, 32, 33, 34, 35, 36, 37, 38, 39, 40, 41, 42, 43, 44, 45])İSTANBUL ŞİLE FENERYOLU CADDE MAĞAZASI     =koordinat:41.176246,29.617762
ŞİLE->dict_values([1, 2, 3, 4, 5, 6, 7, 8, 9, 10, 11, 12, 13, 14, 15, 16, 17, 18, 19, 20, 21, 22, 23, 24, 25, 26, 27, 28, 29, 30, 31, 32, 33, 34, 35, 36, 37, 38, 39, 40, 41, 42, 43, 44, 45])İSTANBUL AHMETLİ ŞİLE MAĞAZASI             =koordinat:41.147319,29.585305
ŞİLE->dict_values([1, 2, 3, 4, 5, 6, 7, 8, 9, 10, 11, 12, 13, 14, 15, 16, 17, 18, 19, 20, 21, 22, 23, 24, 25, 26, 27, 28, 29, 30, 31, 32, 33, 34, 35, 36, 37, 38, 39, 40, 41, 42, 43, 44, 45])ŞOK MİNİ-MÜREN YENİ MAĞAZASI               =koordinat:41.170576,29.611193
ŞİLE->dict_values([1, 2, 3, 4, 5, 6, 7, 8, 9, 10, 11, 12, 13, 14, 15, 16, 17, 18, 19, 20, 21, 22, 23, 24, 25, 26, 27, 28, 29, 30, 31, 32, 33, 34, 35, 36, 37, 38, 39, 40, 41, 42, 43, 44, 45])ŞOK MİNİ-SAHILKOYPLAJ MAĞAZASI             =koordinat:41.20234,29.412745
ŞİLE->dict_values([1, 2, 3, 4, 5, 6, 7, 8, 9, 10, 11, 12, 13, 14, 15, 16, 17, 18, 19, 20, 21, 22, 23, 24, 25, 26, 27, 28, 29, 30, 31, 32, 33, 34, 35, 36, 37, 38, 39, 40, 41, 42, 43, 44, 45])ŞOK MİNİ-AHMETLI MAĞAZASI                  =koordinat:41.145943,29.576813
ŞİLE->dict_values([1, 2, 3, 4, 5, 6, 7, 8, 9, 10, 11, 12, 13, 14, 15, 16, 17, 18, 19, 20, 21, 22, 23, 24, 25, 26, 27, 28, 29, 30, 31, 32, 33, 34, 35, 36, 37, 38, 39, 40, 41, 42, 43, 44, 45])İSTANBUL ŞİLE KUMBABA CADDE MAĞAZASI       =koordinat:41.167509,29.57633
ŞİLE->dict_values([1, 2, 3, 4, 5, 6, 7, 8, 9, 10, 11, 12, 13, 14, 15, 16, 17, 18, 19, 20, 21, 22, 23, 24, 25, 26, 27, 28, 29, 30, 31, 32, 33, 34, 35, 36, 37, 38, 39, 40, 41, 42, 43, 44, 45])İSTANBUL ŞİLE ÇAYIRBAŞI MAĞAZASI           =koordinat:41.148321,29.647537
ŞİLE->dict_values([1, 2, 3, 4, 5, 6, 7, 8, 9, 10, 11, 12, 13, 14, 15, 16, 17, 18, 19, 20, 21, 22, 23, 24, 25, 26, 27, 28, 29, 30, 31, 32, 33, 34, 35, 36, 37, 38, 39, 40, 41, 42, 43, 44, 45])ŞOK MİNİ-SATMAZLI MAĞAZASI                 =koordinat:41.125978,29.564626
ŞİLE->dict_values([1, 2, 3, 4, 5, 6, 7, 8, 9, 10, 11, 12, 13, 14, 15, 16, 17, 18, 19, 20, 21, 22, 23, 24, 25, 26, 27, 28, 29, 30, 31, 32, 33, 34, 35, 36, 37, 38, 39, 40, 41, 42, 43, 44, 45])İSTANBUL IŞIK ÜNİVERSİTESİ MAĞAZASI        =koordinat:41.168606,29.566379
ŞİLE->dict_values([1, 2, 3, 4, 5, 6, 7, 8, 9, 10, 11, 12, 13, 14, 15, 16, 17, 18, 19, 20, 21, 22, 23, 24, 25, 26, 27, 28, 29, 30, 31, 32, 33, 34, 35, 36, 37, 38, 39, 40, 41, 42, 43, 44, 45])İSTANBUL ŞİLE KUMBABA MAĞAZASI             =koordinat:41.163574,29.584095
ŞİLE->dict_values([1, 2, 3, 4, 5, 6, 7, 8, 9, 10, 11, 12, 13, 14, 15, 16, 17, 18, 19, 20, 21, 22, 23, 24, 25, 26, 27, 28, 29, 30, 31, 32, 33, 34, 35, 36, 37, 38, 39, 40, 41, 42, 43, 44, 45])ŞİLE KÖMÜRLÜK CAD. MAĞAZASI                =koordinat:41.0789,29.4353
ŞİLE->dict_values([1, 2, 3, 4, 5, 6, 7, 8, 9, 10, 11, 12, 13, 14, 15, 16, 17, 18, 19, 20, 21, 22, 23, 24, 25, 26, 27, 28, 29, 30, 31, 32, 33, 34, 35, 36, 37, 38, 39, 40, 41, 42, 43, 44, 45])ŞİLE ÇAYIRLAR CAD MAĞAZASI                 =koordinat:41.167467,29.596455
ŞİLE->dict_values([1, 2, 3, 4, 5, 6, 7, 8, 9, 10, 11, 12, 13, 14, 15, 16, 17, 18, 19, 20, 21, 22, 23, 24, 25, 26, 27, 28, 29, 30, 31, 32, 33, 34, 35, 36, 37, 38, 39, 40, 41, 42, 43, 44, 45])ŞİLE BAYRAK CADDESİ MAĞAZASI               =koordinat:41.168408,29.610941
ŞİLE->dict_values([1, 2, 3, 4, 5, 6, 7, 8, 9, 10, 11, 12, 13, 14, 15, 16, 17, 18, 19, 20, 21, 22, 23, 24, 25, 26, 27, 28, 29, 30, 31, 32, 33, 34, 35, 36, 37, 38, 39, 40, 41, 42, 43, 44, 45])ŞOK MİNİ-ŞİLE İMRENLİ MAĞAZASI             =koordinat:41.15538,29.751956
ŞİLE->dict_values([1, 2, 3, 4, 5, 6, 7, 8, 9, 10, 11, 12, 13, 14, 15, 16, 17, 18, 19, 20, 21, 22, 23, 24, 25, 26, 27, 28, 29, 30, 31, 32, 33, 34, 35, 36, 37, 38, 39, 40, 41, 42, 43, 44, 45])ŞİLE GÜVERCİN SOKAK                        =koordinat:41.167606,29.609012
ŞİLE->dict_values([1, 2, 3, 4, 5, 6, 7, 8, 9, 10, 11, 12, 13, 14, 15, 16, 17, 18, 19, 20, 21, 22, 23, 24, 25, 26, 27, 28, 29, 30, 31, 32, 33, 34, 35, 36, 37, 38, 39, 40, 41, 42, 43, 44, 45])ŞİLE AĞVA YENİKÖY MAĞAZASI                 =koordinat:41.125297,29.850701
ŞİLE->dict_values([1, 2, 3, 4, 5, 6, 7, 8, 9, 10, 11, 12, 13, 14, 15, 16, 17, 18, 19, 20, 21, 22, 23, 24, 25, 26, 27, 28, 29, 30, 31, 32, 33, 34, 35, 36, 37, 38, 39, 40, 41, 42, 43, 44, 45])ŞİLE YAKUPLU CAD. MAĞAZASI                 =koordinat:39.9727,32.6576
ŞİŞLİ->dict_values([1, 2, 3, 4, 5, 6, 7, 8, 9, 10, 11, 12, 13, 14, 15, 16, 17, 18, 19, 20, 21, 22, 23, 24, 25, 26, 27, 28, 29, 30, 31, 32, 33, 34, 35, 36, 37, 38, 39, 40, 41, 42, 43, 44, 45])İSTANBUL MECİDİYEKÖY İZZETPAŞA MAĞAZASI    =koordinat:41.06983,28.985952
ŞİŞLİ->dict_values([1, 2, 3, 4, 5, 6, 7, 8, 9, 10, 11, 12, 13, 14, 15, 16, 17, 18, 19, 20, 21, 22, 23, 24, 25, 26, 27, 28, 29, 30, 31, 32, 33, 34, 35, 36, 37, 38, 39, 40, 41, 42, 43, 44, 45])İSTANBUL ŞİŞLİ DEREBOYU MAĞAZASI           =koordinat:41.075902,28.992531
ŞİŞLİ->dict_values([1, 2, 3, 4, 5, 6, 7, 8, 9, 10, 11, 12, 13, 14, 15, 16, 17, 18, 19, 20, 21, 22, 23, 24, 25, 26, 27, 28, 29, 30, 31, 32, 33, 34, 35, 36, 37, 38, 39, 40, 41, 42, 43, 44, 45])İSTANBUL ŞİŞLİ KURTULUŞ MAĞAZASI           =koordinat:41.046348,28.979367
ŞİŞLİ->dict_values([1, 2, 3, 4, 5, 6, 7, 8, 9, 10, 11, 12, 13, 14, 15, 16, 17, 18, 19, 20, 21, 22, 23, 24, 25, 26, 27, 28, 29, 30, 31, 32, 33, 34, 35, 36, 37, 38, 39, 40, 41, 42, 43, 44, 45])İSTANBUL GAYRETTEPE MAĞAZASI               =koordinat:41.062349,29.000945
ŞİŞLİ->dict_values([1, 2, 3, 4, 5, 6, 7, 8, 9, 10, 11, 12, 13, 14, 15, 16, 17, 18, 19, 20, 21, 22, 23, 24, 25, 26, 27, 28, 29, 30, 31, 32, 33, 34, 35, 36, 37, 38, 39, 40, 41, 42, 43, 44, 45])İSTANBUL ŞİŞLİ ŞAİRNİGAR MAĞAZASI          =koordinat:41.052358,28.991659
ŞİŞLİ->dict_values([1, 2, 3, 4, 5, 6, 7, 8, 9, 10, 11, 12, 13, 14, 15, 16, 17, 18, 19, 20, 21, 22, 23, 24, 25, 26, 27, 28, 29, 30, 31, 32, 33, 34, 35, 36, 37, 38, 39, 40, 41, 42, 43, 44, 45])İSTANBUL ELMADAĞ MAĞAZASI                  =koordinat:41.043209,28.986236
ŞİŞLİ->dict_values([1, 2, 3, 4, 5, 6, 7, 8, 9, 10, 11, 12, 13, 14, 15, 16, 17, 18, 19, 20, 21, 22, 23, 24, 25, 26, 27, 28, 29, 30, 31, 32, 33, 34, 35, 36, 37, 38, 39, 40, 41, 42, 43, 44, 45])İSTANBUL FERİKÖY ORTANCA MAĞAZASI          =koordinat:41.054029,28.978063
ŞİŞLİ->dict_values([1, 2, 3, 4, 5, 6, 7, 8, 9, 10, 11, 12, 13, 14, 15, 16, 17, 18, 19, 20, 21, 22, 23, 24, 25, 26, 27, 28, 29, 30, 31, 32, 33, 34, 35, 36, 37, 38, 39, 40, 41, 42, 43, 44, 45])İSTANBUL FERİKÖY MAĞAZASI                  =koordinat:41.053772,28.981663
ŞİŞLİ->dict_values([1, 2, 3, 4, 5, 6, 7, 8, 9, 10, 11, 12, 13, 14, 15, 16, 17, 18, 19, 20, 21, 22, 23, 24, 25, 26, 27, 28, 29, 30, 31, 32, 33, 34, 35, 36, 37, 38, 39, 40, 41, 42, 43, 44, 45])İSTANBUL GÜLTEPE ORTABAYIR MAĞAZASI        =koordinat:41.0794,29.0059
ŞİŞLİ->dict_values([1, 2, 3, 4, 5, 6, 7, 8, 9, 10, 11, 12, 13, 14, 15, 16, 17, 18, 19, 20, 21, 22, 23, 24, 25, 26, 27, 28, 29, 30, 31, 32, 33, 34, 35, 36, 37, 38, 39, 40, 41, 42, 43, 44, 45])İSTANBUL FERİKÖY MEYDAN MAĞAZASI           =koordinat:41.05115,28.975376
ŞİŞLİ->dict_values([1, 2, 3, 4, 5, 6, 7, 8, 9, 10, 11, 12, 13, 14, 15, 16, 17, 18, 19, 20, 21, 22, 23, 24, 25, 26, 27, 28, 29, 30, 31, 32, 33, 34, 35, 36, 37, 38, 39, 40, 41, 42, 43, 44, 45])İSTANBUL KORE ZİNCİRLİKUYU MAĞAZASI        =koordinat:41.070323,29.013664
ŞİŞLİ->dict_values([1, 2, 3, 4, 5, 6, 7, 8, 9, 10, 11, 12, 13, 14, 15, 16, 17, 18, 19, 20, 21, 22, 23, 24, 25, 26, 27, 28, 29, 30, 31, 32, 33, 34, 35, 36, 37, 38, 39, 40, 41, 42, 43, 44, 45])İSTANBUL ŞİŞLİ ELMAS MAĞAZASI              =koordinat:41.063308,28.979195
ŞİŞLİ->dict_values([1, 2, 3, 4, 5, 6, 7, 8, 9, 10, 11, 12, 13, 14, 15, 16, 17, 18, 19, 20, 21, 22, 23, 24, 25, 26, 27, 28, 29, 30, 31, 32, 33, 34, 35, 36, 37, 38, 39, 40, 41, 42, 43, 44, 45])İSTANBUL OSMANBEY ŞİŞLİ MAĞAZASI           =koordinat:41.055366,28.986448
ŞİŞLİ->dict_values([1, 2, 3, 4, 5, 6, 7, 8, 9, 10, 11, 12, 13, 14, 15, 16, 17, 18, 19, 20, 21, 22, 23, 24, 25, 26, 27, 28, 29, 30, 31, 32, 33, 34, 35, 36, 37, 38, 39, 40, 41, 42, 43, 44, 45])İSTANBUL MERKEZ AYAZAĞA MAĞAZASI           =koordinat:41.117828,28.996675
ŞİŞLİ->dict_values([1, 2, 3, 4, 5, 6, 7, 8, 9, 10, 11, 12, 13, 14, 15, 16, 17, 18, 19, 20, 21, 22, 23, 24, 25, 26, 27, 28, 29, 30, 31, 32, 33, 34, 35, 36, 37, 38, 39, 40, 41, 42, 43, 44, 45])İSTANBUL MECİDİYEKÖY CEMAL SURURİ MAĞAZASI =koordinat:41.071441,29.000811
ŞİŞLİ->dict_values([1, 2, 3, 4, 5, 6, 7, 8, 9, 10, 11, 12, 13, 14, 15, 16, 17, 18, 19, 20, 21, 22, 23, 24, 25, 26, 27, 28, 29, 30, 31, 32, 33, 34, 35, 36, 37, 38, 39, 40, 41, 42, 43, 44, 45])İSTANBUL SİVRİTAŞ MECIDIYEKOY MAĞAZASI     =koordinat:41.067629,28.994612
ŞİŞLİ->dict_values([1, 2, 3, 4, 5, 6, 7, 8, 9, 10, 11, 12, 13, 14, 15, 16, 17, 18, 19, 20, 21, 22, 23, 24, 25, 26, 27, 28, 29, 30, 31, 32, 33, 34, 35, 36, 37, 38, 39, 40, 41, 42, 43, 44, 45])İSTANBUL FERİKÖY KULE MAĞAZASI             =koordinat:41.052989,28.972221
ŞİŞLİ->dict_values([1, 2, 3, 4, 5, 6, 7, 8, 9, 10, 11, 12, 13, 14, 15, 16, 17, 18, 19, 20, 21, 22, 23, 24, 25, 26, 27, 28, 29, 30, 31, 32, 33, 34, 35, 36, 37, 38, 39, 40, 41, 42, 43, 44, 45])İSTANBUL BOZKURT PANGALTI MAĞAZASI         =koordinat:41.052597,28.983623
ŞİŞLİ->dict_values([1, 2, 3, 4, 5, 6, 7, 8, 9, 10, 11, 12, 13, 14, 15, 16, 17, 18, 19, 20, 21, 22, 23, 24, 25, 26, 27, 28, 29, 30, 31, 32, 33, 34, 35, 36, 37, 38, 39, 40, 41, 42, 43, 44, 45])İSTANBUL TOPAGACI TEŞVİKİYE MAĞAZASI       =koordinat:41.0513,28.9964
ŞİŞLİ->dict_values([1, 2, 3, 4, 5, 6, 7, 8, 9, 10, 11, 12, 13, 14, 15, 16, 17, 18, 19, 20, 21, 22, 23, 24, 25, 26, 27, 28, 29, 30, 31, 32, 33, 34, 35, 36, 37, 38, 39, 40, 41, 42, 43, 44, 45])İSTANBUL ECZA CD.ŞİŞLİ MAĞAZASI            =koordinat:41.078284,29.008461
ŞİŞLİ->dict_values([1, 2, 3, 4, 5, 6, 7, 8, 9, 10, 11, 12, 13, 14, 15, 16, 17, 18, 19, 20, 21, 22, 23, 24, 25, 26, 27, 28, 29, 30, 31, 32, 33, 34, 35, 36, 37, 38, 39, 40, 41, 42, 43, 44, 45])İSTANBUL FULYA MEHMETÇİK MAĞAZASI          =koordinat:41.063209,28.995388
ŞİŞLİ->dict_values([1, 2, 3, 4, 5, 6, 7, 8, 9, 10, 11, 12, 13, 14, 15, 16, 17, 18, 19, 20, 21, 22, 23, 24, 25, 26, 27, 28, 29, 30, 31, 32, 33, 34, 35, 36, 37, 38, 39, 40, 41, 42, 43, 44, 45])İSTANBUL HARBİYE MAĞAZASI                  =koordinat:41.048887,28.9874
ŞİŞLİ->dict_values([1, 2, 3, 4, 5, 6, 7, 8, 9, 10, 11, 12, 13, 14, 15, 16, 17, 18, 19, 20, 21, 22, 23, 24, 25, 26, 27, 28, 29, 30, 31, 32, 33, 34, 35, 36, 37, 38, 39, 40, 41, 42, 43, 44, 45])İSTANBUL ŞİŞLİ ETFAL MAĞAZASI              =koordinat:41.05915,28.988433
ŞİŞLİ->dict_values([1, 2, 3, 4, 5, 6, 7, 8, 9, 10, 11, 12, 13, 14, 15, 16, 17, 18, 19, 20, 21, 22, 23, 24, 25, 26, 27, 28, 29, 30, 31, 32, 33, 34, 35, 36, 37, 38, 39, 40, 41, 42, 43, 44, 45])İSTANBUL TEŞVİKİYE MAĞAZASI                =koordinat:41.0493,28.9963
ŞİŞLİ->dict_values([1, 2, 3, 4, 5, 6, 7, 8, 9, 10, 11, 12, 13, 14, 15, 16, 17, 18, 19, 20, 21, 22, 23, 24, 25, 26, 27, 28, 29, 30, 31, 32, 33, 34, 35, 36, 37, 38, 39, 40, 41, 42, 43, 44, 45])İSTANBUL SALKIM HALİDE EDİP MAĞAZASI       =koordinat:41.063544,28.977272
ŞİŞLİ->dict_values([1, 2, 3, 4, 5, 6, 7, 8, 9, 10, 11, 12, 13, 14, 15, 16, 17, 18, 19, 20, 21, 22, 23, 24, 25, 26, 27, 28, 29, 30, 31, 32, 33, 34, 35, 36, 37, 38, 39, 40, 41, 42, 43, 44, 45])İSTANBUL İNÖNÜ ELMADAĞ MAĞAZASI            =koordinat:41.044212,28.986276
ŞİŞLİ->dict_values([1, 2, 3, 4, 5, 6, 7, 8, 9, 10, 11, 12, 13, 14, 15, 16, 17, 18, 19, 20, 21, 22, 23, 24, 25, 26, 27, 28, 29, 30, 31, 32, 33, 34, 35, 36, 37, 38, 39, 40, 41, 42, 43, 44, 45])İSTANBUL ABİDE-İ HÜRRİYET ŞİŞLİ MAĞAZASI   =koordinat:41.058713,28.986389
ŞİŞLİ->dict_values([1, 2, 3, 4, 5, 6, 7, 8, 9, 10, 11, 12, 13, 14, 15, 16, 17, 18, 19, 20, 21, 22, 23, 24, 25, 26, 27, 28, 29, 30, 31, 32, 33, 34, 35, 36, 37, 38, 39, 40, 41, 42, 43, 44, 45])İSTANBUL DARCAN SK. MECİDİYEKÖY MAĞAZASI   =koordinat:41.069635,28.999296
ŞİŞLİ->dict_values([1, 2, 3, 4, 5, 6, 7, 8, 9, 10, 11, 12, 13, 14, 15, 16, 17, 18, 19, 20, 21, 22, 23, 24, 25, 26, 27, 28, 29, 30, 31, 32, 33, 34, 35, 36, 37, 38, 39, 40, 41, 42, 43, 44, 45])İSTANBUL RESNELİ NİYAZİ FULYA MAĞAZASI     =koordinat:41.059342,28.99443
ŞİŞLİ->dict_values([1, 2, 3, 4, 5, 6, 7, 8, 9, 10, 11, 12, 13, 14, 15, 16, 17, 18, 19, 20, 21, 22, 23, 24, 25, 26, 27, 28, 29, 30, 31, 32, 33, 34, 35, 36, 37, 38, 39, 40, 41, 42, 43, 44, 45])İSTANBUL KURTULUŞ FERİKÖY MAĞAZASI         =koordinat:41.0495,28.981722
ŞİŞLİ->dict_values([1, 2, 3, 4, 5, 6, 7, 8, 9, 10, 11, 12, 13, 14, 15, 16, 17, 18, 19, 20, 21, 22, 23, 24, 25, 26, 27, 28, 29, 30, 31, 32, 33, 34, 35, 36, 37, 38, 39, 40, 41, 42, 43, 44, 45])İSTANBUL ATAKAN MECİDİYEKÖY MAĞAZASI       =koordinat:41.070549,28.993153
ŞİŞLİ->dict_values([1, 2, 3, 4, 5, 6, 7, 8, 9, 10, 11, 12, 13, 14, 15, 16, 17, 18, 19, 20, 21, 22, 23, 24, 25, 26, 27, 28, 29, 30, 31, 32, 33, 34, 35, 36, 37, 38, 39, 40, 41, 42, 43, 44, 45])İSTANBUL HALİT RIFATPAŞA OKMEYDANI MAĞAZASI=koordinat:41.057977,28.965867
ŞİŞLİ->dict_values([1, 2, 3, 4, 5, 6, 7, 8, 9, 10, 11, 12, 13, 14, 15, 16, 17, 18, 19, 20, 21, 22, 23, 24, 25, 26, 27, 28, 29, 30, 31, 32, 33, 34, 35, 36, 37, 38, 39, 40, 41, 42, 43, 44, 45])İSTANBUL ŞİŞLİ GÜLBAHAR CADDESİ MAĞAZASI   =koordinat:41.073797,28.995479
ŞİŞLİ->dict_values([1, 2, 3, 4, 5, 6, 7, 8, 9, 10, 11, 12, 13, 14, 15, 16, 17, 18, 19, 20, 21, 22, 23, 24, 25, 26, 27, 28, 29, 30, 31, 32, 33, 34, 35, 36, 37, 38, 39, 40, 41, 42, 43, 44, 45])İSTANBUL GÜLBAĞ MAĞAZASI                   =koordinat:41.071168,28.998925
ŞİŞLİ->dict_values([1, 2, 3, 4, 5, 6, 7, 8, 9, 10, 11, 12, 13, 14, 15, 16, 17, 18, 19, 20, 21, 22, 23, 24, 25, 26, 27, 28, 29, 30, 31, 32, 33, 34, 35, 36, 37, 38, 39, 40, 41, 42, 43, 44, 45])İSTANBUL ŞİŞLİ PAŞA MAHALLESİ MAĞAZASI     =koordinat:41.054943,28.975646
ŞİŞLİ->dict_values([1, 2, 3, 4, 5, 6, 7, 8, 9, 10, 11, 12, 13, 14, 15, 16, 17, 18, 19, 20, 21, 22, 23, 24, 25, 26, 27, 28, 29, 30, 31, 32, 33, 34, 35, 36, 37, 38, 39, 40, 41, 42, 43, 44, 45])İSTANBUL OKMEYDANI ŞEVKETPAŞA MAĞAZASI     =koordinat:41.052491,28.963383
ŞİŞLİ->dict_values([1, 2, 3, 4, 5, 6, 7, 8, 9, 10, 11, 12, 13, 14, 15, 16, 17, 18, 19, 20, 21, 22, 23, 24, 25, 26, 27, 28, 29, 30, 31, 32, 33, 34, 35, 36, 37, 38, 39, 40, 41, 42, 43, 44, 45])ŞOK MİNİ-GÜLBAHAR MAĞAZASI                 =koordinat:41.074658,28.994827
ŞİŞLİ->dict_values([1, 2, 3, 4, 5, 6, 7, 8, 9, 10, 11, 12, 13, 14, 15, 16, 17, 18, 19, 20, 21, 22, 23, 24, 25, 26, 27, 28, 29, 30, 31, 32, 33, 34, 35, 36, 37, 38, 39, 40, 41, 42, 43, 44, 45])İSTANBUL MECİDİYEKÖY ÜÇYOL MAĞAZASI        =koordinat:41.072944,28.994387
ŞİŞLİ->dict_values([1, 2, 3, 4, 5, 6, 7, 8, 9, 10, 11, 12, 13, 14, 15, 16, 17, 18, 19, 20, 21, 22, 23, 24, 25, 26, 27, 28, 29, 30, 31, 32, 33, 34, 35, 36, 37, 38, 39, 40, 41, 42, 43, 44, 45])İSTANBUL ŞİŞLİ MAĞAZASI                    =koordinat:41.061734,28.986308
ŞİŞLİ->dict_values([1, 2, 3, 4, 5, 6, 7, 8, 9, 10, 11, 12, 13, 14, 15, 16, 17, 18, 19, 20, 21, 22, 23, 24, 25, 26, 27, 28, 29, 30, 31, 32, 33, 34, 35, 36, 37, 38, 39, 40, 41, 42, 43, 44, 45])ŞOK - VEFA POYRAZ                          =koordinat:41.068677,28.98761
ŞİŞLİ->dict_values([1, 2, 3, 4, 5, 6, 7, 8, 9, 10, 11, 12, 13, 14, 15, 16, 17, 18, 19, 20, 21, 22, 23, 24, 25, 26, 27, 28, 29, 30, 31, 32, 33, 34, 35, 36, 37, 38, 39, 40, 41, 42, 43, 44, 45])ŞOK MİNİ-GÜRÜN YENİ MAĞAZASI               =koordinat:41.069735,28.986703
ŞİŞLİ->dict_values([1, 2, 3, 4, 5, 6, 7, 8, 9, 10, 11, 12, 13, 14, 15, 16, 17, 18, 19, 20, 21, 22, 23, 24, 25, 26, 27, 28, 29, 30, 31, 32, 33, 34, 35, 36, 37, 38, 39, 40, 41, 42, 43, 44, 45])İSTANBUL MECİDİYEKÖY MAĞAZASI              =koordinat:41.068046,28.997753
ŞİŞLİ->dict_values([1, 2, 3, 4, 5, 6, 7, 8, 9, 10, 11, 12, 13, 14, 15, 16, 17, 18, 19, 20, 21, 22, 23, 24, 25, 26, 27, 28, 29, 30, 31, 32, 33, 34, 35, 36, 37, 38, 39, 40, 41, 42, 43, 44, 45])BOMONTİ MAĞAZASI                           =koordinat:41.05505076,28.98041412
ŞİŞLİ->dict_values([1, 2, 3, 4, 5, 6, 7, 8, 9, 10, 11, 12, 13, 14, 15, 16, 17, 18, 19, 20, 21, 22, 23, 24, 25, 26, 27, 28, 29, 30, 31, 32, 33, 34, 35, 36, 37, 38, 39, 40, 41, 42, 43, 44, 45])ŞİŞLİ ADIVAR MAĞAZASI                      =koordinat:41.061765,28.975824
ŞİŞLİ->dict_values([1, 2, 3, 4, 5, 6, 7, 8, 9, 10, 11, 12, 13, 14, 15, 16, 17, 18, 19, 20, 21, 22, 23, 24, 25, 26, 27, 28, 29, 30, 31, 32, 33, 34, 35, 36, 37, 38, 39, 40, 41, 42, 43, 44, 45])ŞİŞLİ ALİBEY MAĞAZASI                      =koordinat:41.070032,29.003322
ŞİŞLİ->dict_values([1, 2, 3, 4, 5, 6, 7, 8, 9, 10, 11, 12, 13, 14, 15, 16, 17, 18, 19, 20, 21, 22, 23, 24, 25, 26, 27, 28, 29, 30, 31, 32, 33, 34, 35, 36, 37, 38, 39, 40, 41, 42, 43, 44, 45])ŞİŞLİ FULYA MAĞAZASI                       =koordinat:41.056365,28.993293
ŞİŞLİ->dict_values([1, 2, 3, 4, 5, 6, 7, 8, 9, 10, 11, 12, 13, 14, 15, 16, 17, 18, 19, 20, 21, 22, 23, 24, 25, 26, 27, 28, 29, 30, 31, 32, 33, 34, 35, 36, 37, 38, 39, 40, 41, 42, 43, 44, 45])ŞİŞLİ OZAN                                 =koordinat:41.0595,28.9842
ŞİŞLİ->dict_values([1, 2, 3, 4, 5, 6, 7, 8, 9, 10, 11, 12, 13, 14, 15, 16, 17, 18, 19, 20, 21, 22, 23, 24, 25, 26, 27, 28, 29, 30, 31, 32, 33, 34, 35, 36, 37, 38, 39, 40, 41, 42, 43, 44, 45])ŞİŞLİ YAY MEYDANI MAĞAZASI                 =koordinat:41.050024,28.974729
TUZLA->dict_values([1, 2, 3, 4, 5, 6, 7, 8, 9, 10, 11, 12, 13, 14, 15, 16, 17, 18, 19, 20, 21, 22, 23, 24, 25, 26, 27, 28, 29, 30, 31, 32, 33, 34, 35, 36, 37, 38, 39, 40, 41, 42, 43, 44, 45])İSTANBUL TUZLA ŞİFA MAĞAZASI               =koordinat:40.831474,29.353586
TUZLA->dict_values([1, 2, 3, 4, 5, 6, 7, 8, 9, 10, 11, 12, 13, 14, 15, 16, 17, 18, 19, 20, 21, 22, 23, 24, 25, 26, 27, 28, 29, 30, 31, 32, 33, 34, 35, 36, 37, 38, 39, 40, 41, 42, 43, 44, 45])İSTANBUL TUZLA İSTASYON MAĞAZASI           =koordinat:40.8264,29.317
TUZLA->dict_values([1, 2, 3, 4, 5, 6, 7, 8, 9, 10, 11, 12, 13, 14, 15, 16, 17, 18, 19, 20, 21, 22, 23, 24, 25, 26, 27, 28, 29, 30, 31, 32, 33, 34, 35, 36, 37, 38, 39, 40, 41, 42, 43, 44, 45])İSTANBUL POSTANE TUZLA MAĞAZASI            =koordinat:40.817514,29.303493
TUZLA->dict_values([1, 2, 3, 4, 5, 6, 7, 8, 9, 10, 11, 12, 13, 14, 15, 16, 17, 18, 19, 20, 21, 22, 23, 24, 25, 26, 27, 28, 29, 30, 31, 32, 33, 34, 35, 36, 37, 38, 39, 40, 41, 42, 43, 44, 45])İSTANBUL AYAZMA TUZLA MAĞAZASI             =koordinat:40.819899,29.29903
TUZLA->dict_values([1, 2, 3, 4, 5, 6, 7, 8, 9, 10, 11, 12, 13, 14, 15, 16, 17, 18, 19, 20, 21, 22, 23, 24, 25, 26, 27, 28, 29, 30, 31, 32, 33, 34, 35, 36, 37, 38, 39, 40, 41, 42, 43, 44, 45])İSTANBUL EVLİYA ÇELEBİ TUZLA MAĞAZASI      =koordinat:40.8402,29.3001
TUZLA->dict_values([1, 2, 3, 4, 5, 6, 7, 8, 9, 10, 11, 12, 13, 14, 15, 16, 17, 18, 19, 20, 21, 22, 23, 24, 25, 26, 27, 28, 29, 30, 31, 32, 33, 34, 35, 36, 37, 38, 39, 40, 41, 42, 43, 44, 45])İSTANBUL SABANCI ÜNİVERSİTESİ MAĞAZASI     =koordinat:40.8924,29.3774
TUZLA->dict_values([1, 2, 3, 4, 5, 6, 7, 8, 9, 10, 11, 12, 13, 14, 15, 16, 17, 18, 19, 20, 21, 22, 23, 24, 25, 26, 27, 28, 29, 30, 31, 32, 33, 34, 35, 36, 37, 38, 39, 40, 41, 42, 43, 44, 45])İSTANBUL CAMİ TUZLA MAĞAZASI               =koordinat:40.8216,29.3098
TUZLA->dict_values([1, 2, 3, 4, 5, 6, 7, 8, 9, 10, 11, 12, 13, 14, 15, 16, 17, 18, 19, 20, 21, 22, 23, 24, 25, 26, 27, 28, 29, 30, 31, 32, 33, 34, 35, 36, 37, 38, 39, 40, 41, 42, 43, 44, 45])İSTANBUL TUZLA RUMELİ EVLERİ MAĞAZASI      =koordinat:40.829179,29.307473
TUZLA->dict_values([1, 2, 3, 4, 5, 6, 7, 8, 9, 10, 11, 12, 13, 14, 15, 16, 17, 18, 19, 20, 21, 22, 23, 24, 25, 26, 27, 28, 29, 30, 31, 32, 33, 34, 35, 36, 37, 38, 39, 40, 41, 42, 43, 44, 45])İSTANBUL TUZLA ORTA MAHALLE MAĞAZASI       =koordinat:40.903229,29.377342
TUZLA->dict_values([1, 2, 3, 4, 5, 6, 7, 8, 9, 10, 11, 12, 13, 14, 15, 16, 17, 18, 19, 20, 21, 22, 23, 24, 25, 26, 27, 28, 29, 30, 31, 32, 33, 34, 35, 36, 37, 38, 39, 40, 41, 42, 43, 44, 45])İSTANBUL TUZLA AYKENT MAĞAZASI             =koordinat:40.827819,29.320683
TUZLA->dict_values([1, 2, 3, 4, 5, 6, 7, 8, 9, 10, 11, 12, 13, 14, 15, 16, 17, 18, 19, 20, 21, 22, 23, 24, 25, 26, 27, 28, 29, 30, 31, 32, 33, 34, 35, 36, 37, 38, 39, 40, 41, 42, 43, 44, 45])İSTANBUL TUZLA GAZİOSMANPAŞA MAĞAZASI      =koordinat:40.8295,29.312075
TUZLA->dict_values([1, 2, 3, 4, 5, 6, 7, 8, 9, 10, 11, 12, 13, 14, 15, 16, 17, 18, 19, 20, 21, 22, 23, 24, 25, 26, 27, 28, 29, 30, 31, 32, 33, 34, 35, 36, 37, 38, 39, 40, 41, 42, 43, 44, 45])İSTANBUL AYDEDE SOKAK TUZLA MAĞAZASI       =koordinat:40.874478,29.330401
TUZLA->dict_values([1, 2, 3, 4, 5, 6, 7, 8, 9, 10, 11, 12, 13, 14, 15, 16, 17, 18, 19, 20, 21, 22, 23, 24, 25, 26, 27, 28, 29, 30, 31, 32, 33, 34, 35, 36, 37, 38, 39, 40, 41, 42, 43, 44, 45])İSTANBUL TUZLA AYDINLI BAHÇELER SOKAK MAĞAZASI=koordinat:40.876085,29.323878
TUZLA->dict_values([1, 2, 3, 4, 5, 6, 7, 8, 9, 10, 11, 12, 13, 14, 15, 16, 17, 18, 19, 20, 21, 22, 23, 24, 25, 26, 27, 28, 29, 30, 31, 32, 33, 34, 35, 36, 37, 38, 39, 40, 41, 42, 43, 44, 45])TUZLA FURKAN SOKAK ŞİFA                    =koordinat:40.833913,29.361343
TUZLA->dict_values([1, 2, 3, 4, 5, 6, 7, 8, 9, 10, 11, 12, 13, 14, 15, 16, 17, 18, 19, 20, 21, 22, 23, 24, 25, 26, 27, 28, 29, 30, 31, 32, 33, 34, 35, 36, 37, 38, 39, 40, 41, 42, 43, 44, 45])İSTANBUL TUZLA ŞEHİTLER CAD MAĞAZASI       =koordinat:40.8218137,29.3192427
TUZLA->dict_values([1, 2, 3, 4, 5, 6, 7, 8, 9, 10, 11, 12, 13, 14, 15, 16, 17, 18, 19, 20, 21, 22, 23, 24, 25, 26, 27, 28, 29, 30, 31, 32, 33, 34, 35, 36, 37, 38, 39, 40, 41, 42, 43, 44, 45])İSTANBUL NUR SOKAK TUZLA ŞİFA MAĞAZASI     =koordinat:40.828564,29.359277
TUZLA->dict_values([1, 2, 3, 4, 5, 6, 7, 8, 9, 10, 11, 12, 13, 14, 15, 16, 17, 18, 19, 20, 21, 22, 23, 24, 25, 26, 27, 28, 29, 30, 31, 32, 33, 34, 35, 36, 37, 38, 39, 40, 41, 42, 43, 44, 45])İSTANBUL TUZLA AYDINLI DERSAADET MAĞAZASI  =koordinat:40.872713,29.332619
TUZLA->dict_values([1, 2, 3, 4, 5, 6, 7, 8, 9, 10, 11, 12, 13, 14, 15, 16, 17, 18, 19, 20, 21, 22, 23, 24, 25, 26, 27, 28, 29, 30, 31, 32, 33, 34, 35, 36, 37, 38, 39, 40, 41, 42, 43, 44, 45])İSTANBUL TUZLA GÜLENAY SOKAK MAĞAZASI      =koordinat:40.83806,29.300753
TUZLA->dict_values([1, 2, 3, 4, 5, 6, 7, 8, 9, 10, 11, 12, 13, 14, 15, 16, 17, 18, 19, 20, 21, 22, 23, 24, 25, 26, 27, 28, 29, 30, 31, 32, 33, 34, 35, 36, 37, 38, 39, 40, 41, 42, 43, 44, 45])İSTANBUL TUZLA AYDINLI EYLÜL SOKAK MAĞAZASI=koordinat:40.866495,29.326769
TUZLA->dict_values([1, 2, 3, 4, 5, 6, 7, 8, 9, 10, 11, 12, 13, 14, 15, 16, 17, 18, 19, 20, 21, 22, 23, 24, 25, 26, 27, 28, 29, 30, 31, 32, 33, 34, 35, 36, 37, 38, 39, 40, 41, 42, 43, 44, 45])İSTANBUL TUZLA ŞİFA EMİRALİ MAĞAZASI       =koordinat:40.830891,29.361509
TUZLA->dict_values([1, 2, 3, 4, 5, 6, 7, 8, 9, 10, 11, 12, 13, 14, 15, 16, 17, 18, 19, 20, 21, 22, 23, 24, 25, 26, 27, 28, 29, 30, 31, 32, 33, 34, 35, 36, 37, 38, 39, 40, 41, 42, 43, 44, 45])İSTANBUL TUZLA HACIOĞLU SOKAK MAĞAZASI     =koordinat:40.824959,29.321451
TUZLA->dict_values([1, 2, 3, 4, 5, 6, 7, 8, 9, 10, 11, 12, 13, 14, 15, 16, 17, 18, 19, 20, 21, 22, 23, 24, 25, 26, 27, 28, 29, 30, 31, 32, 33, 34, 35, 36, 37, 38, 39, 40, 41, 42, 43, 44, 45])İSTANBUL TUZLA EVORA MAĞAZASI              =koordinat:40.855949,29.297386
TUZLA->dict_values([1, 2, 3, 4, 5, 6, 7, 8, 9, 10, 11, 12, 13, 14, 15, 16, 17, 18, 19, 20, 21, 22, 23, 24, 25, 26, 27, 28, 29, 30, 31, 32, 33, 34, 35, 36, 37, 38, 39, 40, 41, 42, 43, 44, 45])İSTANBUL TUZLA VATAN MAĞAZASI              =koordinat:40.830867,29.302613
TUZLA->dict_values([1, 2, 3, 4, 5, 6, 7, 8, 9, 10, 11, 12, 13, 14, 15, 16, 17, 18, 19, 20, 21, 22, 23, 24, 25, 26, 27, 28, 29, 30, 31, 32, 33, 34, 35, 36, 37, 38, 39, 40, 41, 42, 43, 44, 45])İSTANBUL TUZLA 19 MAYIS CADDE MAĞAZASI     =koordinat:40.831381,29.357934
TUZLA->dict_values([1, 2, 3, 4, 5, 6, 7, 8, 9, 10, 11, 12, 13, 14, 15, 16, 17, 18, 19, 20, 21, 22, 23, 24, 25, 26, 27, 28, 29, 30, 31, 32, 33, 34, 35, 36, 37, 38, 39, 40, 41, 42, 43, 44, 45])İSTANBUL TUZLA YAYLA HUKÜMET MAĞAZASI      =koordinat:40.832629,29.311633
TUZLA->dict_values([1, 2, 3, 4, 5, 6, 7, 8, 9, 10, 11, 12, 13, 14, 15, 16, 17, 18, 19, 20, 21, 22, 23, 24, 25, 26, 27, 28, 29, 30, 31, 32, 33, 34, 35, 36, 37, 38, 39, 40, 41, 42, 43, 44, 45])İSTANBUL TUZLA MESCİT MAHALLESİ MAĞAZASI   =koordinat:40.895671,29.350434
TUZLA->dict_values([1, 2, 3, 4, 5, 6, 7, 8, 9, 10, 11, 12, 13, 14, 15, 16, 17, 18, 19, 20, 21, 22, 23, 24, 25, 26, 27, 28, 29, 30, 31, 32, 33, 34, 35, 36, 37, 38, 39, 40, 41, 42, 43, 44, 45])İSTANBUL TUZLA MARİNA MAĞAZASI             =koordinat:40.823827,29.317556
TUZLA->dict_values([1, 2, 3, 4, 5, 6, 7, 8, 9, 10, 11, 12, 13, 14, 15, 16, 17, 18, 19, 20, 21, 22, 23, 24, 25, 26, 27, 28, 29, 30, 31, 32, 33, 34, 35, 36, 37, 38, 39, 40, 41, 42, 43, 44, 45])İSTANBUL TUZLA HASTANE MAĞAZASI            =koordinat:40.826289,29.307812
TUZLA->dict_values([1, 2, 3, 4, 5, 6, 7, 8, 9, 10, 11, 12, 13, 14, 15, 16, 17, 18, 19, 20, 21, 22, 23, 24, 25, 26, 27, 28, 29, 30, 31, 32, 33, 34, 35, 36, 37, 38, 39, 40, 41, 42, 43, 44, 45])İSTANBUL TUZLA YEŞİLDERE MAĞAZASI          =koordinat:40.854242,29.299458
TUZLA->dict_values([1, 2, 3, 4, 5, 6, 7, 8, 9, 10, 11, 12, 13, 14, 15, 16, 17, 18, 19, 20, 21, 22, 23, 24, 25, 26, 27, 28, 29, 30, 31, 32, 33, 34, 35, 36, 37, 38, 39, 40, 41, 42, 43, 44, 45])İSTANBUL TUZLA YAYLA MAĞAZASI              =koordinat:40.824811,29.304979
TUZLA->dict_values([1, 2, 3, 4, 5, 6, 7, 8, 9, 10, 11, 12, 13, 14, 15, 16, 17, 18, 19, 20, 21, 22, 23, 24, 25, 26, 27, 28, 29, 30, 31, 32, 33, 34, 35, 36, 37, 38, 39, 40, 41, 42, 43, 44, 45])İSTANBUL TUZLA CENGİZTOPEL MAĞAZASI        =koordinat:40.832907,29.308286
TUZLA->dict_values([1, 2, 3, 4, 5, 6, 7, 8, 9, 10, 11, 12, 13, 14, 15, 16, 17, 18, 19, 20, 21, 22, 23, 24, 25, 26, 27, 28, 29, 30, 31, 32, 33, 34, 35, 36, 37, 38, 39, 40, 41, 42, 43, 44, 45])TUZLA YALIBOYU CADDE MAĞAZASI              =koordinat:40.81902409,29.289473
TUZLA->dict_values([1, 2, 3, 4, 5, 6, 7, 8, 9, 10, 11, 12, 13, 14, 15, 16, 17, 18, 19, 20, 21, 22, 23, 24, 25, 26, 27, 28, 29, 30, 31, 32, 33, 34, 35, 36, 37, 38, 39, 40, 41, 42, 43, 44, 45])TUZLA ÇİÇEKÇİLER CADDE MAĞAZASI            =koordinat:40.829785,29.31887
TUZLA->dict_values([1, 2, 3, 4, 5, 6, 7, 8, 9, 10, 11, 12, 13, 14, 15, 16, 17, 18, 19, 20, 21, 22, 23, 24, 25, 26, 27, 28, 29, 30, 31, 32, 33, 34, 35, 36, 37, 38, 39, 40, 41, 42, 43, 44, 45])İSTANBUL TUZLA ŞEHRİYAZ MANZARA MAĞAZASI   =koordinat:40.854077,29.302702
TUZLA->dict_values([1, 2, 3, 4, 5, 6, 7, 8, 9, 10, 11, 12, 13, 14, 15, 16, 17, 18, 19, 20, 21, 22, 23, 24, 25, 26, 27, 28, 29, 30, 31, 32, 33, 34, 35, 36, 37, 38, 39, 40, 41, 42, 43, 44, 45])ŞİFA MAHALLESİ ZAFER CAD. MAĞAZASI         =koordinat:40.83462865,29.35912594
TUZLA->dict_values([1, 2, 3, 4, 5, 6, 7, 8, 9, 10, 11, 12, 13, 14, 15, 16, 17, 18, 19, 20, 21, 22, 23, 24, 25, 26, 27, 28, 29, 30, 31, 32, 33, 34, 35, 36, 37, 38, 39, 40, 41, 42, 43, 44, 45])TUZLA MİHRİMAH SULTAN MAĞAZASI             =koordinat:40.83395896,29.36241058
TUZLA->dict_values([1, 2, 3, 4, 5, 6, 7, 8, 9, 10, 11, 12, 13, 14, 15, 16, 17, 18, 19, 20, 21, 22, 23, 24, 25, 26, 27, 28, 29, 30, 31, 32, 33, 34, 35, 36, 37, 38, 39, 40, 41, 42, 43, 44, 45])AYDINLI MELEK SOKAK MAĞAZASI               =koordinat:40.8730191,29.33011785
TUZLA->dict_values([1, 2, 3, 4, 5, 6, 7, 8, 9, 10, 11, 12, 13, 14, 15, 16, 17, 18, 19, 20, 21, 22, 23, 24, 25, 26, 27, 28, 29, 30, 31, 32, 33, 34, 35, 36, 37, 38, 39, 40, 41, 42, 43, 44, 45])ŞİFA EGEMENLİK CADDESİ MAĞAZASI            =koordinat:40.8287402,29.35467884
TUZLA->dict_values([1, 2, 3, 4, 5, 6, 7, 8, 9, 10, 11, 12, 13, 14, 15, 16, 17, 18, 19, 20, 21, 22, 23, 24, 25, 26, 27, 28, 29, 30, 31, 32, 33, 34, 35, 36, 37, 38, 39, 40, 41, 42, 43, 44, 45])TUZLA MİMARSİNAN ALTAY SOK MAĞAZASI        =koordinat:40.839098,29.361946
TUZLA->dict_values([1, 2, 3, 4, 5, 6, 7, 8, 9, 10, 11, 12, 13, 14, 15, 16, 17, 18, 19, 20, 21, 22, 23, 24, 25, 26, 27, 28, 29, 30, 31, 32, 33, 34, 35, 36, 37, 38, 39, 40, 41, 42, 43, 44, 45])AYDINLI MAH. ADIVAR SOK. MAĞAZASI          =koordinat:40.871706,29.326694
TUZLA->dict_values([1, 2, 3, 4, 5, 6, 7, 8, 9, 10, 11, 12, 13, 14, 15, 16, 17, 18, 19, 20, 21, 22, 23, 24, 25, 26, 27, 28, 29, 30, 31, 32, 33, 34, 35, 36, 37, 38, 39, 40, 41, 42, 43, 44, 45])TUZLA EMNİYET MAĞAZASI                     =koordinat:40.841312,29.302444
TUZLA->dict_values([1, 2, 3, 4, 5, 6, 7, 8, 9, 10, 11, 12, 13, 14, 15, 16, 17, 18, 19, 20, 21, 22, 23, 24, 25, 26, 27, 28, 29, 30, 31, 32, 33, 34, 35, 36, 37, 38, 39, 40, 41, 42, 43, 44, 45])TUZLA ÖZDE CİTY MAĞAZASI                   =koordinat:40.819842,29.304158
TUZLA->dict_values([1, 2, 3, 4, 5, 6, 7, 8, 9, 10, 11, 12, 13, 14, 15, 16, 17, 18, 19, 20, 21, 22, 23, 24, 25, 26, 27, 28, 29, 30, 31, 32, 33, 34, 35, 36, 37, 38, 39, 40, 41, 42, 43, 44, 45])TUZLA ŞENNUR SOKAK MAĞAZASI                =koordinat:40.831675,29.306162
TUZLA->dict_values([1, 2, 3, 4, 5, 6, 7, 8, 9, 10, 11, 12, 13, 14, 15, 16, 17, 18, 19, 20, 21, 22, 23, 24, 25, 26, 27, 28, 29, 30, 31, 32, 33, 34, 35, 36, 37, 38, 39, 40, 41, 42, 43, 44, 45])İSTANBUL TUZLA AKTÜRK SOK MAĞAZASI         =koordinat:40.839583,29.35935
TUZLA->dict_values([1, 2, 3, 4, 5, 6, 7, 8, 9, 10, 11, 12, 13, 14, 15, 16, 17, 18, 19, 20, 21, 22, 23, 24, 25, 26, 27, 28, 29, 30, 31, 32, 33, 34, 35, 36, 37, 38, 39, 40, 41, 42, 43, 44, 45])İÇMELER ORHANGAZİ CAD. MAĞAZASI            =koordinat:40.84934698,29.3055971
TUZLA->dict_values([1, 2, 3, 4, 5, 6, 7, 8, 9, 10, 11, 12, 13, 14, 15, 16, 17, 18, 19, 20, 21, 22, 23, 24, 25, 26, 27, 28, 29, 30, 31, 32, 33, 34, 35, 36, 37, 38, 39, 40, 41, 42, 43, 44, 45])TUZLA KÖROĞLU SOKAK MAĞAZASI               =koordinat:40.8190454,29.29560184
TUZLA->dict_values([1, 2, 3, 4, 5, 6, 7, 8, 9, 10, 11, 12, 13, 14, 15, 16, 17, 18, 19, 20, 21, 22, 23, 24, 25, 26, 27, 28, 29, 30, 31, 32, 33, 34, 35, 36, 37, 38, 39, 40, 41, 42, 43, 44, 45])AYDINLI ÇAMLIBELDE YOLU MAĞAZASI           =koordinat:40.869525,29.321359
TUZLA->dict_values([1, 2, 3, 4, 5, 6, 7, 8, 9, 10, 11, 12, 13, 14, 15, 16, 17, 18, 19, 20, 21, 22, 23, 24, 25, 26, 27, 28, 29, 30, 31, 32, 33, 34, 35, 36, 37, 38, 39, 40, 41, 42, 43, 44, 45])ŞİNASİ DURAL CADDESİ TUZLA MAĞAZASI        =koordinat:40.836294,29.306569
ÜMRANİYE->dict_values([1, 2, 3, 4, 5, 6, 7, 8, 9, 10, 11, 12, 13, 14, 15, 16, 17, 18, 19, 20, 21, 22, 23, 24, 25, 26, 27, 28, 29, 30, 31, 32, 33, 34, 35, 36, 37, 38, 39, 40, 41, 42, 43, 44, 45])İSTANBUL ÜMRANİYE İTFAİYE MAĞAZASI         =koordinat:41.015658,29.127401
ÜMRANİYE->dict_values([1, 2, 3, 4, 5, 6, 7, 8, 9, 10, 11, 12, 13, 14, 15, 16, 17, 18, 19, 20, 21, 22, 23, 24, 25, 26, 27, 28, 29, 30, 31, 32, 33, 34, 35, 36, 37, 38, 39, 40, 41, 42, 43, 44, 45])İSTANBUL ÜMRANİYE KÜÇÜKSU MAĞAZASI         =koordinat:41.027598,29.103298
ÜMRANİYE->dict_values([1, 2, 3, 4, 5, 6, 7, 8, 9, 10, 11, 12, 13, 14, 15, 16, 17, 18, 19, 20, 21, 22, 23, 24, 25, 26, 27, 28, 29, 30, 31, 32, 33, 34, 35, 36, 37, 38, 39, 40, 41, 42, 43, 44, 45])İSTANBUL ÜMRANİYE İKBAL MAĞAZASI           =koordinat:41.005818,29.125193
ÜMRANİYE->dict_values([1, 2, 3, 4, 5, 6, 7, 8, 9, 10, 11, 12, 13, 14, 15, 16, 17, 18, 19, 20, 21, 22, 23, 24, 25, 26, 27, 28, 29, 30, 31, 32, 33, 34, 35, 36, 37, 38, 39, 40, 41, 42, 43, 44, 45])İSTANBUL SOYAK YENİŞEHİR MAĞAZASI          =koordinat:41.007461,29.117235
ÜMRANİYE->dict_values([1, 2, 3, 4, 5, 6, 7, 8, 9, 10, 11, 12, 13, 14, 15, 16, 17, 18, 19, 20, 21, 22, 23, 24, 25, 26, 27, 28, 29, 30, 31, 32, 33, 34, 35, 36, 37, 38, 39, 40, 41, 42, 43, 44, 45])İSTANBUL ÜMRANİYE ARMAĞANEVLER MAĞAZASI    =koordinat:41.0195581,29.11760509
ÜMRANİYE->dict_values([1, 2, 3, 4, 5, 6, 7, 8, 9, 10, 11, 12, 13, 14, 15, 16, 17, 18, 19, 20, 21, 22, 23, 24, 25, 26, 27, 28, 29, 30, 31, 32, 33, 34, 35, 36, 37, 38, 39, 40, 41, 42, 43, 44, 45])İSTANBUL TATLISU ÜMRANİYE MAĞAZASI         =koordinat:41.004184,29.13104
ÜMRANİYE->dict_values([1, 2, 3, 4, 5, 6, 7, 8, 9, 10, 11, 12, 13, 14, 15, 16, 17, 18, 19, 20, 21, 22, 23, 24, 25, 26, 27, 28, 29, 30, 31, 32, 33, 34, 35, 36, 37, 38, 39, 40, 41, 42, 43, 44, 45])İSTANBUL ÇAMLIK ÜMRANİYE MAĞAZASI          =koordinat:41.00396,29.124539
ÜMRANİYE->dict_values([1, 2, 3, 4, 5, 6, 7, 8, 9, 10, 11, 12, 13, 14, 15, 16, 17, 18, 19, 20, 21, 22, 23, 24, 25, 26, 27, 28, 29, 30, 31, 32, 33, 34, 35, 36, 37, 38, 39, 40, 41, 42, 43, 44, 45])İSTANBUL ÜMRANİYE CENGİZ TOPEL MAĞAZASI    =koordinat:41.012574,29.094348
ÜMRANİYE->dict_values([1, 2, 3, 4, 5, 6, 7, 8, 9, 10, 11, 12, 13, 14, 15, 16, 17, 18, 19, 20, 21, 22, 23, 24, 25, 26, 27, 28, 29, 30, 31, 32, 33, 34, 35, 36, 37, 38, 39, 40, 41, 42, 43, 44, 45])İSTANBUL ADEMYAVUZ MAĞAZASI                =koordinat:41.044805,29.099809
ÜMRANİYE->dict_values([1, 2, 3, 4, 5, 6, 7, 8, 9, 10, 11, 12, 13, 14, 15, 16, 17, 18, 19, 20, 21, 22, 23, 24, 25, 26, 27, 28, 29, 30, 31, 32, 33, 34, 35, 36, 37, 38, 39, 40, 41, 42, 43, 44, 45])İSTANBUL DOĞANEVLER MAĞAZASI               =koordinat:41.01463,29.137934
ÜMRANİYE->dict_values([1, 2, 3, 4, 5, 6, 7, 8, 9, 10, 11, 12, 13, 14, 15, 16, 17, 18, 19, 20, 21, 22, 23, 24, 25, 26, 27, 28, 29, 30, 31, 32, 33, 34, 35, 36, 37, 38, 39, 40, 41, 42, 43, 44, 45])İSTANBUL İSTİKLAL MAĞAZASI                 =koordinat:41.022972,29.097616
ÜMRANİYE->dict_values([1, 2, 3, 4, 5, 6, 7, 8, 9, 10, 11, 12, 13, 14, 15, 16, 17, 18, 19, 20, 21, 22, 23, 24, 25, 26, 27, 28, 29, 30, 31, 32, 33, 34, 35, 36, 37, 38, 39, 40, 41, 42, 43, 44, 45])İSTANBUL IHLAMURKUYU MAĞAZASI              =koordinat:41.016909,29.131292
ÜMRANİYE->dict_values([1, 2, 3, 4, 5, 6, 7, 8, 9, 10, 11, 12, 13, 14, 15, 16, 17, 18, 19, 20, 21, 22, 23, 24, 25, 26, 27, 28, 29, 30, 31, 32, 33, 34, 35, 36, 37, 38, 39, 40, 41, 42, 43, 44, 45])İSTANBUL TALATPAŞA DERYA MAĞAZASI          =koordinat:41.016559,29.092075
ÜMRANİYE->dict_values([1, 2, 3, 4, 5, 6, 7, 8, 9, 10, 11, 12, 13, 14, 15, 16, 17, 18, 19, 20, 21, 22, 23, 24, 25, 26, 27, 28, 29, 30, 31, 32, 33, 34, 35, 36, 37, 38, 39, 40, 41, 42, 43, 44, 45])REŞİTPAŞA CADDE ÜMRANİYE MAĞAZASI          =koordinat:41.011418,29.101177
ÜMRANİYE->dict_values([1, 2, 3, 4, 5, 6, 7, 8, 9, 10, 11, 12, 13, 14, 15, 16, 17, 18, 19, 20, 21, 22, 23, 24, 25, 26, 27, 28, 29, 30, 31, 32, 33, 34, 35, 36, 37, 38, 39, 40, 41, 42, 43, 44, 45])İSTANBUL MARMARA CADDESİ ÜMRANİYE MAĞAZASI =koordinat:41.020519,29.096566
ÜMRANİYE->dict_values([1, 2, 3, 4, 5, 6, 7, 8, 9, 10, 11, 12, 13, 14, 15, 16, 17, 18, 19, 20, 21, 22, 23, 24, 25, 26, 27, 28, 29, 30, 31, 32, 33, 34, 35, 36, 37, 38, 39, 40, 41, 42, 43, 44, 45])İSTANBUL CAMİ CADDESİ DUDULLU MAĞAZASI     =koordinat:41.019311,29.162765
ÜMRANİYE->dict_values([1, 2, 3, 4, 5, 6, 7, 8, 9, 10, 11, 12, 13, 14, 15, 16, 17, 18, 19, 20, 21, 22, 23, 24, 25, 26, 27, 28, 29, 30, 31, 32, 33, 34, 35, 36, 37, 38, 39, 40, 41, 42, 43, 44, 45])İSTANBUL ÜMRANİYE ASİL CADDESİ MAĞAZASI    =koordinat:41.047798,29.101734
ÜMRANİYE->dict_values([1, 2, 3, 4, 5, 6, 7, 8, 9, 10, 11, 12, 13, 14, 15, 16, 17, 18, 19, 20, 21, 22, 23, 24, 25, 26, 27, 28, 29, 30, 31, 32, 33, 34, 35, 36, 37, 38, 39, 40, 41, 42, 43, 44, 45])İSTANBUL ŞERİFALİ SARIGELİN SOKAK MAĞAZASI =koordinat:41.0028,29.1452
ÜMRANİYE->dict_values([1, 2, 3, 4, 5, 6, 7, 8, 9, 10, 11, 12, 13, 14, 15, 16, 17, 18, 19, 20, 21, 22, 23, 24, 25, 26, 27, 28, 29, 30, 31, 32, 33, 34, 35, 36, 37, 38, 39, 40, 41, 42, 43, 44, 45])İSTANBUL ÜMRANİYE 1 MAĞAZASI               =koordinat:41.02848,29.089182
ÜMRANİYE->dict_values([1, 2, 3, 4, 5, 6, 7, 8, 9, 10, 11, 12, 13, 14, 15, 16, 17, 18, 19, 20, 21, 22, 23, 24, 25, 26, 27, 28, 29, 30, 31, 32, 33, 34, 35, 36, 37, 38, 39, 40, 41, 42, 43, 44, 45])İSTANBUL NAMIK KEMAL ÜMRANİYE MAĞAZASI     =koordinat:41.018871,29.092769
ÜMRANİYE->dict_values([1, 2, 3, 4, 5, 6, 7, 8, 9, 10, 11, 12, 13, 14, 15, 16, 17, 18, 19, 20, 21, 22, 23, 24, 25, 26, 27, 28, 29, 30, 31, 32, 33, 34, 35, 36, 37, 38, 39, 40, 41, 42, 43, 44, 45])İSTANBUL ATATÜRK MAHALLESİ ÜMRANİYE MAĞAZASI=koordinat:41.027486,29.0971
ÜMRANİYE->dict_values([1, 2, 3, 4, 5, 6, 7, 8, 9, 10, 11, 12, 13, 14, 15, 16, 17, 18, 19, 20, 21, 22, 23, 24, 25, 26, 27, 28, 29, 30, 31, 32, 33, 34, 35, 36, 37, 38, 39, 40, 41, 42, 43, 44, 45])İSTANBUL İNKILAP MAĞAZASI                  =koordinat:41.032288,29.106675
ÜMRANİYE->dict_values([1, 2, 3, 4, 5, 6, 7, 8, 9, 10, 11, 12, 13, 14, 15, 16, 17, 18, 19, 20, 21, 22, 23, 24, 25, 26, 27, 28, 29, 30, 31, 32, 33, 34, 35, 36, 37, 38, 39, 40, 41, 42, 43, 44, 45])KİRAZLI SOKAK MAĞAZASI                     =koordinat:41.034728,29.109497
ÜMRANİYE->dict_values([1, 2, 3, 4, 5, 6, 7, 8, 9, 10, 11, 12, 13, 14, 15, 16, 17, 18, 19, 20, 21, 22, 23, 24, 25, 26, 27, 28, 29, 30, 31, 32, 33, 34, 35, 36, 37, 38, 39, 40, 41, 42, 43, 44, 45])ŞOK MİNİ - SIRT MAĞAZASI                   =koordinat:41.011959,29.109121
ÜMRANİYE->dict_values([1, 2, 3, 4, 5, 6, 7, 8, 9, 10, 11, 12, 13, 14, 15, 16, 17, 18, 19, 20, 21, 22, 23, 24, 25, 26, 27, 28, 29, 30, 31, 32, 33, 34, 35, 36, 37, 38, 39, 40, 41, 42, 43, 44, 45])ŞOK MİNİ - YEŞİLDERE MAĞAZASI              =koordinat:41.025922,29.144714
ÜMRANİYE->dict_values([1, 2, 3, 4, 5, 6, 7, 8, 9, 10, 11, 12, 13, 14, 15, 16, 17, 18, 19, 20, 21, 22, 23, 24, 25, 26, 27, 28, 29, 30, 31, 32, 33, 34, 35, 36, 37, 38, 39, 40, 41, 42, 43, 44, 45])KÜÇÜKSU CADDE MAĞAZASI                     =koordinat:41.025941,29.101493
ÜMRANİYE->dict_values([1, 2, 3, 4, 5, 6, 7, 8, 9, 10, 11, 12, 13, 14, 15, 16, 17, 18, 19, 20, 21, 22, 23, 24, 25, 26, 27, 28, 29, 30, 31, 32, 33, 34, 35, 36, 37, 38, 39, 40, 41, 42, 43, 44, 45])TURKUAZ SOKAK MAĞAZASI                     =koordinat:41.015061,29.095525
ÜMRANİYE->dict_values([1, 2, 3, 4, 5, 6, 7, 8, 9, 10, 11, 12, 13, 14, 15, 16, 17, 18, 19, 20, 21, 22, 23, 24, 25, 26, 27, 28, 29, 30, 31, 32, 33, 34, 35, 36, 37, 38, 39, 40, 41, 42, 43, 44, 45])ŞOK MİNİ-YENICE MAĞAZASI                   =koordinat:41.037941,29.104468
ÜMRANİYE->dict_values([1, 2, 3, 4, 5, 6, 7, 8, 9, 10, 11, 12, 13, 14, 15, 16, 17, 18, 19, 20, 21, 22, 23, 24, 25, 26, 27, 28, 29, 30, 31, 32, 33, 34, 35, 36, 37, 38, 39, 40, 41, 42, 43, 44, 45])HAMZA YERLİKAYA ÜMRANİYE MAĞAZASI          =koordinat:41.018821,29.167846
ÜMRANİYE->dict_values([1, 2, 3, 4, 5, 6, 7, 8, 9, 10, 11, 12, 13, 14, 15, 16, 17, 18, 19, 20, 21, 22, 23, 24, 25, 26, 27, 28, 29, 30, 31, 32, 33, 34, 35, 36, 37, 38, 39, 40, 41, 42, 43, 44, 45])İSTANBUL ÜMRANİYE PARSELLER MAĞAZASI       =koordinat:41.027391,29.158452
ÜMRANİYE->dict_values([1, 2, 3, 4, 5, 6, 7, 8, 9, 10, 11, 12, 13, 14, 15, 16, 17, 18, 19, 20, 21, 22, 23, 24, 25, 26, 27, 28, 29, 30, 31, 32, 33, 34, 35, 36, 37, 38, 39, 40, 41, 42, 43, 44, 45])İSTANBUL DUDULLU SAKIZAĞACI MAĞAZASI       =koordinat:41.0142155,29.1511993
ÜMRANİYE->dict_values([1, 2, 3, 4, 5, 6, 7, 8, 9, 10, 11, 12, 13, 14, 15, 16, 17, 18, 19, 20, 21, 22, 23, 24, 25, 26, 27, 28, 29, 30, 31, 32, 33, 34, 35, 36, 37, 38, 39, 40, 41, 42, 43, 44, 45])İSTANBUL ÜMRANİYE GÜLBEYAZ SOKAK MAĞAZASI  =koordinat:41.002709,29.12455
ÜMRANİYE->dict_values([1, 2, 3, 4, 5, 6, 7, 8, 9, 10, 11, 12, 13, 14, 15, 16, 17, 18, 19, 20, 21, 22, 23, 24, 25, 26, 27, 28, 29, 30, 31, 32, 33, 34, 35, 36, 37, 38, 39, 40, 41, 42, 43, 44, 45])DUDULLU KIBRIS CAD MAĞAZASI                =koordinat:41.008894,29.149038
ÜMRANİYE->dict_values([1, 2, 3, 4, 5, 6, 7, 8, 9, 10, 11, 12, 13, 14, 15, 16, 17, 18, 19, 20, 21, 22, 23, 24, 25, 26, 27, 28, 29, 30, 31, 32, 33, 34, 35, 36, 37, 38, 39, 40, 41, 42, 43, 44, 45])ŞOK MİNİ-ÜMRANİYE ŞENGÜL SOKAK MAĞAZASI    =koordinat:41.008983,29.142107
ÜMRANİYE->dict_values([1, 2, 3, 4, 5, 6, 7, 8, 9, 10, 11, 12, 13, 14, 15, 16, 17, 18, 19, 20, 21, 22, 23, 24, 25, 26, 27, 28, 29, 30, 31, 32, 33, 34, 35, 36, 37, 38, 39, 40, 41, 42, 43, 44, 45])SİTE MAH.BAŞAK                             =koordinat:41.01246,29.118804
ÜMRANİYE->dict_values([1, 2, 3, 4, 5, 6, 7, 8, 9, 10, 11, 12, 13, 14, 15, 16, 17, 18, 19, 20, 21, 22, 23, 24, 25, 26, 27, 28, 29, 30, 31, 32, 33, 34, 35, 36, 37, 38, 39, 40, 41, 42, 43, 44, 45])ŞOK MİNİ-TERAZILER MAĞAZASI                =koordinat:41.010036,29.190486
ÜMRANİYE->dict_values([1, 2, 3, 4, 5, 6, 7, 8, 9, 10, 11, 12, 13, 14, 15, 16, 17, 18, 19, 20, 21, 22, 23, 24, 25, 26, 27, 28, 29, 30, 31, 32, 33, 34, 35, 36, 37, 38, 39, 40, 41, 42, 43, 44, 45])ŞOK MİNİ-DAMPSAN MAĞAZASI                  =koordinat:41.015019,29.135479
ÜMRANİYE->dict_values([1, 2, 3, 4, 5, 6, 7, 8, 9, 10, 11, 12, 13, 14, 15, 16, 17, 18, 19, 20, 21, 22, 23, 24, 25, 26, 27, 28, 29, 30, 31, 32, 33, 34, 35, 36, 37, 38, 39, 40, 41, 42, 43, 44, 45])İSTANBUL ŞOK MİNİ ŞAH MAĞAZASI             =koordinat:41.006012,29.149338
ÜMRANİYE->dict_values([1, 2, 3, 4, 5, 6, 7, 8, 9, 10, 11, 12, 13, 14, 15, 16, 17, 18, 19, 20, 21, 22, 23, 24, 25, 26, 27, 28, 29, 30, 31, 32, 33, 34, 35, 36, 37, 38, 39, 40, 41, 42, 43, 44, 45])İSTANBUL ŞOK MİNİ ŞAHİN CADDESİ            =koordinat:41.006763,29.136107
ÜMRANİYE->dict_values([1, 2, 3, 4, 5, 6, 7, 8, 9, 10, 11, 12, 13, 14, 15, 16, 17, 18, 19, 20, 21, 22, 23, 24, 25, 26, 27, 28, 29, 30, 31, 32, 33, 34, 35, 36, 37, 38, 39, 40, 41, 42, 43, 44, 45])ŞOK MİNİ-YENGI MAĞAZASI                    =koordinat:41.027715,29.167322
ÜMRANİYE->dict_values([1, 2, 3, 4, 5, 6, 7, 8, 9, 10, 11, 12, 13, 14, 15, 16, 17, 18, 19, 20, 21, 22, 23, 24, 25, 26, 27, 28, 29, 30, 31, 32, 33, 34, 35, 36, 37, 38, 39, 40, 41, 42, 43, 44, 45])İSTANBUL ÜMRANİYE ATAKENT MAĞAZASI         =koordinat:41.017617,29.104411
ÜMRANİYE->dict_values([1, 2, 3, 4, 5, 6, 7, 8, 9, 10, 11, 12, 13, 14, 15, 16, 17, 18, 19, 20, 21, 22, 23, 24, 25, 26, 27, 28, 29, 30, 31, 32, 33, 34, 35, 36, 37, 38, 39, 40, 41, 42, 43, 44, 45])İSTANBUL ÜMRANİYE 23 NİSAN CAD MAĞAZASI    =koordinat:41.014165,29.112678
ÜMRANİYE->dict_values([1, 2, 3, 4, 5, 6, 7, 8, 9, 10, 11, 12, 13, 14, 15, 16, 17, 18, 19, 20, 21, 22, 23, 24, 25, 26, 27, 28, 29, 30, 31, 32, 33, 34, 35, 36, 37, 38, 39, 40, 41, 42, 43, 44, 45])ŞOK MİNİ-PINARBASI MAĞAZASI                =koordinat:41.0173,29.13391
ÜMRANİYE->dict_values([1, 2, 3, 4, 5, 6, 7, 8, 9, 10, 11, 12, 13, 14, 15, 16, 17, 18, 19, 20, 21, 22, 23, 24, 25, 26, 27, 28, 29, 30, 31, 32, 33, 34, 35, 36, 37, 38, 39, 40, 41, 42, 43, 44, 45])ŞOK MİNİ-İLKNUR MAĞAZASI                   =koordinat:41.019682,29.089217
ÜMRANİYE->dict_values([1, 2, 3, 4, 5, 6, 7, 8, 9, 10, 11, 12, 13, 14, 15, 16, 17, 18, 19, 20, 21, 22, 23, 24, 25, 26, 27, 28, 29, 30, 31, 32, 33, 34, 35, 36, 37, 38, 39, 40, 41, 42, 43, 44, 45])ŞOK MİNİ-ÇAYIRÖNÜ YENİ MAĞAZASI            =koordinat:41.021611,29.149934
ÜMRANİYE->dict_values([1, 2, 3, 4, 5, 6, 7, 8, 9, 10, 11, 12, 13, 14, 15, 16, 17, 18, 19, 20, 21, 22, 23, 24, 25, 26, 27, 28, 29, 30, 31, 32, 33, 34, 35, 36, 37, 38, 39, 40, 41, 42, 43, 44, 45])İSTANBUL ŞOK MİNİ-ÇOBANÇEŞME MAĞAZASI      =koordinat:41.025455,29.167242
ÜMRANİYE->dict_values([1, 2, 3, 4, 5, 6, 7, 8, 9, 10, 11, 12, 13, 14, 15, 16, 17, 18, 19, 20, 21, 22, 23, 24, 25, 26, 27, 28, 29, 30, 31, 32, 33, 34, 35, 36, 37, 38, 39, 40, 41, 42, 43, 44, 45])İSTANBUL ŞOK MİNİ-DUDULLU MAĞAZASI         =koordinat:41.027372,29.149358
ÜMRANİYE->dict_values([1, 2, 3, 4, 5, 6, 7, 8, 9, 10, 11, 12, 13, 14, 15, 16, 17, 18, 19, 20, 21, 22, 23, 24, 25, 26, 27, 28, 29, 30, 31, 32, 33, 34, 35, 36, 37, 38, 39, 40, 41, 42, 43, 44, 45])İSTANBUL ŞOK MİNİ-TAŞ MAĞAZASI             =koordinat:41.027602,29.155167
ÜMRANİYE->dict_values([1, 2, 3, 4, 5, 6, 7, 8, 9, 10, 11, 12, 13, 14, 15, 16, 17, 18, 19, 20, 21, 22, 23, 24, 25, 26, 27, 28, 29, 30, 31, 32, 33, 34, 35, 36, 37, 38, 39, 40, 41, 42, 43, 44, 45])İSTANBUL ŞOK MİNİ-ÇAMLICA MAĞAZASI         =koordinat:41.027375,29.16111
ÜMRANİYE->dict_values([1, 2, 3, 4, 5, 6, 7, 8, 9, 10, 11, 12, 13, 14, 15, 16, 17, 18, 19, 20, 21, 22, 23, 24, 25, 26, 27, 28, 29, 30, 31, 32, 33, 34, 35, 36, 37, 38, 39, 40, 41, 42, 43, 44, 45])İSTANBUL ŞOK MİNİ-HARMAN MAĞAZASI          =koordinat:41.0137,29.1162
ÜMRANİYE->dict_values([1, 2, 3, 4, 5, 6, 7, 8, 9, 10, 11, 12, 13, 14, 15, 16, 17, 18, 19, 20, 21, 22, 23, 24, 25, 26, 27, 28, 29, 30, 31, 32, 33, 34, 35, 36, 37, 38, 39, 40, 41, 42, 43, 44, 45])İSTANBUL ÜMRANİYE SOYAK ATAY CADDESİ MAĞAZASI=koordinat:41.0097598,29.1178765
ÜMRANİYE->dict_values([1, 2, 3, 4, 5, 6, 7, 8, 9, 10, 11, 12, 13, 14, 15, 16, 17, 18, 19, 20, 21, 22, 23, 24, 25, 26, 27, 28, 29, 30, 31, 32, 33, 34, 35, 36, 37, 38, 39, 40, 41, 42, 43, 44, 45])İSTANBUL ÜMRANİYE MADENLER MAĞAZASI        =koordinat:41.012446,29.1901
ÜMRANİYE->dict_values([1, 2, 3, 4, 5, 6, 7, 8, 9, 10, 11, 12, 13, 14, 15, 16, 17, 18, 19, 20, 21, 22, 23, 24, 25, 26, 27, 28, 29, 30, 31, 32, 33, 34, 35, 36, 37, 38, 39, 40, 41, 42, 43, 44, 45])ŞOK MİNİ-KARATASCI MAĞAZASI                =koordinat:41.038001,29.094951
ÜMRANİYE->dict_values([1, 2, 3, 4, 5, 6, 7, 8, 9, 10, 11, 12, 13, 14, 15, 16, 17, 18, 19, 20, 21, 22, 23, 24, 25, 26, 27, 28, 29, 30, 31, 32, 33, 34, 35, 36, 37, 38, 39, 40, 41, 42, 43, 44, 45])İSTANBUL ÜMRANİYE SELMAN SOKAK MAĞAZASI    =koordinat:41.036816,29.111758
ÜMRANİYE->dict_values([1, 2, 3, 4, 5, 6, 7, 8, 9, 10, 11, 12, 13, 14, 15, 16, 17, 18, 19, 20, 21, 22, 23, 24, 25, 26, 27, 28, 29, 30, 31, 32, 33, 34, 35, 36, 37, 38, 39, 40, 41, 42, 43, 44, 45])İSTANBUL ÜMRANİYE TAVUKÇUYOLU MAĞAZASI     =koordinat:41.015773,29.130525
ÜMRANİYE->dict_values([1, 2, 3, 4, 5, 6, 7, 8, 9, 10, 11, 12, 13, 14, 15, 16, 17, 18, 19, 20, 21, 22, 23, 24, 25, 26, 27, 28, 29, 30, 31, 32, 33, 34, 35, 36, 37, 38, 39, 40, 41, 42, 43, 44, 45])ŞOK MİNİ-ENES MAĞAZASI                     =koordinat:41.00852,29.167738
ÜMRANİYE->dict_values([1, 2, 3, 4, 5, 6, 7, 8, 9, 10, 11, 12, 13, 14, 15, 16, 17, 18, 19, 20, 21, 22, 23, 24, 25, 26, 27, 28, 29, 30, 31, 32, 33, 34, 35, 36, 37, 38, 39, 40, 41, 42, 43, 44, 45])İSTANBUL ÜMRANİYE KURTULUŞ CADDESİ MAĞAZASI=koordinat:41.001723,29.18716
ÜMRANİYE->dict_values([1, 2, 3, 4, 5, 6, 7, 8, 9, 10, 11, 12, 13, 14, 15, 16, 17, 18, 19, 20, 21, 22, 23, 24, 25, 26, 27, 28, 29, 30, 31, 32, 33, 34, 35, 36, 37, 38, 39, 40, 41, 42, 43, 44, 45])İSTANBUL ÜMRANİYE 29 MAYIS CADDESİ MAĞAZASI=koordinat:41.030619,29.104578
ÜMRANİYE->dict_values([1, 2, 3, 4, 5, 6, 7, 8, 9, 10, 11, 12, 13, 14, 15, 16, 17, 18, 19, 20, 21, 22, 23, 24, 25, 26, 27, 28, 29, 30, 31, 32, 33, 34, 35, 36, 37, 38, 39, 40, 41, 42, 43, 44, 45])N.FAZIL ULUS CADDE                         =koordinat:41.023079,29.173972
ÜMRANİYE->dict_values([1, 2, 3, 4, 5, 6, 7, 8, 9, 10, 11, 12, 13, 14, 15, 16, 17, 18, 19, 20, 21, 22, 23, 24, 25, 26, 27, 28, 29, 30, 31, 32, 33, 34, 35, 36, 37, 38, 39, 40, 41, 42, 43, 44, 45])ŞOK MİNİ - SONER MAĞAZASI                  =koordinat:41.024287,29.135093
ÜMRANİYE->dict_values([1, 2, 3, 4, 5, 6, 7, 8, 9, 10, 11, 12, 13, 14, 15, 16, 17, 18, 19, 20, 21, 22, 23, 24, 25, 26, 27, 28, 29, 30, 31, 32, 33, 34, 35, 36, 37, 38, 39, 40, 41, 42, 43, 44, 45])ŞOK MİNİ - İLKKURSUN MAĞAZASI              =koordinat:41.037421,29.109647
ÜMRANİYE->dict_values([1, 2, 3, 4, 5, 6, 7, 8, 9, 10, 11, 12, 13, 14, 15, 16, 17, 18, 19, 20, 21, 22, 23, 24, 25, 26, 27, 28, 29, 30, 31, 32, 33, 34, 35, 36, 37, 38, 39, 40, 41, 42, 43, 44, 45])ŞOK MİNİ - NECİP FAZIL MAĞAZASI            =koordinat:41.016945,29.172295
ÜMRANİYE->dict_values([1, 2, 3, 4, 5, 6, 7, 8, 9, 10, 11, 12, 13, 14, 15, 16, 17, 18, 19, 20, 21, 22, 23, 24, 25, 26, 27, 28, 29, 30, 31, 32, 33, 34, 35, 36, 37, 38, 39, 40, 41, 42, 43, 44, 45])İSTANBUL ÜMRANİYE NECİP FAZIL MAH. MAĞAZASI=koordinat:41.020037,29.173354
ÜMRANİYE->dict_values([1, 2, 3, 4, 5, 6, 7, 8, 9, 10, 11, 12, 13, 14, 15, 16, 17, 18, 19, 20, 21, 22, 23, 24, 25, 26, 27, 28, 29, 30, 31, 32, 33, 34, 35, 36, 37, 38, 39, 40, 41, 42, 43, 44, 45])İSTANBUL KAVAKLIDERE ÜMRANİYE MAĞAZASI     =koordinat:41.020368,29.098746
ÜMRANİYE->dict_values([1, 2, 3, 4, 5, 6, 7, 8, 9, 10, 11, 12, 13, 14, 15, 16, 17, 18, 19, 20, 21, 22, 23, 24, 25, 26, 27, 28, 29, 30, 31, 32, 33, 34, 35, 36, 37, 38, 39, 40, 41, 42, 43, 44, 45])İSTANBUL TANTAVİ MAHALLESİ MAĞAZASI        =koordinat:41.028483,29.080992
ÜMRANİYE->dict_values([1, 2, 3, 4, 5, 6, 7, 8, 9, 10, 11, 12, 13, 14, 15, 16, 17, 18, 19, 20, 21, 22, 23, 24, 25, 26, 27, 28, 29, 30, 31, 32, 33, 34, 35, 36, 37, 38, 39, 40, 41, 42, 43, 44, 45])İSTANBUL ŞERİFALİ ÇETİN CADDESİ ÜMRANİYE MAĞAZASI=koordinat:41.003295,29.143056
ÜMRANİYE->dict_values([1, 2, 3, 4, 5, 6, 7, 8, 9, 10, 11, 12, 13, 14, 15, 16, 17, 18, 19, 20, 21, 22, 23, 24, 25, 26, 27, 28, 29, 30, 31, 32, 33, 34, 35, 36, 37, 38, 39, 40, 41, 42, 43, 44, 45])İSTANBUL ÜMRANİYE ŞANLI CD MAĞAZASI        =koordinat:41.011798,29.134849
ÜMRANİYE->dict_values([1, 2, 3, 4, 5, 6, 7, 8, 9, 10, 11, 12, 13, 14, 15, 16, 17, 18, 19, 20, 21, 22, 23, 24, 25, 26, 27, 28, 29, 30, 31, 32, 33, 34, 35, 36, 37, 38, 39, 40, 41, 42, 43, 44, 45])İSTANBUL ORTANCA SOKAK ARMAĞANEVLER MAĞAZASI=koordinat:41.009596,29.106919
ÜMRANİYE->dict_values([1, 2, 3, 4, 5, 6, 7, 8, 9, 10, 11, 12, 13, 14, 15, 16, 17, 18, 19, 20, 21, 22, 23, 24, 25, 26, 27, 28, 29, 30, 31, 32, 33, 34, 35, 36, 37, 38, 39, 40, 41, 42, 43, 44, 45])İSTANBUL ÜMRANİYE ŞEHZADE CADDESİ MAĞAZASI =koordinat:41.022998,29.101557
ÜMRANİYE->dict_values([1, 2, 3, 4, 5, 6, 7, 8, 9, 10, 11, 12, 13, 14, 15, 16, 17, 18, 19, 20, 21, 22, 23, 24, 25, 26, 27, 28, 29, 30, 31, 32, 33, 34, 35, 36, 37, 38, 39, 40, 41, 42, 43, 44, 45])İSTANBUL ÜMRANİYE KEMERDERE MAĞAZASI       =koordinat:41.018759,29.176005
ÜMRANİYE->dict_values([1, 2, 3, 4, 5, 6, 7, 8, 9, 10, 11, 12, 13, 14, 15, 16, 17, 18, 19, 20, 21, 22, 23, 24, 25, 26, 27, 28, 29, 30, 31, 32, 33, 34, 35, 36, 37, 38, 39, 40, 41, 42, 43, 44, 45])ÜMRANİYE EN PLAZA MAĞAZASI                 =koordinat:41.02479145,29.11445564
ÜMRANİYE->dict_values([1, 2, 3, 4, 5, 6, 7, 8, 9, 10, 11, 12, 13, 14, 15, 16, 17, 18, 19, 20, 21, 22, 23, 24, 25, 26, 27, 28, 29, 30, 31, 32, 33, 34, 35, 36, 37, 38, 39, 40, 41, 42, 43, 44, 45])ÜMRANİYE DADAŞ SOKAK MAĞAZASI              =koordinat:41.018077,29.085663
ÜMRANİYE->dict_values([1, 2, 3, 4, 5, 6, 7, 8, 9, 10, 11, 12, 13, 14, 15, 16, 17, 18, 19, 20, 21, 22, 23, 24, 25, 26, 27, 28, 29, 30, 31, 32, 33, 34, 35, 36, 37, 38, 39, 40, 41, 42, 43, 44, 45])ŞOK MİNİ TUĞRUL BEY MAĞAZASI               =koordinat:41.02167,29.16169
ÜMRANİYE->dict_values([1, 2, 3, 4, 5, 6, 7, 8, 9, 10, 11, 12, 13, 14, 15, 16, 17, 18, 19, 20, 21, 22, 23, 24, 25, 26, 27, 28, 29, 30, 31, 32, 33, 34, 35, 36, 37, 38, 39, 40, 41, 42, 43, 44, 45])ÜMRANİYE DUT SOKAK MAĞAZASI                =koordinat:41.03409442,29.10700158
ÜMRANİYE->dict_values([1, 2, 3, 4, 5, 6, 7, 8, 9, 10, 11, 12, 13, 14, 15, 16, 17, 18, 19, 20, 21, 22, 23, 24, 25, 26, 27, 28, 29, 30, 31, 32, 33, 34, 35, 36, 37, 38, 39, 40, 41, 42, 43, 44, 45])ÜMRANİYE SAKARYA CADDESİ MAĞAZASI          =koordinat:40.99790614,29.19093534
ÜMRANİYE->dict_values([1, 2, 3, 4, 5, 6, 7, 8, 9, 10, 11, 12, 13, 14, 15, 16, 17, 18, 19, 20, 21, 22, 23, 24, 25, 26, 27, 28, 29, 30, 31, 32, 33, 34, 35, 36, 37, 38, 39, 40, 41, 42, 43, 44, 45])ÜMRANİYE CEYLAN EVLERİ MAĞAZASI            =koordinat:41.026823,29.151363
ÜMRANİYE->dict_values([1, 2, 3, 4, 5, 6, 7, 8, 9, 10, 11, 12, 13, 14, 15, 16, 17, 18, 19, 20, 21, 22, 23, 24, 25, 26, 27, 28, 29, 30, 31, 32, 33, 34, 35, 36, 37, 38, 39, 40, 41, 42, 43, 44, 45])ÜMRANİYE BETÜL SOK. MAĞAZASI               =koordinat:41.036,29.1006
ÜMRANİYE->dict_values([1, 2, 3, 4, 5, 6, 7, 8, 9, 10, 11, 12, 13, 14, 15, 16, 17, 18, 19, 20, 21, 22, 23, 24, 25, 26, 27, 28, 29, 30, 31, 32, 33, 34, 35, 36, 37, 38, 39, 40, 41, 42, 43, 44, 45])ŞOK MİNİ-ÜMRANİYE HENDEM                   =koordinat:41.002475,29.147326
ÜMRANİYE->dict_values([1, 2, 3, 4, 5, 6, 7, 8, 9, 10, 11, 12, 13, 14, 15, 16, 17, 18, 19, 20, 21, 22, 23, 24, 25, 26, 27, 28, 29, 30, 31, 32, 33, 34, 35, 36, 37, 38, 39, 40, 41, 42, 43, 44, 45])ŞEHİT BURAK KURTULUŞ CAD. MAĞAZASI         =koordinat:41.0056,29.1278
ÜMRANİYE->dict_values([1, 2, 3, 4, 5, 6, 7, 8, 9, 10, 11, 12, 13, 14, 15, 16, 17, 18, 19, 20, 21, 22, 23, 24, 25, 26, 27, 28, 29, 30, 31, 32, 33, 34, 35, 36, 37, 38, 39, 40, 41, 42, 43, 44, 45])ÜMRANİYE ÇAVUŞBAŞI CAD. MAĞAZASI           =koordinat:41.0293,29.0535
ÜMRANİYE->dict_values([1, 2, 3, 4, 5, 6, 7, 8, 9, 10, 11, 12, 13, 14, 15, 16, 17, 18, 19, 20, 21, 22, 23, 24, 25, 26, 27, 28, 29, 30, 31, 32, 33, 34, 35, 36, 37, 38, 39, 40, 41, 42, 43, 44, 45])ÜMRANİYE 3001.CAD MAĞAZASI                 =koordinat:41.0087,29.0982
ÜMRANİYE->dict_values([1, 2, 3, 4, 5, 6, 7, 8, 9, 10, 11, 12, 13, 14, 15, 16, 17, 18, 19, 20, 21, 22, 23, 24, 25, 26, 27, 28, 29, 30, 31, 32, 33, 34, 35, 36, 37, 38, 39, 40, 41, 42, 43, 44, 45])ŞOK MİNİ-ÜMRANİYE AYAZAĞA CAD MAĞAZASI     =koordinat:41.044042,29.094253
ÜMRANİYE->dict_values([1, 2, 3, 4, 5, 6, 7, 8, 9, 10, 11, 12, 13, 14, 15, 16, 17, 18, 19, 20, 21, 22, 23, 24, 25, 26, 27, 28, 29, 30, 31, 32, 33, 34, 35, 36, 37, 38, 39, 40, 41, 42, 43, 44, 45])ÜMRANİYE SEVGİ SOKAK MAĞAZASI              =koordinat:41.00800894,29.13461416
ÜMRANİYE->dict_values([1, 2, 3, 4, 5, 6, 7, 8, 9, 10, 11, 12, 13, 14, 15, 16, 17, 18, 19, 20, 21, 22, 23, 24, 25, 26, 27, 28, 29, 30, 31, 32, 33, 34, 35, 36, 37, 38, 39, 40, 41, 42, 43, 44, 45])ÜMRANİYE SEYİT ONBAŞI CAD MAĞAZASI         =koordinat:41.036061,29.110827
ÜMRANİYE->dict_values([1, 2, 3, 4, 5, 6, 7, 8, 9, 10, 11, 12, 13, 14, 15, 16, 17, 18, 19, 20, 21, 22, 23, 24, 25, 26, 27, 28, 29, 30, 31, 32, 33, 34, 35, 36, 37, 38, 39, 40, 41, 42, 43, 44, 45])ÜMRANİYE DUDULLU MERKEZ MAĞAZASI           =koordinat:41.016852,29.163663
ÜMRANİYE->dict_values([1, 2, 3, 4, 5, 6, 7, 8, 9, 10, 11, 12, 13, 14, 15, 16, 17, 18, 19, 20, 21, 22, 23, 24, 25, 26, 27, 28, 29, 30, 31, 32, 33, 34, 35, 36, 37, 38, 39, 40, 41, 42, 43, 44, 45])ÜMRANİYE YAY SOKAK MAĞAZASI                =koordinat:41.0167,29.1118
ÜMRANİYE->dict_values([1, 2, 3, 4, 5, 6, 7, 8, 9, 10, 11, 12, 13, 14, 15, 16, 17, 18, 19, 20, 21, 22, 23, 24, 25, 26, 27, 28, 29, 30, 31, 32, 33, 34, 35, 36, 37, 38, 39, 40, 41, 42, 43, 44, 45])ÜMRANİYE MANOLYA SOKAK MAĞAZASI            =koordinat:41.0139998,29.12832186
ÜMRANİYE->dict_values([1, 2, 3, 4, 5, 6, 7, 8, 9, 10, 11, 12, 13, 14, 15, 16, 17, 18, 19, 20, 21, 22, 23, 24, 25, 26, 27, 28, 29, 30, 31, 32, 33, 34, 35, 36, 37, 38, 39, 40, 41, 42, 43, 44, 45])ÜMRANİYE SÜTÇÜ İMAM CADDESİ MAĞAZASI       =koordinat:41.024046,29.09748
ÜMRANİYE->dict_values([1, 2, 3, 4, 5, 6, 7, 8, 9, 10, 11, 12, 13, 14, 15, 16, 17, 18, 19, 20, 21, 22, 23, 24, 25, 26, 27, 28, 29, 30, 31, 32, 33, 34, 35, 36, 37, 38, 39, 40, 41, 42, 43, 44, 45])ÜMRANİYE MUHTAR SOKAK MAĞAZASI             =koordinat:41.024362,29.089593
ÜMRANİYE->dict_values([1, 2, 3, 4, 5, 6, 7, 8, 9, 10, 11, 12, 13, 14, 15, 16, 17, 18, 19, 20, 21, 22, 23, 24, 25, 26, 27, 28, 29, 30, 31, 32, 33, 34, 35, 36, 37, 38, 39, 40, 41, 42, 43, 44, 45])CAHİT SITKI SOKAK MAĞAZASI                 =koordinat:41.008401,29.137488
ÜMRANİYE->dict_values([1, 2, 3, 4, 5, 6, 7, 8, 9, 10, 11, 12, 13, 14, 15, 16, 17, 18, 19, 20, 21, 22, 23, 24, 25, 26, 27, 28, 29, 30, 31, 32, 33, 34, 35, 36, 37, 38, 39, 40, 41, 42, 43, 44, 45])ÜMRANİYE ESKİ ÜSKÜDAR YOLU CAD             =koordinat:41.021752,29.15286
ÜMRANİYE->dict_values([1, 2, 3, 4, 5, 6, 7, 8, 9, 10, 11, 12, 13, 14, 15, 16, 17, 18, 19, 20, 21, 22, 23, 24, 25, 26, 27, 28, 29, 30, 31, 32, 33, 34, 35, 36, 37, 38, 39, 40, 41, 42, 43, 44, 45])ÜMRANİYE FEVZİPAŞA MAĞAZASI                =koordinat:41.03519935,29.1035302
ÜMRANİYE->dict_values([1, 2, 3, 4, 5, 6, 7, 8, 9, 10, 11, 12, 13, 14, 15, 16, 17, 18, 19, 20, 21, 22, 23, 24, 25, 26, 27, 28, 29, 30, 31, 32, 33, 34, 35, 36, 37, 38, 39, 40, 41, 42, 43, 44, 45])İSTANBUL AŞAĞI DUDULLU KARADENİZ CAD MAĞ   =koordinat:41.0306,29.1555
ÜSKÜDAR->dict_values([1, 2, 3, 4, 5, 6, 7, 8, 9, 10, 11, 12, 13, 14, 15, 16, 17, 18, 19, 20, 21, 22, 23, 24, 25, 26, 27, 28, 29, 30, 31, 32, 33, 34, 35, 36, 37, 38, 39, 40, 41, 42, 43, 44, 45])İSTANBUL KANDİLLİ RASATHANE MAĞAZASI       =koordinat:41.064252,29.066445
ÜSKÜDAR->dict_values([1, 2, 3, 4, 5, 6, 7, 8, 9, 10, 11, 12, 13, 14, 15, 16, 17, 18, 19, 20, 21, 22, 23, 24, 25, 26, 27, 28, 29, 30, 31, 32, 33, 34, 35, 36, 37, 38, 39, 40, 41, 42, 43, 44, 45])İSTANBUL BULGURLU BAĞLARYOLU MAĞAZASI      =koordinat:41.018419,29.077772
ÜSKÜDAR->dict_values([1, 2, 3, 4, 5, 6, 7, 8, 9, 10, 11, 12, 13, 14, 15, 16, 17, 18, 19, 20, 21, 22, 23, 24, 25, 26, 27, 28, 29, 30, 31, 32, 33, 34, 35, 36, 37, 38, 39, 40, 41, 42, 43, 44, 45])İSTANBUL LİBADİYE DSİ MAĞAZASI             =koordinat:41.009186,29.074373
ÜSKÜDAR->dict_values([1, 2, 3, 4, 5, 6, 7, 8, 9, 10, 11, 12, 13, 14, 15, 16, 17, 18, 19, 20, 21, 22, 23, 24, 25, 26, 27, 28, 29, 30, 31, 32, 33, 34, 35, 36, 37, 38, 39, 40, 41, 42, 43, 44, 45])İSTANBUL BAĞLARBAŞI MAĞAZASI               =koordinat:41.023535,29.035283
ÜSKÜDAR->dict_values([1, 2, 3, 4, 5, 6, 7, 8, 9, 10, 11, 12, 13, 14, 15, 16, 17, 18, 19, 20, 21, 22, 23, 24, 25, 26, 27, 28, 29, 30, 31, 32, 33, 34, 35, 36, 37, 38, 39, 40, 41, 42, 43, 44, 45])İSTANBUL VALİDEBAĞ MAĞAZASI                =koordinat:41.0149,29.0419
ÜSKÜDAR->dict_values([1, 2, 3, 4, 5, 6, 7, 8, 9, 10, 11, 12, 13, 14, 15, 16, 17, 18, 19, 20, 21, 22, 23, 24, 25, 26, 27, 28, 29, 30, 31, 32, 33, 34, 35, 36, 37, 38, 39, 40, 41, 42, 43, 44, 45])İSTANBUL ACIBADEM NİŞANTAŞI MAĞAZASI       =koordinat:41.014175,29.055056
ÜSKÜDAR->dict_values([1, 2, 3, 4, 5, 6, 7, 8, 9, 10, 11, 12, 13, 14, 15, 16, 17, 18, 19, 20, 21, 22, 23, 24, 25, 26, 27, 28, 29, 30, 31, 32, 33, 34, 35, 36, 37, 38, 39, 40, 41, 42, 43, 44, 45])İSTANBUL ÜSKÜDAR BULGURLU MAĞAZASI         =koordinat:41.01718,29.07263
ÜSKÜDAR->dict_values([1, 2, 3, 4, 5, 6, 7, 8, 9, 10, 11, 12, 13, 14, 15, 16, 17, 18, 19, 20, 21, 22, 23, 24, 25, 26, 27, 28, 29, 30, 31, 32, 33, 34, 35, 36, 37, 38, 39, 40, 41, 42, 43, 44, 45])İSTANBUL BAĞLARBAŞI İCADİYE MAĞAZASI       =koordinat:41.02502,29.038378
ÜSKÜDAR->dict_values([1, 2, 3, 4, 5, 6, 7, 8, 9, 10, 11, 12, 13, 14, 15, 16, 17, 18, 19, 20, 21, 22, 23, 24, 25, 26, 27, 28, 29, 30, 31, 32, 33, 34, 35, 36, 37, 38, 39, 40, 41, 42, 43, 44, 45])İSTANBUL ZEYNEPKAMİL MAĞAZASI              =koordinat:41.017223,29.026783
ÜSKÜDAR->dict_values([1, 2, 3, 4, 5, 6, 7, 8, 9, 10, 11, 12, 13, 14, 15, 16, 17, 18, 19, 20, 21, 22, 23, 24, 25, 26, 27, 28, 29, 30, 31, 32, 33, 34, 35, 36, 37, 38, 39, 40, 41, 42, 43, 44, 45])İSTANBUL SELİMİYE MAĞAZASI                 =koordinat:41.010908,29.017969
ÜSKÜDAR->dict_values([1, 2, 3, 4, 5, 6, 7, 8, 9, 10, 11, 12, 13, 14, 15, 16, 17, 18, 19, 20, 21, 22, 23, 24, 25, 26, 27, 28, 29, 30, 31, 32, 33, 34, 35, 36, 37, 38, 39, 40, 41, 42, 43, 44, 45])İSTANBUL KOŞUYOLUPARK MAĞAZASI             =koordinat:41.0096,29.0414
ÜSKÜDAR->dict_values([1, 2, 3, 4, 5, 6, 7, 8, 9, 10, 11, 12, 13, 14, 15, 16, 17, 18, 19, 20, 21, 22, 23, 24, 25, 26, 27, 28, 29, 30, 31, 32, 33, 34, 35, 36, 37, 38, 39, 40, 41, 42, 43, 44, 45])İSTANBUL DOĞANCILAR MAĞAZASI               =koordinat:41.020027,29.014474
ÜSKÜDAR->dict_values([1, 2, 3, 4, 5, 6, 7, 8, 9, 10, 11, 12, 13, 14, 15, 16, 17, 18, 19, 20, 21, 22, 23, 24, 25, 26, 27, 28, 29, 30, 31, 32, 33, 34, 35, 36, 37, 38, 39, 40, 41, 42, 43, 44, 45])İSTANBUL PAŞAKAPISI MAĞAZASI               =koordinat:41.017905,29.014198
ÜSKÜDAR->dict_values([1, 2, 3, 4, 5, 6, 7, 8, 9, 10, 11, 12, 13, 14, 15, 16, 17, 18, 19, 20, 21, 22, 23, 24, 25, 26, 27, 28, 29, 30, 31, 32, 33, 34, 35, 36, 37, 38, 39, 40, 41, 42, 43, 44, 45])ESATPAŞA CADDE                             =koordinat:41.013006,29.082187
ÜSKÜDAR->dict_values([1, 2, 3, 4, 5, 6, 7, 8, 9, 10, 11, 12, 13, 14, 15, 16, 17, 18, 19, 20, 21, 22, 23, 24, 25, 26, 27, 28, 29, 30, 31, 32, 33, 34, 35, 36, 37, 38, 39, 40, 41, 42, 43, 44, 45])İSTANBUL ÜNALAN İSMETPAŞA CADDESİ          =koordinat:41.002583,29.063266
ÜSKÜDAR->dict_values([1, 2, 3, 4, 5, 6, 7, 8, 9, 10, 11, 12, 13, 14, 15, 16, 17, 18, 19, 20, 21, 22, 23, 24, 25, 26, 27, 28, 29, 30, 31, 32, 33, 34, 35, 36, 37, 38, 39, 40, 41, 42, 43, 44, 45])İSTANBUL PAZARBAŞI ÜSKÜDAR MAĞAZASI        =koordinat:41.020422,29.033797
ÜSKÜDAR->dict_values([1, 2, 3, 4, 5, 6, 7, 8, 9, 10, 11, 12, 13, 14, 15, 16, 17, 18, 19, 20, 21, 22, 23, 24, 25, 26, 27, 28, 29, 30, 31, 32, 33, 34, 35, 36, 37, 38, 39, 40, 41, 42, 43, 44, 45])İSTANBUL OSMANİYE MH.ACIBADEM MAĞAZASI     =koordinat:41.0035,29.0441
ÜSKÜDAR->dict_values([1, 2, 3, 4, 5, 6, 7, 8, 9, 10, 11, 12, 13, 14, 15, 16, 17, 18, 19, 20, 21, 22, 23, 24, 25, 26, 27, 28, 29, 30, 31, 32, 33, 34, 35, 36, 37, 38, 39, 40, 41, 42, 43, 44, 45])İSTANBUL ÜSKÜDAR FERAH MAĞAZASI            =koordinat:41.031622,29.075135
ÜSKÜDAR->dict_values([1, 2, 3, 4, 5, 6, 7, 8, 9, 10, 11, 12, 13, 14, 15, 16, 17, 18, 19, 20, 21, 22, 23, 24, 25, 26, 27, 28, 29, 30, 31, 32, 33, 34, 35, 36, 37, 38, 39, 40, 41, 42, 43, 44, 45])İSTANBUL İCADİYE ÇINAR MAĞAZASI            =koordinat:41.028161,29.030491
ÜSKÜDAR->dict_values([1, 2, 3, 4, 5, 6, 7, 8, 9, 10, 11, 12, 13, 14, 15, 16, 17, 18, 19, 20, 21, 22, 23, 24, 25, 26, 27, 28, 29, 30, 31, 32, 33, 34, 35, 36, 37, 38, 39, 40, 41, 42, 43, 44, 45])İSTANBUL İSKELE CD.ÜSKÜDAR MAĞAZASI        =koordinat:41.013159,29.01688
ÜSKÜDAR->dict_values([1, 2, 3, 4, 5, 6, 7, 8, 9, 10, 11, 12, 13, 14, 15, 16, 17, 18, 19, 20, 21, 22, 23, 24, 25, 26, 27, 28, 29, 30, 31, 32, 33, 34, 35, 36, 37, 38, 39, 40, 41, 42, 43, 44, 45])İSTANBUL TOPTAŞI MAĞAZASI                  =koordinat:41.018824,29.019672
ÜSKÜDAR->dict_values([1, 2, 3, 4, 5, 6, 7, 8, 9, 10, 11, 12, 13, 14, 15, 16, 17, 18, 19, 20, 21, 22, 23, 24, 25, 26, 27, 28, 29, 30, 31, 32, 33, 34, 35, 36, 37, 38, 39, 40, 41, 42, 43, 44, 45])İSTANBUL YENİMAHALLE ÜSKÜDAR MAĞAZASI      =koordinat:41.020497,29.030425
ÜSKÜDAR->dict_values([1, 2, 3, 4, 5, 6, 7, 8, 9, 10, 11, 12, 13, 14, 15, 16, 17, 18, 19, 20, 21, 22, 23, 24, 25, 26, 27, 28, 29, 30, 31, 32, 33, 34, 35, 36, 37, 38, 39, 40, 41, 42, 43, 44, 45])İSTANBUL SANTRAL ÜMRANİYE MAĞAZASI         =koordinat:41.014227,29.084327
ÜSKÜDAR->dict_values([1, 2, 3, 4, 5, 6, 7, 8, 9, 10, 11, 12, 13, 14, 15, 16, 17, 18, 19, 20, 21, 22, 23, 24, 25, 26, 27, 28, 29, 30, 31, 32, 33, 34, 35, 36, 37, 38, 39, 40, 41, 42, 43, 44, 45])İSTANBUL ALTUNIZADE MAĞAZASI               =koordinat:41.018131,29.035055
ÜSKÜDAR->dict_values([1, 2, 3, 4, 5, 6, 7, 8, 9, 10, 11, 12, 13, 14, 15, 16, 17, 18, 19, 20, 21, 22, 23, 24, 25, 26, 27, 28, 29, 30, 31, 32, 33, 34, 35, 36, 37, 38, 39, 40, 41, 42, 43, 44, 45])İSTANBUL ÜSKÜDAR KÜPLÜCE MAĞAZASI          =koordinat:41.039064,29.052374
ÜSKÜDAR->dict_values([1, 2, 3, 4, 5, 6, 7, 8, 9, 10, 11, 12, 13, 14, 15, 16, 17, 18, 19, 20, 21, 22, 23, 24, 25, 26, 27, 28, 29, 30, 31, 32, 33, 34, 35, 36, 37, 38, 39, 40, 41, 42, 43, 44, 45])İSTANBUL HAYRETTİN PAŞA BULGURLU MAĞAZASI  =koordinat:41.015867,29.078689
ÜSKÜDAR->dict_values([1, 2, 3, 4, 5, 6, 7, 8, 9, 10, 11, 12, 13, 14, 15, 16, 17, 18, 19, 20, 21, 22, 23, 24, 25, 26, 27, 28, 29, 30, 31, 32, 33, 34, 35, 36, 37, 38, 39, 40, 41, 42, 43, 44, 45])İSTANBUL ÜSKÜDAR ÇARŞI MAĞAZASI            =koordinat:41.025603,29.020828
ÜSKÜDAR->dict_values([1, 2, 3, 4, 5, 6, 7, 8, 9, 10, 11, 12, 13, 14, 15, 16, 17, 18, 19, 20, 21, 22, 23, 24, 25, 26, 27, 28, 29, 30, 31, 32, 33, 34, 35, 36, 37, 38, 39, 40, 41, 42, 43, 44, 45])İSTANBUL MARATON KOŞUYOLU MAĞAZASI         =koordinat:41.011274,29.038546
ÜSKÜDAR->dict_values([1, 2, 3, 4, 5, 6, 7, 8, 9, 10, 11, 12, 13, 14, 15, 16, 17, 18, 19, 20, 21, 22, 23, 24, 25, 26, 27, 28, 29, 30, 31, 32, 33, 34, 35, 36, 37, 38, 39, 40, 41, 42, 43, 44, 45])SAKLAMBAÇ SOK.KÜPLÜCE MAĞAZASI             =koordinat:41.031503,29.063108
ÜSKÜDAR->dict_values([1, 2, 3, 4, 5, 6, 7, 8, 9, 10, 11, 12, 13, 14, 15, 16, 17, 18, 19, 20, 21, 22, 23, 24, 25, 26, 27, 28, 29, 30, 31, 32, 33, 34, 35, 36, 37, 38, 39, 40, 41, 42, 43, 44, 45])İSTANBUL BAĞCILAR BULGURLU MAĞAZASI        =koordinat:41.01922,29.076589
ÜSKÜDAR->dict_values([1, 2, 3, 4, 5, 6, 7, 8, 9, 10, 11, 12, 13, 14, 15, 16, 17, 18, 19, 20, 21, 22, 23, 24, 25, 26, 27, 28, 29, 30, 31, 32, 33, 34, 35, 36, 37, 38, 39, 40, 41, 42, 43, 44, 45])İSTANBUL CUMHURİYET CD.BAĞLARBAŞI MAĞAZASI =koordinat:41.025026,29.035749
ÜSKÜDAR->dict_values([1, 2, 3, 4, 5, 6, 7, 8, 9, 10, 11, 12, 13, 14, 15, 16, 17, 18, 19, 20, 21, 22, 23, 24, 25, 26, 27, 28, 29, 30, 31, 32, 33, 34, 35, 36, 37, 38, 39, 40, 41, 42, 43, 44, 45])İSTANBUL BEYLERBEYİ ARABACILAR MAĞAZASI    =koordinat:41.043721,29.045617
ÜSKÜDAR->dict_values([1, 2, 3, 4, 5, 6, 7, 8, 9, 10, 11, 12, 13, 14, 15, 16, 17, 18, 19, 20, 21, 22, 23, 24, 25, 26, 27, 28, 29, 30, 31, 32, 33, 34, 35, 36, 37, 38, 39, 40, 41, 42, 43, 44, 45])İSTANBUL HALK CD.ÇENGELKÖY MAĞAZASI        =koordinat:41.049886,29.054369
ÜSKÜDAR->dict_values([1, 2, 3, 4, 5, 6, 7, 8, 9, 10, 11, 12, 13, 14, 15, 16, 17, 18, 19, 20, 21, 22, 23, 24, 25, 26, 27, 28, 29, 30, 31, 32, 33, 34, 35, 36, 37, 38, 39, 40, 41, 42, 43, 44, 45])İSTANBUL HUZUR KOŞUYOLU MAĞAZASI           =koordinat:41.006014,29.033177
ÜSKÜDAR->dict_values([1, 2, 3, 4, 5, 6, 7, 8, 9, 10, 11, 12, 13, 14, 15, 16, 17, 18, 19, 20, 21, 22, 23, 24, 25, 26, 27, 28, 29, 30, 31, 32, 33, 34, 35, 36, 37, 38, 39, 40, 41, 42, 43, 44, 45])İSTANBUL KASIMAĞA SOKAK ÜSKÜDAR MAĞAZASI   =koordinat:41.017241,29.024549
ÜSKÜDAR->dict_values([1, 2, 3, 4, 5, 6, 7, 8, 9, 10, 11, 12, 13, 14, 15, 16, 17, 18, 19, 20, 21, 22, 23, 24, 25, 26, 27, 28, 29, 30, 31, 32, 33, 34, 35, 36, 37, 38, 39, 40, 41, 42, 43, 44, 45])İSTANBUL ŞEMSİPAŞA MAĞAZASI                =koordinat:41.022318,29.011379
ÜSKÜDAR->dict_values([1, 2, 3, 4, 5, 6, 7, 8, 9, 10, 11, 12, 13, 14, 15, 16, 17, 18, 19, 20, 21, 22, 23, 24, 25, 26, 27, 28, 29, 30, 31, 32, 33, 34, 35, 36, 37, 38, 39, 40, 41, 42, 43, 44, 45])İSTANBUL UNCULAR MAGAZASI                  =koordinat:41.02388,29.011963
ÜSKÜDAR->dict_values([1, 2, 3, 4, 5, 6, 7, 8, 9, 10, 11, 12, 13, 14, 15, 16, 17, 18, 19, 20, 21, 22, 23, 24, 25, 26, 27, 28, 29, 30, 31, 32, 33, 34, 35, 36, 37, 38, 39, 40, 41, 42, 43, 44, 45])İSTANBUL KARLIDERE MAĞAZASI                =koordinat:41.008828,29.080183
ÜSKÜDAR->dict_values([1, 2, 3, 4, 5, 6, 7, 8, 9, 10, 11, 12, 13, 14, 15, 16, 17, 18, 19, 20, 21, 22, 23, 24, 25, 26, 27, 28, 29, 30, 31, 32, 33, 34, 35, 36, 37, 38, 39, 40, 41, 42, 43, 44, 45])İSTANBUL ÇENGELKÖY SULTAN MURAT MAĞAZASI   =koordinat:41.059034,29.078324
ÜSKÜDAR->dict_values([1, 2, 3, 4, 5, 6, 7, 8, 9, 10, 11, 12, 13, 14, 15, 16, 17, 18, 19, 20, 21, 22, 23, 24, 25, 26, 27, 28, 29, 30, 31, 32, 33, 34, 35, 36, 37, 38, 39, 40, 41, 42, 43, 44, 45])İSTANBUL ÜSKÜDAR MURAT REİS MAH.           =koordinat:41.023371,29.027885
ÜSKÜDAR->dict_values([1, 2, 3, 4, 5, 6, 7, 8, 9, 10, 11, 12, 13, 14, 15, 16, 17, 18, 19, 20, 21, 22, 23, 24, 25, 26, 27, 28, 29, 30, 31, 32, 33, 34, 35, 36, 37, 38, 39, 40, 41, 42, 43, 44, 45])ZEAMET ACIBADEM                            =koordinat:41.001223,29.04154
ÜSKÜDAR->dict_values([1, 2, 3, 4, 5, 6, 7, 8, 9, 10, 11, 12, 13, 14, 15, 16, 17, 18, 19, 20, 21, 22, 23, 24, 25, 26, 27, 28, 29, 30, 31, 32, 33, 34, 35, 36, 37, 38, 39, 40, 41, 42, 43, 44, 45])İSTANBUL ÜSKÜDAR HEKİMBAŞI MAĞAZASI        =koordinat:41.070689,29.072683
ÜSKÜDAR->dict_values([1, 2, 3, 4, 5, 6, 7, 8, 9, 10, 11, 12, 13, 14, 15, 16, 17, 18, 19, 20, 21, 22, 23, 24, 25, 26, 27, 28, 29, 30, 31, 32, 33, 34, 35, 36, 37, 38, 39, 40, 41, 42, 43, 44, 45])MEHTAP LİBADİYE MAĞAZASI                   =koordinat:41.012898,29.075309
ÜSKÜDAR->dict_values([1, 2, 3, 4, 5, 6, 7, 8, 9, 10, 11, 12, 13, 14, 15, 16, 17, 18, 19, 20, 21, 22, 23, 24, 25, 26, 27, 28, 29, 30, 31, 32, 33, 34, 35, 36, 37, 38, 39, 40, 41, 42, 43, 44, 45])ÜSKÜDAR ACIBADEM KONAKLAR MAĞAZASI         =koordinat:41.012412,29.053229
ÜSKÜDAR->dict_values([1, 2, 3, 4, 5, 6, 7, 8, 9, 10, 11, 12, 13, 14, 15, 16, 17, 18, 19, 20, 21, 22, 23, 24, 25, 26, 27, 28, 29, 30, 31, 32, 33, 34, 35, 36, 37, 38, 39, 40, 41, 42, 43, 44, 45])ÜSKÜDAR GAZİ CADDESİ MAĞAZASI              =koordinat:41.023837,29.034423
ÜSKÜDAR->dict_values([1, 2, 3, 4, 5, 6, 7, 8, 9, 10, 11, 12, 13, 14, 15, 16, 17, 18, 19, 20, 21, 22, 23, 24, 25, 26, 27, 28, 29, 30, 31, 32, 33, 34, 35, 36, 37, 38, 39, 40, 41, 42, 43, 44, 45])TALİMHANE MAĞAZASI                         =koordinat:41.0581,29.068145
ÜSKÜDAR->dict_values([1, 2, 3, 4, 5, 6, 7, 8, 9, 10, 11, 12, 13, 14, 15, 16, 17, 18, 19, 20, 21, 22, 23, 24, 25, 26, 27, 28, 29, 30, 31, 32, 33, 34, 35, 36, 37, 38, 39, 40, 41, 42, 43, 44, 45])ÜSKÜDAR HARBİYE SOKAK MAĞAZASI             =koordinat:41.013163,29.079062
ÜSKÜDAR->dict_values([1, 2, 3, 4, 5, 6, 7, 8, 9, 10, 11, 12, 13, 14, 15, 16, 17, 18, 19, 20, 21, 22, 23, 24, 25, 26, 27, 28, 29, 30, 31, 32, 33, 34, 35, 36, 37, 38, 39, 40, 41, 42, 43, 44, 45])ŞOK MİNİ-DIVITCILAR MAĞAZASI               =koordinat:41.015364,29.023033
ÜSKÜDAR->dict_values([1, 2, 3, 4, 5, 6, 7, 8, 9, 10, 11, 12, 13, 14, 15, 16, 17, 18, 19, 20, 21, 22, 23, 24, 25, 26, 27, 28, 29, 30, 31, 32, 33, 34, 35, 36, 37, 38, 39, 40, 41, 42, 43, 44, 45])ZÜBEYDE HANIM CADDE MAĞAZASI               =koordinat:41.054951,29.075095
ÜSKÜDAR->dict_values([1, 2, 3, 4, 5, 6, 7, 8, 9, 10, 11, 12, 13, 14, 15, 16, 17, 18, 19, 20, 21, 22, 23, 24, 25, 26, 27, 28, 29, 30, 31, 32, 33, 34, 35, 36, 37, 38, 39, 40, 41, 42, 43, 44, 45])ŞOK MİNİ-SUNAR MAĞAZASI                    =koordinat:41.021438,29.0793
ÜSKÜDAR->dict_values([1, 2, 3, 4, 5, 6, 7, 8, 9, 10, 11, 12, 13, 14, 15, 16, 17, 18, 19, 20, 21, 22, 23, 24, 25, 26, 27, 28, 29, 30, 31, 32, 33, 34, 35, 36, 37, 38, 39, 40, 41, 42, 43, 44, 45])İSTANBUL ÜSKÜDAR KUZGUNCUK MAĞAZASI        =koordinat:41.033237,29.031938
ÜSKÜDAR->dict_values([1, 2, 3, 4, 5, 6, 7, 8, 9, 10, 11, 12, 13, 14, 15, 16, 17, 18, 19, 20, 21, 22, 23, 24, 25, 26, 27, 28, 29, 30, 31, 32, 33, 34, 35, 36, 37, 38, 39, 40, 41, 42, 43, 44, 45])M.AKİF ERSOY FERAH MAĞAZASI                =koordinat:41.038811,29.070948
ÜSKÜDAR->dict_values([1, 2, 3, 4, 5, 6, 7, 8, 9, 10, 11, 12, 13, 14, 15, 16, 17, 18, 19, 20, 21, 22, 23, 24, 25, 26, 27, 28, 29, 30, 31, 32, 33, 34, 35, 36, 37, 38, 39, 40, 41, 42, 43, 44, 45])AYAZMA CAD ÜNALAN MAĞAZASI                 =koordinat:41.000259,29.067373
ÜSKÜDAR->dict_values([1, 2, 3, 4, 5, 6, 7, 8, 9, 10, 11, 12, 13, 14, 15, 16, 17, 18, 19, 20, 21, 22, 23, 24, 25, 26, 27, 28, 29, 30, 31, 32, 33, 34, 35, 36, 37, 38, 39, 40, 41, 42, 43, 44, 45])SATINALMA NUMUNE ÜRÜN MAĞAZASI             =koordinat:41.021575,29.069224
ÜSKÜDAR->dict_values([1, 2, 3, 4, 5, 6, 7, 8, 9, 10, 11, 12, 13, 14, 15, 16, 17, 18, 19, 20, 21, 22, 23, 24, 25, 26, 27, 28, 29, 30, 31, 32, 33, 34, 35, 36, 37, 38, 39, 40, 41, 42, 43, 44, 45])ŞOK MİNİ-FERAHNAZ MAĞAZASI                 =koordinat:41.033951,29.076127
ÜSKÜDAR->dict_values([1, 2, 3, 4, 5, 6, 7, 8, 9, 10, 11, 12, 13, 14, 15, 16, 17, 18, 19, 20, 21, 22, 23, 24, 25, 26, 27, 28, 29, 30, 31, 32, 33, 34, 35, 36, 37, 38, 39, 40, 41, 42, 43, 44, 45])ŞOK MİNİ-ORHUN MAĞAZASI                    =koordinat:41.043696,29.064974
ÜSKÜDAR->dict_values([1, 2, 3, 4, 5, 6, 7, 8, 9, 10, 11, 12, 13, 14, 15, 16, 17, 18, 19, 20, 21, 22, 23, 24, 25, 26, 27, 28, 29, 30, 31, 32, 33, 34, 35, 36, 37, 38, 39, 40, 41, 42, 43, 44, 45])İSTANBUL KARADENİZ CADDESİ MAĞAZASI        =koordinat:41.03264,29.082093
ÜSKÜDAR->dict_values([1, 2, 3, 4, 5, 6, 7, 8, 9, 10, 11, 12, 13, 14, 15, 16, 17, 18, 19, 20, 21, 22, 23, 24, 25, 26, 27, 28, 29, 30, 31, 32, 33, 34, 35, 36, 37, 38, 39, 40, 41, 42, 43, 44, 45])ŞOK MİNİ-MESECIK MAĞAZASI                  =koordinat:41.007937,29.076873
ÜSKÜDAR->dict_values([1, 2, 3, 4, 5, 6, 7, 8, 9, 10, 11, 12, 13, 14, 15, 16, 17, 18, 19, 20, 21, 22, 23, 24, 25, 26, 27, 28, 29, 30, 31, 32, 33, 34, 35, 36, 37, 38, 39, 40, 41, 42, 43, 44, 45])İSTANBUL YILDIZ HOLDİNG MAĞAZASI           =koordinat:41.023195,29.071578
ÜSKÜDAR->dict_values([1, 2, 3, 4, 5, 6, 7, 8, 9, 10, 11, 12, 13, 14, 15, 16, 17, 18, 19, 20, 21, 22, 23, 24, 25, 26, 27, 28, 29, 30, 31, 32, 33, 34, 35, 36, 37, 38, 39, 40, 41, 42, 43, 44, 45])İSTANBUL BURHANİYE ÜSKÜDAR MAĞAZASI        =koordinat:41.032293,29.048857
ÜSKÜDAR->dict_values([1, 2, 3, 4, 5, 6, 7, 8, 9, 10, 11, 12, 13, 14, 15, 16, 17, 18, 19, 20, 21, 22, 23, 24, 25, 26, 27, 28, 29, 30, 31, 32, 33, 34, 35, 36, 37, 38, 39, 40, 41, 42, 43, 44, 45])İSTANBUL KOŞUYOLU MAĞAZASI                 =koordinat:41.0126,29.0367
ÜSKÜDAR->dict_values([1, 2, 3, 4, 5, 6, 7, 8, 9, 10, 11, 12, 13, 14, 15, 16, 17, 18, 19, 20, 21, 22, 23, 24, 25, 26, 27, 28, 29, 30, 31, 32, 33, 34, 35, 36, 37, 38, 39, 40, 41, 42, 43, 44, 45])ÜSKÜDAR ÇAMLICA CAMİ MAĞAZASI              =koordinat:41.034712,29.072683
ÜSKÜDAR->dict_values([1, 2, 3, 4, 5, 6, 7, 8, 9, 10, 11, 12, 13, 14, 15, 16, 17, 18, 19, 20, 21, 22, 23, 24, 25, 26, 27, 28, 29, 30, 31, 32, 33, 34, 35, 36, 37, 38, 39, 40, 41, 42, 43, 44, 45])ÜSKÜDAR NATOYOLU                           =koordinat:41.03472592,29.07950252
ÜSKÜDAR->dict_values([1, 2, 3, 4, 5, 6, 7, 8, 9, 10, 11, 12, 13, 14, 15, 16, 17, 18, 19, 20, 21, 22, 23, 24, 25, 26, 27, 28, 29, 30, 31, 32, 33, 34, 35, 36, 37, 38, 39, 40, 41, 42, 43, 44, 45])ÜSKÜDAR ERCAN SOKAK MAĞAZASI               =koordinat:41.00973621,29.07835177
ÜSKÜDAR->dict_values([1, 2, 3, 4, 5, 6, 7, 8, 9, 10, 11, 12, 13, 14, 15, 16, 17, 18, 19, 20, 21, 22, 23, 24, 25, 26, 27, 28, 29, 30, 31, 32, 33, 34, 35, 36, 37, 38, 39, 40, 41, 42, 43, 44, 45])ÜSKÜDAR SÖĞÜTLÜ ÇAYIR CAD MAĞAZASI         =koordinat:41.016059,29.084324
ÜSKÜDAR->dict_values([1, 2, 3, 4, 5, 6, 7, 8, 9, 10, 11, 12, 13, 14, 15, 16, 17, 18, 19, 20, 21, 22, 23, 24, 25, 26, 27, 28, 29, 30, 31, 32, 33, 34, 35, 36, 37, 38, 39, 40, 41, 42, 43, 44, 45])ÜSKÜDAR CİHANGİR SOKAK MAĞAZASI            =koordinat:41.0263371,29.06051293
ÜSKÜDAR->dict_values([1, 2, 3, 4, 5, 6, 7, 8, 9, 10, 11, 12, 13, 14, 15, 16, 17, 18, 19, 20, 21, 22, 23, 24, 25, 26, 27, 28, 29, 30, 31, 32, 33, 34, 35, 36, 37, 38, 39, 40, 41, 42, 43, 44, 45])ÜSKÜDAR SELAMİ ALİ MAĞAZASI                =koordinat:41.02476788,29.02636036
ÜSKÜDAR->dict_values([1, 2, 3, 4, 5, 6, 7, 8, 9, 10, 11, 12, 13, 14, 15, 16, 17, 18, 19, 20, 21, 22, 23, 24, 25, 26, 27, 28, 29, 30, 31, 32, 33, 34, 35, 36, 37, 38, 39, 40, 41, 42, 43, 44, 45])ÜSKÜDAR EMNİYET MAĞAZASI                   =koordinat:41.02772317,29.05336216
ÜSKÜDAR->dict_values([1, 2, 3, 4, 5, 6, 7, 8, 9, 10, 11, 12, 13, 14, 15, 16, 17, 18, 19, 20, 21, 22, 23, 24, 25, 26, 27, 28, 29, 30, 31, 32, 33, 34, 35, 36, 37, 38, 39, 40, 41, 42, 43, 44, 45])ÜSKÜDAR FISTIKAĞACI MAĞAZASI               =koordinat:41.0232,29.0297
ÜSKÜDAR->dict_values([1, 2, 3, 4, 5, 6, 7, 8, 9, 10, 11, 12, 13, 14, 15, 16, 17, 18, 19, 20, 21, 22, 23, 24, 25, 26, 27, 28, 29, 30, 31, 32, 33, 34, 35, 36, 37, 38, 39, 40, 41, 42, 43, 44, 45])ÜSKÜDAR ÜNALAN MERKEZ MAĞAZASI             =koordinat:40.999,29.0655
ÜSKÜDAR->dict_values([1, 2, 3, 4, 5, 6, 7, 8, 9, 10, 11, 12, 13, 14, 15, 16, 17, 18, 19, 20, 21, 22, 23, 24, 25, 26, 27, 28, 29, 30, 31, 32, 33, 34, 35, 36, 37, 38, 39, 40, 41, 42, 43, 44, 45])İSTANBUL ÜSKÜDAR DOĞUŞ ÜNİVERSİTESİ MAĞAZASI=koordinat:41.047631,29.076181
ÜSKÜDAR->dict_values([1, 2, 3, 4, 5, 6, 7, 8, 9, 10, 11, 12, 13, 14, 15, 16, 17, 18, 19, 20, 21, 22, 23, 24, 25, 26, 27, 28, 29, 30, 31, 32, 33, 34, 35, 36, 37, 38, 39, 40, 41, 42, 43, 44, 45])İSTANBUL SULTANTEPE MAĞAZASI               =koordinat:41.027624,29.022247
ÜSKÜDAR->dict_values([1, 2, 3, 4, 5, 6, 7, 8, 9, 10, 11, 12, 13, 14, 15, 16, 17, 18, 19, 20, 21, 22, 23, 24, 25, 26, 27, 28, 29, 30, 31, 32, 33, 34, 35, 36, 37, 38, 39, 40, 41, 42, 43, 44, 45])ÜSKÜDAR KİREÇOĞLU SOK MAĞAZASI             =koordinat:41.051339,29.06504
ÜSKÜDAR->dict_values([1, 2, 3, 4, 5, 6, 7, 8, 9, 10, 11, 12, 13, 14, 15, 16, 17, 18, 19, 20, 21, 22, 23, 24, 25, 26, 27, 28, 29, 30, 31, 32, 33, 34, 35, 36, 37, 38, 39, 40, 41, 42, 43, 44, 45])ÜSKÜDAR YUNUS BEY MAĞAZASI                 =koordinat:41.002886,29.069103
ÜSKÜDAR->dict_values([1, 2, 3, 4, 5, 6, 7, 8, 9, 10, 11, 12, 13, 14, 15, 16, 17, 18, 19, 20, 21, 22, 23, 24, 25, 26, 27, 28, 29, 30, 31, 32, 33, 34, 35, 36, 37, 38, 39, 40, 41, 42, 43, 44, 45])ÜSKÜDAR ÇAVUŞDERE CAD MAĞAZASI             =koordinat:41.019833,29.026617
ÜSKÜDAR->dict_values([1, 2, 3, 4, 5, 6, 7, 8, 9, 10, 11, 12, 13, 14, 15, 16, 17, 18, 19, 20, 21, 22, 23, 24, 25, 26, 27, 28, 29, 30, 31, 32, 33, 34, 35, 36, 37, 38, 39, 40, 41, 42, 43, 44, 45])ÜSKÜDAR ATA2 MAĞAZASI                      =koordinat:41.050329,29.079209
ÜSKÜDAR->dict_values([1, 2, 3, 4, 5, 6, 7, 8, 9, 10, 11, 12, 13, 14, 15, 16, 17, 18, 19, 20, 21, 22, 23, 24, 25, 26, 27, 28, 29, 30, 31, 32, 33, 34, 35, 36, 37, 38, 39, 40, 41, 42, 43, 44, 45])ÇENGELKÖY BEYNUN AKYAVAŞ CAD MAĞAZASI      =koordinat:41.049666,29.059755
ÜSKÜDAR->dict_values([1, 2, 3, 4, 5, 6, 7, 8, 9, 10, 11, 12, 13, 14, 15, 16, 17, 18, 19, 20, 21, 22, 23, 24, 25, 26, 27, 28, 29, 30, 31, 32, 33, 34, 35, 36, 37, 38, 39, 40, 41, 42, 43, 44, 45])ÜSKÜDAR SÜTÇÜ YOLU MAĞAZASI                =koordinat:41.038794,29.085888
ÜSKÜDAR->dict_values([1, 2, 3, 4, 5, 6, 7, 8, 9, 10, 11, 12, 13, 14, 15, 16, 17, 18, 19, 20, 21, 22, 23, 24, 25, 26, 27, 28, 29, 30, 31, 32, 33, 34, 35, 36, 37, 38, 39, 40, 41, 42, 43, 44, 45])ÜSKÜDAR YUNUS EMRE SOKAK MAĞAZASI          =koordinat:41.024902,29.055636
ÜSKÜDAR->dict_values([1, 2, 3, 4, 5, 6, 7, 8, 9, 10, 11, 12, 13, 14, 15, 16, 17, 18, 19, 20, 21, 22, 23, 24, 25, 26, 27, 28, 29, 30, 31, 32, 33, 34, 35, 36, 37, 38, 39, 40, 41, 42, 43, 44, 45])ÜSKÜDAR NAMAZGAH CAD MAĞAZASI              =koordinat:41.045822,29.069948
ÜSKÜDAR->dict_values([1, 2, 3, 4, 5, 6, 7, 8, 9, 10, 11, 12, 13, 14, 15, 16, 17, 18, 19, 20, 21, 22, 23, 24, 25, 26, 27, 28, 29, 30, 31, 32, 33, 34, 35, 36, 37, 38, 39, 40, 41, 42, 43, 44, 45])ÜSKÜDAR NUH KUYUSU CAD MAĞAZASI            =koordinat:41.020813,29.03547
ÜSKÜDAR->dict_values([1, 2, 3, 4, 5, 6, 7, 8, 9, 10, 11, 12, 13, 14, 15, 16, 17, 18, 19, 20, 21, 22, 23, 24, 25, 26, 27, 28, 29, 30, 31, 32, 33, 34, 35, 36, 37, 38, 39, 40, 41, 42, 43, 44, 45])ÜSKÜDAR ESATPAŞA MAĞAZASI                  =koordinat:41.012,29.0826
ÜSKÜDAR->dict_values([1, 2, 3, 4, 5, 6, 7, 8, 9, 10, 11, 12, 13, 14, 15, 16, 17, 18, 19, 20, 21, 22, 23, 24, 25, 26, 27, 28, 29, 30, 31, 32, 33, 34, 35, 36, 37, 38, 39, 40, 41, 42, 43, 44, 45])ÜSKÜDAR MERKEZ MAĞAZASI                    =koordinat:41.02034531,29.01747823
ÜSKÜDAR->dict_values([1, 2, 3, 4, 5, 6, 7, 8, 9, 10, 11, 12, 13, 14, 15, 16, 17, 18, 19, 20, 21, 22, 23, 24, 25, 26, 27, 28, 29, 30, 31, 32, 33, 34, 35, 36, 37, 38, 39, 40, 41, 42, 43, 44, 45])ÜSKÜDAR TAŞOCAĞI MAĞAZASI                  =koordinat:41.0686,29.0686
ÜSKÜDAR->dict_values([1, 2, 3, 4, 5, 6, 7, 8, 9, 10, 11, 12, 13, 14, 15, 16, 17, 18, 19, 20, 21, 22, 23, 24, 25, 26, 27, 28, 29, 30, 31, 32, 33, 34, 35, 36, 37, 38, 39, 40, 41, 42, 43, 44, 45])ÜSKÜDAR GÜZELÇEŞME SOKAK MAĞAZASI          =koordinat:41.0392,29.0763
ÜSKÜDAR->dict_values([1, 2, 3, 4, 5, 6, 7, 8, 9, 10, 11, 12, 13, 14, 15, 16, 17, 18, 19, 20, 21, 22, 23, 24, 25, 26, 27, 28, 29, 30, 31, 32, 33, 34, 35, 36, 37, 38, 39, 40, 41, 42, 43, 44, 45])ÜSKÜDAR ÜÇPINARLAR CADDESİ MAĞAZASI        =koordinat:41.008522,29.065498
ÜSKÜDAR->dict_values([1, 2, 3, 4, 5, 6, 7, 8, 9, 10, 11, 12, 13, 14, 15, 16, 17, 18, 19, 20, 21, 22, 23, 24, 25, 26, 27, 28, 29, 30, 31, 32, 33, 34, 35, 36, 37, 38, 39, 40, 41, 42, 43, 44, 45])ÜSKÜDAR GÜMÜŞSUYU CAMİ MAĞAZASI            =koordinat:41.02576142,29.07938361
ÜSKÜDAR->dict_values([1, 2, 3, 4, 5, 6, 7, 8, 9, 10, 11, 12, 13, 14, 15, 16, 17, 18, 19, 20, 21, 22, 23, 24, 25, 26, 27, 28, 29, 30, 31, 32, 33, 34, 35, 36, 37, 38, 39, 40, 41, 42, 43, 44, 45])ÜSKÜDAR YAZMACI EMİNE MAĞAZASI             =koordinat:41.034619,29.054298
YEŞİLKÖY->dict_values([1, 2, 3, 4, 5, 6, 7, 8, 9, 10, 11, 12, 13, 14, 15, 16, 17, 18, 19, 20, 21, 22, 23, 24, 25, 26, 27, 28, 29, 30, 31, 32, 33, 34, 35, 36, 37, 38, 39, 40, 41, 42, 43, 44, 45])YEŞİLKÖY HAVA HARP OKUL MAĞAZASI           =koordinat:40.9676,28.8365
ZEYTİNBURNU->dict_values([1, 2, 3, 4, 5, 6, 7, 8, 9, 10, 11, 12, 13, 14, 15, 16, 17, 18, 19, 20, 21, 22, 23, 24, 25, 26, 27, 28, 29, 30, 31, 32, 33, 34, 35, 36, 37, 38, 39, 40, 41, 42, 43, 44, 45])İSTANBUL ZEYTİNBURNU 58.CADDE MAĞAZASI     =koordinat:40.992512,28.903605
ZEYTİNBURNU->dict_values([1, 2, 3, 4, 5, 6, 7, 8, 9, 10, 11, 12, 13, 14, 15, 16, 17, 18, 19, 20, 21, 22, 23, 24, 25, 26, 27, 28, 29, 30, 31, 32, 33, 34, 35, 36, 37, 38, 39, 40, 41, 42, 43, 44, 45])İSTANBUL ZEYTİNBURNU TELSİZ MAĞAZASI       =koordinat:40.995753,28.91227
ZEYTİNBURNU->dict_values([1, 2, 3, 4, 5, 6, 7, 8, 9, 10, 11, 12, 13, 14, 15, 16, 17, 18, 19, 20, 21, 22, 23, 24, 25, 26, 27, 28, 29, 30, 31, 32, 33, 34, 35, 36, 37, 38, 39, 40, 41, 42, 43, 44, 45])İSTANBUL ZEYTİNBURNU CADDE MAĞAZASI        =koordinat:40.994184,28.9067
ZEYTİNBURNU->dict_values([1, 2, 3, 4, 5, 6, 7, 8, 9, 10, 11, 12, 13, 14, 15, 16, 17, 18, 19, 20, 21, 22, 23, 24, 25, 26, 27, 28, 29, 30, 31, 32, 33, 34, 35, 36, 37, 38, 39, 40, 41, 42, 43, 44, 45])İSTANBUL BEŞTELSIZ MAĞAZASI                =koordinat:40.997494,28.903973
ZEYTİNBURNU->dict_values([1, 2, 3, 4, 5, 6, 7, 8, 9, 10, 11, 12, 13, 14, 15, 16, 17, 18, 19, 20, 21, 22, 23, 24, 25, 26, 27, 28, 29, 30, 31, 32, 33, 34, 35, 36, 37, 38, 39, 40, 41, 42, 43, 44, 45])İSTANBUL MERVE CD.ZEYTİNBURNU MAĞAZASI     =koordinat:40.9875,28.8971
ZEYTİNBURNU->dict_values([1, 2, 3, 4, 5, 6, 7, 8, 9, 10, 11, 12, 13, 14, 15, 16, 17, 18, 19, 20, 21, 22, 23, 24, 25, 26, 27, 28, 29, 30, 31, 32, 33, 34, 35, 36, 37, 38, 39, 40, 41, 42, 43, 44, 45])7141 - MERKEZ EFENDI ZEYTİNBURNU           =koordinat:41.009987,28.913567
ZEYTİNBURNU->dict_values([1, 2, 3, 4, 5, 6, 7, 8, 9, 10, 11, 12, 13, 14, 15, 16, 17, 18, 19, 20, 21, 22, 23, 24, 25, 26, 27, 28, 29, 30, 31, 32, 33, 34, 35, 36, 37, 38, 39, 40, 41, 42, 43, 44, 45])İSTANBUL ÇIRPICI MAĞAZASI                  =koordinat:40.998796,28.894322
ZEYTİNBURNU->dict_values([1, 2, 3, 4, 5, 6, 7, 8, 9, 10, 11, 12, 13, 14, 15, 16, 17, 18, 19, 20, 21, 22, 23, 24, 25, 26, 27, 28, 29, 30, 31, 32, 33, 34, 35, 36, 37, 38, 39, 40, 41, 42, 43, 44, 45])İSTANBUL ZEYTİNBURNU YEŞİLYOL MAĞAZASI     =koordinat:40.997946,28.900067
ZEYTİNBURNU->dict_values([1, 2, 3, 4, 5, 6, 7, 8, 9, 10, 11, 12, 13, 14, 15, 16, 17, 18, 19, 20, 21, 22, 23, 24, 25, 26, 27, 28, 29, 30, 31, 32, 33, 34, 35, 36, 37, 38, 39, 40, 41, 42, 43, 44, 45])İSTANBUL ZEYTİNBURNU KİPTAŞ MAĞAZASI       =koordinat:41.009876,28.908475
ZEYTİNBURNU->dict_values([1, 2, 3, 4, 5, 6, 7, 8, 9, 10, 11, 12, 13, 14, 15, 16, 17, 18, 19, 20, 21, 22, 23, 24, 25, 26, 27, 28, 29, 30, 31, 32, 33, 34, 35, 36, 37, 38, 39, 40, 41, 42, 43, 44, 45])İSTANBUL ZEYTİNBURNU TUANA MAĞAZASI        =koordinat:40.986677,28.89463
ZEYTİNBURNU->dict_values([1, 2, 3, 4, 5, 6, 7, 8, 9, 10, 11, 12, 13, 14, 15, 16, 17, 18, 19, 20, 21, 22, 23, 24, 25, 26, 27, 28, 29, 30, 31, 32, 33, 34, 35, 36, 37, 38, 39, 40, 41, 42, 43, 44, 45])İSTANBUL ZEYTİNBURNU İSTASYON MAĞAZASI     =koordinat:40.985549,28.903377
ZEYTİNBURNU->dict_values([1, 2, 3, 4, 5, 6, 7, 8, 9, 10, 11, 12, 13, 14, 15, 16, 17, 18, 19, 20, 21, 22, 23, 24, 25, 26, 27, 28, 29, 30, 31, 32, 33, 34, 35, 36, 37, 38, 39, 40, 41, 42, 43, 44, 45])İSTANBUL ZEYTİNBURNU TRAMVAY MAĞAZASI      =koordinat:41.008815,28.91141
ZEYTİNBURNU->dict_values([1, 2, 3, 4, 5, 6, 7, 8, 9, 10, 11, 12, 13, 14, 15, 16, 17, 18, 19, 20, 21, 22, 23, 24, 25, 26, 27, 28, 29, 30, 31, 32, 33, 34, 35, 36, 37, 38, 39, 40, 41, 42, 43, 44, 45])İSTANBUL NURİPAŞA ZEYTİNBURNU MAĞAZASI     =koordinat:40.988293,28.902977
ZEYTİNBURNU->dict_values([1, 2, 3, 4, 5, 6, 7, 8, 9, 10, 11, 12, 13, 14, 15, 16, 17, 18, 19, 20, 21, 22, 23, 24, 25, 26, 27, 28, 29, 30, 31, 32, 33, 34, 35, 36, 37, 38, 39, 40, 41, 42, 43, 44, 45])İSTANBUL ZEYTİNBURNU DİKİLİTAŞ MAĞAZASI    =koordinat:41.000756,28.9121
ZEYTİNBURNU->dict_values([1, 2, 3, 4, 5, 6, 7, 8, 9, 10, 11, 12, 13, 14, 15, 16, 17, 18, 19, 20, 21, 22, 23, 24, 25, 26, 27, 28, 29, 30, 31, 32, 33, 34, 35, 36, 37, 38, 39, 40, 41, 42, 43, 44, 45])İSTANBUL ZEYTİNBURNU KUBBELİ MAĞAZASI      =koordinat:40.98836,28.898246
ZEYTİNBURNU->dict_values([1, 2, 3, 4, 5, 6, 7, 8, 9, 10, 11, 12, 13, 14, 15, 16, 17, 18, 19, 20, 21, 22, 23, 24, 25, 26, 27, 28, 29, 30, 31, 32, 33, 34, 35, 36, 37, 38, 39, 40, 41, 42, 43, 44, 45])İSTANBUL ZEYTİNBURNU BULVAR MAĞAZASI       =koordinat:40.991291,28.902605
ZEYTİNBURNU->dict_values([1, 2, 3, 4, 5, 6, 7, 8, 9, 10, 11, 12, 13, 14, 15, 16, 17, 18, 19, 20, 21, 22, 23, 24, 25, 26, 27, 28, 29, 30, 31, 32, 33, 34, 35, 36, 37, 38, 39, 40, 41, 42, 43, 44, 45])İSTANBUL ZEYTİNBURNU GÖKALP MAĞAZASI       =koordinat:40.992688,28.908406
ZEYTİNBURNU->dict_values([1, 2, 3, 4, 5, 6, 7, 8, 9, 10, 11, 12, 13, 14, 15, 16, 17, 18, 19, 20, 21, 22, 23, 24, 25, 26, 27, 28, 29, 30, 31, 32, 33, 34, 35, 36, 37, 38, 39, 40, 41, 42, 43, 44, 45])ŞOK MİNİ-OGUZKAAN MAĞAZASI                 =koordinat:40.992507,28.90688
ZEYTİNBURNU->dict_values([1, 2, 3, 4, 5, 6, 7, 8, 9, 10, 11, 12, 13, 14, 15, 16, 17, 18, 19, 20, 21, 22, 23, 24, 25, 26, 27, 28, 29, 30, 31, 32, 33, 34, 35, 36, 37, 38, 39, 40, 41, 42, 43, 44, 45])İSTANBUL ZEYTİNBURNU GENÇTÜRK              =koordinat:40.997328,28.895542
ZEYTİNBURNU->dict_values([1, 2, 3, 4, 5, 6, 7, 8, 9, 10, 11, 12, 13, 14, 15, 16, 17, 18, 19, 20, 21, 22, 23, 24, 25, 26, 27, 28, 29, 30, 31, 32, 33, 34, 35, 36, 37, 38, 39, 40, 41, 42, 43, 44, 45])ZEYTİNBURNU KARAGÜN MAĞAZASI               =koordinat:40.990933,28.904965
ZEYTİNBURNU->dict_values([1, 2, 3, 4, 5, 6, 7, 8, 9, 10, 11, 12, 13, 14, 15, 16, 17, 18, 19, 20, 21, 22, 23, 24, 25, 26, 27, 28, 29, 30, 31, 32, 33, 34, 35, 36, 37, 38, 39, 40, 41, 42, 43, 44, 45])ŞOK MİNİ-TELSİZ MAĞAZASI                   =koordinat:40.999121,28.914462
ZEYTİNBURNU->dict_values([1, 2, 3, 4, 5, 6, 7, 8, 9, 10, 11, 12, 13, 14, 15, 16, 17, 18, 19, 20, 21, 22, 23, 24, 25, 26, 27, 28, 29, 30, 31, 32, 33, 34, 35, 36, 37, 38, 39, 40, 41, 42, 43, 44, 45])İSTANBUL ZEYTİNBURNU SÜMER MAĞAZASI        =koordinat:40.985875,28.895375
ZEYTİNBURNU->dict_values([1, 2, 3, 4, 5, 6, 7, 8, 9, 10, 11, 12, 13, 14, 15, 16, 17, 18, 19, 20, 21, 22, 23, 24, 25, 26, 27, 28, 29, 30, 31, 32, 33, 34, 35, 36, 37, 38, 39, 40, 41, 42, 43, 44, 45])İSTANBUL SEYİTNİZAM ZEYTİNBURNU MAĞAZASI   =koordinat:41.003425,28.901947
ZEYTİNBURNU->dict_values([1, 2, 3, 4, 5, 6, 7, 8, 9, 10, 11, 12, 13, 14, 15, 16, 17, 18, 19, 20, 21, 22, 23, 24, 25, 26, 27, 28, 29, 30, 31, 32, 33, 34, 35, 36, 37, 38, 39, 40, 41, 42, 43, 44, 45])İSTANBUL KARABULUT TELSIZ MAĞAZASI         =koordinat:40.999438,28.911888
ZEYTİNBURNU->dict_values([1, 2, 3, 4, 5, 6, 7, 8, 9, 10, 11, 12, 13, 14, 15, 16, 17, 18, 19, 20, 21, 22, 23, 24, 25, 26, 27, 28, 29, 30, 31, 32, 33, 34, 35, 36, 37, 38, 39, 40, 41, 42, 43, 44, 45])ZEYTİNBURNU KUZEY MAĞAZASI                 =koordinat:41.00005334,28.89989323
ZEYTİNBURNU->dict_values([1, 2, 3, 4, 5, 6, 7, 8, 9, 10, 11, 12, 13, 14, 15, 16, 17, 18, 19, 20, 21, 22, 23, 24, 25, 26, 27, 28, 29, 30, 31, 32, 33, 34, 35, 36, 37, 38, 39, 40, 41, 42, 43, 44, 45])ZEYTİNBURNU VELİEFENDİ MAĞAZASI            =koordinat:40.993962,28.897535
ZEYTİNBURNU->dict_values([1, 2, 3, 4, 5, 6, 7, 8, 9, 10, 11, 12, 13, 14, 15, 16, 17, 18, 19, 20, 21, 22, 23, 24, 25, 26, 27, 28, 29, 30, 31, 32, 33, 34, 35, 36, 37, 38, 39, 40, 41, 42, 43, 44, 45])ZEYTİNBURNU ADLİYE MAĞAZASI                =koordinat:40.99447578,28.90126616
ZEYTİNBURNU->dict_values([1, 2, 3, 4, 5, 6, 7, 8, 9, 10, 11, 12, 13, 14, 15, 16, 17, 18, 19, 20, 21, 22, 23, 24, 25, 26, 27, 28, 29, 30, 31, 32, 33, 34, 35, 36, 37, 38, 39, 40, 41, 42, 43, 44, 45])ZEYTİNBURNU SUBAŞI MAĞAZASI                =koordinat:40.990326,28.900204
ZEYTİNBURNU->dict_values([1, 2, 3, 4, 5, 6, 7, 8, 9, 10, 11, 12, 13, 14, 15, 16, 17, 18, 19, 20, 21, 22, 23, 24, 25, 26, 27, 28, 29, 30, 31, 32, 33, 34, 35, 36, 37, 38, 39, 40, 41, 42, 43, 44, 45])ŞOK MİNİ-Z.BURNU ÇAGRIBEY MAĞAZASI         =koordinat:40.9895,28.8963
ZEYTİNBURNU->dict_values([1, 2, 3, 4, 5, 6, 7, 8, 9, 10, 11, 12, 13, 14, 15, 16, 17, 18, 19, 20, 21, 22, 23, 24, 25, 26, 27, 28, 29, 30, 31, 32, 33, 34, 35, 36, 37, 38, 39, 40, 41, 42, 43, 44, 45])İST. ZEYTİNBURNU HATBOYU MAĞAZASI          =koordinat:40.987361,28.900913
